IMU,248763685840360,0.21535404,2.0865414,9.647861,0.031012615,2.0510435,9.589716,0.19196425,0.31367907,-0.08429934
IMU,248763688048485,0.2105684,2.1343977,9.561719,0.016482906,2.061124,9.58759,0.23716825,0.332005,-0.09529491
IMU,248763690256663,0.19621146,2.1391835,9.504292,0.016482906,2.061124,9.58759,0.29092434,0.35033095,-0.1075122
IMU,248763692464840,0.148355,2.1535404,9.461221,0.016482906,2.061124,9.58759,0.33612835,0.36254823,-0.11484258
IMU,248763694672965,0.10049855,2.1822543,9.379865,-2.9451487E-4,2.077041,9.584168,0.38133234,0.36621344,-0.12217296
IMU,248763696881142,0.033499517,2.210968,9.312865,-2.9451487E-4,2.077041,9.584168,0.42042768,0.3686569,-0.12583815
IMU,248763699089319,-0.0526421,2.210968,9.255438,-2.9451487E-4,2.077041,9.584168,0.45952302,0.36743516,-0.13194679
IMU,248763701297496,-0.13399807,2.2348964,9.202796,-0.01859431,2.0981097,9.579561,0.49250972,0.3601048,-0.13194679
IMU,248763703505673,-0.21535404,2.2636101,9.15494,-0.037919983,2.1234012,9.573929,0.52671814,0.35033095,-0.13439025
IMU,248763705713798,-0.30149564,2.2731814,9.150154,-0.037919983,2.1234012,9.573929,0.55115277,0.332005,-0.13439025
IMU,248763707921975,-0.40677986,2.3018954,9.135797,-0.057117566,2.1519,9.567469,0.5719221,0.3112356,-0.13194679
IMU,248763710130100,-0.49292147,2.306681,9.116654,-0.057117566,2.1519,9.567469,0.5865829,0.28802276,-0.12828161
IMU,248763712338277,-0.5838487,2.3401806,9.145369,-0.057117566,2.1519,9.567469,0.6036871,0.27336198,-0.12339468
IMU,248763714546454,-0.6795616,2.359323,9.174082,-0.07562775,2.1822789,9.560456,0.60857403,0.24648394,-0.118507765
IMU,248763716754631,-0.7752745,2.3928227,9.2075815,-0.07562775,2.1822789,9.560456,0.6159044,0.22571453,-0.10995566
IMU,248763718962808,-0.8709874,2.4119651,9.236296,-0.093254805,2.2135396,9.553111,0.6159044,0.2037234,-0.100181825
IMU,248763721170933,-0.94277215,2.4454648,9.288938,-0.093254805,2.2135396,9.553111,0.61223924,0.18051054,-0.08918626
IMU,248763723379110,-1.0049855,2.4837499,9.365508,-0.093254805,2.2135396,9.553111,0.6024654,0.15729769,-0.07574723
IMU,248763725587288,-1.0767702,2.5028925,9.4229355,-0.10966623,2.2446609,9.545672,0.5865829,0.13408482,-0.062308207
IMU,248763727795465,-1.1150553,2.536392,9.509077,-0.124444194,2.274436,9.538441,0.5743656,0.116980605,-0.04886918
IMU,248763730003590,-1.1676974,2.5842485,9.590433,-0.124444194,2.274436,9.538441,0.5560397,0.098654665,-0.032986697
IMU,248763732211767,-1.1916257,2.6273193,9.623933,-0.124444194,2.274436,9.538441,0.536492,0.08032872,-0.018325943
IMU,248763734419944,-1.2155539,2.6656044,9.676575,-0.13758062,2.302539,9.531515,0.51816607,0.0632245,-0.0024434591
IMU,248763736628121,-1.2442678,2.713461,9.729217,-0.13758062,2.302539,9.531515,0.49617493,0.04367683,0.012217295
IMU,248763738836246,-1.2586247,2.7278178,9.738789,-0.14870651,2.3287706,9.524973,0.49617493,0.04367683,0.012217295
IMU,248763741044423,-1.2394822,2.7613173,9.743574,-0.14870651,2.3287706,9.524973,0.45585784,0.0058032153,0.039095346
IMU,248763743252600,-1.2299109,2.78046,9.762716,-0.15735975,2.3529823,9.518881,0.4338667,-0.014966187,0.05253437
IMU,248763745460777,-1.2011969,2.7948167,9.767502,-0.15735975,2.3529823,9.518881,0.41431904,-0.03573559,0.06352994
IMU,248763747668902,-1.1724831,2.8139594,9.753145,-0.15735975,2.3529823,9.518881,0.3996583,-0.05650499,0.07574723
IMU,248763749877079,-1.1102697,2.7996025,9.753145,-0.16299613,2.3752763,9.513248,0.38255405,-0.07971785,0.08429934
IMU,248763752085256,-1.0624132,2.7948167,9.729217,-0.16299613,2.3752763,9.513248,0.3678933,-0.10537417,0.092851445
IMU,248763754293381,-1.0097711,2.804388,9.74836,-0.16489859,2.3957293,9.508085,0.35567603,-0.13225223,0.10262528
IMU,248763756501558,-0.9619147,2.766103,9.757931,-0.16489859,2.3957293,9.508085,0.34956738,-0.15913028,0.10995566
IMU,248763758709735,-0.90448695,2.7565317,9.743574,-0.16489859,2.3957293,9.508085,0.34956738,-0.15913028,0.10995566
IMU,248763760917913,-0.8135597,2.7421749,9.74836,-0.16275163,2.4147673,9.503305,0.33612835,-0.21288638,0.12095123
IMU,248763763126038,-0.72263247,2.6991038,9.757931,-0.15635271,2.4326603,9.498847,0.3336849,-0.23365578,0.12705988
IMU,248763765334215,-0.6412765,2.684747,9.781859,-0.15635271,2.4326603,9.498847,0.3336849,-0.25320345,0.12950334
IMU,248763767542392,-0.5455636,2.6464617,9.762716,-0.15635271,2.4326603,9.498847,0.33612835,-0.2715294,0.13194679
IMU,248763769750569,-0.44027936,2.5986054,9.734002,-0.14611289,2.449835,9.494596,0.3434587,-0.2849684,0.13439025
IMU,248763771958694,-0.36370903,2.5698915,9.71486,-0.14611289,2.449835,9.494596,0.34712392,-0.29840744,0.13561198
IMU,248763774166871,-0.2727818,2.5459633,9.695718,-0.13259424,2.466836,9.490391,0.35567603,-0.309403,0.13439025
IMU,248763776375048,-0.2009971,2.5124638,9.671789,-0.13259424,2.466836,9.490391,0.36422813,-0.3167334,0.13561198
IMU,248763778583225,-0.12921242,2.4789643,9.619147,-0.11664038,2.4841247,9.48609,0.37400195,-0.32406378,0.13439025
IMU,248763780791350,-0.076570325,2.4598217,9.571291,-0.11664038,2.4841247,9.48609,0.38133234,-0.33139414,0.13194679
IMU,248763782999527,-0.009571291,2.4358935,9.5665045,-0.09897174,2.5019305,9.48161,0.39354962,-0.3338376,0.13072506
IMU,248763785207652,0.043070808,2.4311078,9.533006,-0.09897174,2.5019305,9.48161,0.41065386,-0.341168,0.12095123
IMU,248763787415881,0.09092726,2.4023938,9.489935,-0.09897174,2.5019305,9.48161,0.41065386,-0.341168,0.12095123
IMU,248763789624006,0.124426775,2.4119651,9.475577,-0.080107026,2.520439,9.476885,0.42164943,-0.34483317,0.118507765
IMU,248763791832183,0.18185452,2.4023938,9.466006,-0.080107026,2.520439,9.476885,0.43142325,-0.34849834,0.11362085
IMU,248763794040360,0.2009971,2.4119651,9.432507,-0.06032391,2.5398192,9.471856,0.43997535,-0.35338527,0.10873393
IMU,248763796248485,0.23449662,2.4215364,9.41815,-0.06032391,2.5398192,9.471856,0.45097092,-0.35338527,0.10262528
IMU,248763798456663,0.26799613,2.4311078,9.389436,-0.03998418,2.5602808,9.4664545,0.46196648,-0.35460702,0.09651663
IMU,248763800664840,0.31106696,2.4454648,9.360723,-0.03998418,2.5602808,9.4664545,0.4668534,-0.3594939,0.091629714
IMU,248763802873017,0.33020952,2.440679,9.317652,-0.018965315,2.5816126,9.460724,0.47174034,-0.36438084,0.08552107
IMU,248763805081142,0.35413775,2.4741786,9.293723,-0.018965315,2.5816126,9.460724,0.48151416,-0.3668243,0.07819069
IMU,248763807289319,0.38285163,2.4933212,9.23151,-0.018965315,2.5816126,9.460724,0.48640108,-0.37171122,0.07208204
IMU,248763809497496,0.39720857,2.5124638,9.23151,0.0025476548,2.6039965,9.454606,0.491288,-0.37293294,0.06475167
IMU,248763811705673,0.41635114,2.5220351,9.193225,0.0025476548,2.6039965,9.454606,0.4949532,-0.3753764,0.05986475
IMU,248763813913798,0.4211368,2.5268207,9.212367,0.0025476548,2.6039965,9.454606,0.4949532,-0.3753764,0.05986475
IMU,248763816121975,0.44985065,2.5507488,9.193225,0.024308158,2.6269786,9.4482155,0.491288,-0.38148504,0.046425723
IMU,248763818330152,0.45942193,2.5603201,9.193225,0.04621229,2.6499586,9.441714,0.49373147,-0.37904158,0.040317077
IMU,248763820538329,0.4642076,2.5746772,9.2075815,0.04621229,2.6499586,9.441714,0.48884454,-0.37781987,0.034208428
IMU,248763822746454,0.47856453,2.603391,9.217153,0.04621229,2.6499586,9.441714,0.48395762,-0.3753764,0.02932151
IMU,248763824954631,0.49292147,2.5986054,9.217153,0.06781251,2.6727166,9.435167,0.4741838,-0.37293294,0.02565632
IMU,248763827162808,0.49292147,2.6081767,9.212367,0.06781251,2.6727166,9.435167,0.4705186,-0.36804602,0.019547673
IMU,248763829370985,0.51206404,2.617748,9.19801,0.088958174,2.694662,9.428747,0.4705186,-0.36804602,0.019547673
IMU,248763831579110,0.53599226,2.617748,9.202796,0.088958174,2.694662,9.428747,0.4497492,-0.35705048,0.010995566
IMU,248763833787288,0.5407779,2.6129622,9.193225,0.088958174,2.694662,9.428747,0.4411971,-0.3509418,0.0061086477
IMU,248763835995465,0.526421,2.617748,9.202796,0.10949997,2.7156003,9.422522,0.43020153,-0.34727663,0.0024434591
IMU,248763838203642,0.52163535,2.603391,9.178867,0.12912223,2.735363,9.416555,0.42409286,-0.33750278,0.0
IMU,248763840411767,0.5312066,2.6081767,9.159725,0.12912223,2.735363,9.416555,0.4082104,-0.33139414,-0.0024434591
IMU,248763842619944,0.5312066,2.6081767,9.126225,0.12912223,2.735363,9.416555,0.3996583,-0.32162032,-0.0061086477
IMU,248763844828121,0.5407779,2.5938199,9.102298,0.14768587,2.7538333,9.410897,0.38988444,-0.3130682,-0.0097738365
IMU,248763847036246,0.5455636,2.5938199,9.068798,0.14768587,2.7538333,9.410897,0.38133234,-0.30329436,-0.013439025
IMU,248763849244423,0.5599205,2.5938199,9.0544405,0.16516387,2.7711484,9.405522,0.36422813,-0.29718572,-0.015882485
IMU,248763851452600,0.56470615,2.5842485,9.049655,0.16516387,2.7711484,9.405522,0.3507891,-0.28985533,-0.018325943
IMU,248763853660777,0.5838487,2.6081767,9.035298,0.18182759,2.78692,9.400554,0.33735007,-0.28252497,-0.021991132
IMU,248763855868954,0.61734825,2.5986054,9.030513,0.18182759,2.78692,9.400554,0.32391104,-0.27397284,-0.02565632
IMU,248763858077079,0.6269195,2.5938199,9.044869,0.18182759,2.78692,9.400554,0.3092503,-0.26053384,-0.02932151
IMU,248763860285256,0.64606214,2.603391,9.083155,0.19767919,2.8011978,9.395988,0.297033,-0.25320345,-0.034208428
IMU,248763862493433,0.6556334,2.6273193,9.150154,0.19767919,2.8011978,9.395988,0.28359398,-0.24220788,-0.036651887
IMU,248763864701558,0.6795616,2.6225336,9.169296,0.212519,2.8139114,9.391865,0.27137667,-0.23121232,-0.041538805
IMU,248763866909735,0.66041905,2.6416762,9.188439,0.212519,2.8139114,9.391865,0.2689332,-0.21288638,-0.045203995
IMU,248763869117913,0.6364908,2.6608188,9.23151,0.22588757,2.8255115,9.388069,0.2591594,-0.20311254,-0.047647454
IMU,248763871326090,0.63170516,2.6512475,9.255438,0.22588757,2.8255115,9.388069,0.251829,-0.1933387,-0.05131264
IMU,248763873534215,0.6221339,2.6751757,9.274581,0.23749557,2.8363366,9.384518,0.251829,-0.1933387,-0.05131264
IMU,248763875742392,0.6125626,2.6799614,9.303294,0.23749557,2.8363366,9.384518,0.2432769,-0.1725693,-0.056199558
IMU,248763877950569,0.6221339,2.6895328,9.3511505,0.24783288,2.8465738,9.38115,0.23716825,-0.16646065,-0.05864302
IMU,248763880158694,0.60777694,2.713461,9.389436,0.24783288,2.8465738,9.38115,0.23472479,-0.160352,-0.06108648
IMU,248763882366871,0.57906306,2.7278178,9.456435,0.24783288,2.8465738,9.38115,0.23350306,-0.15546508,-0.06108648
IMU,248763884575048,0.57906306,2.7230322,9.523434,0.25717762,2.8564565,9.377894,0.23594652,-0.14935644,-0.06475167
IMU,248763886783225,0.55034924,2.7708886,9.556933,0.25717762,2.8564565,9.377894,0.23716825,-0.14813471,-0.06475167
IMU,248763888991402,0.55513483,2.766103,9.60479,0.25717762,2.8564565,9.377894,0.23716825,-0.1432478,-0.06475167
IMU,248763891199527,0.5312066,2.7756743,9.667004,0.26564834,2.8663065,9.374652,0.23961172,-0.14202607,-0.06597339
IMU,248763893407704,0.5312066,2.7756743,9.71486,0.2715711,2.8775198,9.371047,0.24816382,-0.13469568,-0.067195125
IMU,248763895615881,0.5312066,2.804388,9.743574,0.2715711,2.8775198,9.371047,0.25305074,-0.13225223,-0.06597339
IMU,248763897824006,0.5168497,2.804388,9.762716,0.2769753,2.889433,9.367223,0.26282457,-0.12614357,-0.067195125
IMU,248763900032183,0.5168497,2.8091738,9.781859,0.2769753,2.889433,9.367223,0.2677115,-0.12370012,-0.06597339
IMU,248763902240360,0.5168497,2.8283165,9.810573,0.2769753,2.889433,9.367223,0.27748534,-0.1188132,-0.06597339
IMU,248763904448538,0.5024927,2.8378878,9.810573,0.2769753,2.889433,9.367223,0.27748534,-0.1188132,-0.06597339
IMU,248763906656663,0.4977071,2.8522446,9.815358,0.28195068,2.9021134,9.363153,0.2933678,-0.113926284,-0.067195125
IMU,248763908864840,0.4833502,2.8522446,9.820144,0.28195068,2.9021134,9.363153,0.2933678,-0.113926284,-0.067195125
IMU,248763911073017,0.47377887,2.8761728,9.815358,0.2865438,2.9157205,9.358785,0.3178024,-0.109039366,-0.068416856
IMU,248763913281194,0.4642076,2.900101,9.805787,0.29086325,2.930479,9.354041,0.3251328,-0.109039366,-0.06963859
IMU,248763915489319,0.4546363,2.900101,9.79143,0.29086325,2.930479,9.354041,0.342237,-0.1065959,-0.07208204
IMU,248763917697496,0.4354937,2.9096723,9.762716,0.29086325,2.930479,9.354041,0.35567603,-0.109039366,-0.07208204
IMU,248763919905673,0.4211368,2.9240294,9.705289,0.29503235,2.9466639,9.3488245,0.36300638,-0.11148282,-0.073303774
IMU,248763922113798,0.41156548,2.9240294,9.68136,0.29503235,2.9466639,9.3488245,0.3764454,-0.113926284,-0.074525505
IMU,248763924321975,0.39720857,2.9431717,9.628718,0.29503235,2.9466639,9.3488245,0.3764454,-0.113926284,-0.074525505
IMU,248763926530152,0.37806597,2.9383862,9.595219,0.2993731,2.9640193,9.343198,0.40210176,-0.12125666,-0.07819069
IMU,248763928738329,0.38285163,2.9383862,9.552148,0.2993731,2.9640193,9.343198,0.40210176,-0.12125666,-0.07819069
IMU,248763930946454,0.3493521,2.9336007,9.509077,0.30398986,2.9827547,9.337085,0.4253146,-0.1310305,-0.07941242
IMU,248763933154631,0.33499518,2.9575288,9.49472,0.30398986,2.9827547,9.337085,0.4253146,-0.1310305,-0.07941242
IMU,248763935362808,0.33020952,2.9479575,9.408579,0.30903566,3.0026786,9.33053,0.4424188,-0.1395826,-0.08307761
IMU,248763937570985,0.32063824,2.9479575,9.399008,0.30903566,3.0026786,9.33053,0.4497492,-0.14202607,-0.08307761
IMU,248763939779110,0.32542387,2.9623144,9.375079,0.30903566,3.0026786,9.33053,0.4497492,-0.14202607,-0.08307761
IMU,248763941987288,0.31585258,2.9575288,9.327223,0.3144368,3.02283,9.323841,0.4583013,-0.1432478,-0.08307761
IMU,248763944195465,0.31585258,2.9623144,9.322437,0.31987053,3.043588,9.316901,0.46196648,-0.14446951,-0.08185588
IMU,248763946403642,0.33499518,3.0005996,9.317652,0.31987053,3.043588,9.316901,0.46318823,-0.14446951,-0.08307761
IMU,248763948611767,0.34456646,2.9862428,9.312865,0.31987053,3.043588,9.316901,0.46318823,-0.14446951,-0.08307761
IMU,248763950819944,0.34456646,3.0245278,9.327223,0.3252755,3.0646758,9.309798,0.46807513,-0.13225223,-0.08185588
IMU,248763953028121,0.3397808,3.034099,9.284152,0.33019054,3.086051,9.302563,0.46807513,-0.12614357,-0.080634154
IMU,248763955236246,0.33499518,3.0388846,9.288938,0.33019054,3.086051,9.302563,0.4668534,-0.12125666,-0.080634154
IMU,248763957444423,0.3397808,3.048456,9.274581,0.33019054,3.086051,9.302563,0.46563166,-0.11270455,-0.080634154
IMU,248763959652600,0.3397808,3.0580273,9.2793665,0.3343808,3.107412,9.295299,0.4668534,-0.10293072,-0.080634154
IMU,248763961860777,0.34456646,3.0723844,9.255438,0.3343808,3.107412,9.295299,0.46440995,-0.094378605,-0.07819069
IMU,248763964068954,0.33020952,3.0915267,9.260223,0.3376313,3.1287305,9.288026,0.46196648,-0.0858265,-0.07819069
IMU,248763966277079,0.33020952,3.1154552,9.265009,0.3376313,3.1287305,9.288026,0.46318823,-0.0772744,-0.07574723
IMU,248763968485256,0.31585258,3.1250265,9.288938,0.33986613,3.150037,9.280741,0.46074477,-0.06750056,-0.073303774
IMU,248763970693433,0.32542387,3.1393833,9.30808,0.33986613,3.150037,9.280741,0.4583013,-0.06139191,-0.07086031
IMU,248763972901558,0.32063824,3.1441689,9.317652,0.34123394,3.1710913,9.273518,0.4583013,-0.050396346,-0.067195125
IMU,248763975109735,0.32542387,3.1680973,9.355937,0.34123394,3.1710913,9.273518,0.45952302,-0.041844238,-0.06475167
IMU,248763977317913,0.31106696,3.2015967,9.360723,0.34123394,3.1710913,9.273518,0.45707956,-0.03451386,-0.06108648
IMU,248763979526090,0.31585258,3.2015967,9.341579,0.34123394,3.1710913,9.273518,0.46074477,-0.023518294,-0.05742129
IMU,248763981734215,0.32542387,3.211168,9.375079,0.34191176,3.192409,9.266175,0.46196648,-0.021074835,-0.05497783
IMU,248763983942392,0.33020952,3.2303107,9.346365,0.34194604,3.2138648,9.258755,0.46440995,-0.014966187,-0.05253437
IMU,248763986150569,0.33499518,3.249453,9.336794,0.34194604,3.2138648,9.258755,0.46807513,-0.011300999,-0.05131264
IMU,248763988358694,0.32063824,3.2638102,9.317652,0.3416264,3.2356222,9.251185,0.47174034,-0.008857539,-0.04886918
IMU,248763990566871,0.33499518,3.2829528,9.274581,0.3416264,3.2356222,9.251185,0.47662723,-0.008857539,-0.04886918
IMU,248763992775048,0.33020952,3.2973096,9.245867,0.3416264,3.2356222,9.251185,0.48029244,-0.008857539,-0.047647454
IMU,248763994983225,0.32542387,3.2877383,9.2075815,0.34123904,3.257834,9.243402,0.48884454,-0.010079269,-0.046425723
IMU,248763997191350,0.32542387,3.2925239,9.135797,0.34123904,3.257834,9.243402,0.49250972,-0.012522728,-0.047647454
IMU,248763999399527,0.31106696,3.306881,9.08794,0.34100202,3.2806616,9.235332,0.49739665,-0.016187917,-0.04886918
IMU,248764001607704,0.32063824,3.3020952,9.035298,0.34100202,3.2806616,9.235332,0.49739665,-0.022296565,-0.050090913
IMU,248764003815881,0.30149564,3.2925239,8.9826565,0.3411414,3.3038208,9.227068,0.50106186,-0.025961753,-0.05131264
IMU,248764006024006,0.32542387,3.3116665,8.939586,0.3411414,3.3038208,9.227068,0.50106186,-0.03084867,-0.05131264
IMU,248764008232183,0.32542387,3.3020952,8.872586,0.34173372,3.327084,9.218683,0.4998401,-0.03573559,-0.0537561
IMU,248764010440360,0.31585258,3.2877383,8.853444,0.34173372,3.327084,9.218683,0.49739665,-0.040622506,-0.056199558
IMU,248764012648538,0.31585258,3.2733815,8.810373,0.34173372,3.327084,9.218683,0.49373147,-0.041844238,-0.05742129
IMU,248764014856663,0.33020952,3.2685957,8.772088,0.34173372,3.327084,9.218683,0.48884454,-0.041844238,-0.05864302
IMU,248764017064840,0.33020952,3.2685957,8.738588,0.3426632,3.350088,9.210314,0.48151416,-0.03940078,-0.06108648
IMU,248764019273017,0.3493521,3.2685957,8.695518,0.34349656,3.372514,9.202095,0.4754055,-0.03695732,-0.062308207
IMU,248764021481142,0.33499518,3.2733815,8.63809,0.34349656,3.372514,9.202095,0.46440995,-0.03329213,-0.06597339
IMU,248764023689319,0.3589234,3.2733815,8.599805,0.34392866,3.3940763,9.194148,0.45463613,-0.028405212,-0.067195125
IMU,248764025897496,0.3589234,3.2733815,8.566305,0.34392866,3.3940763,9.194148,0.4424188,-0.022296565,-0.068416856
IMU,248764028105673,0.37328035,3.2973096,8.52802,0.3437409,3.4144237,9.186618,0.42775807,-0.014966187,-0.068416856
IMU,248764030313798,0.36370903,3.3116665,8.489735,0.3437409,3.4144237,9.186618,0.41065386,-0.008857539,-0.06963859
IMU,248764032521975,0.37328035,3.3212378,8.480164,0.3437409,3.4144237,9.186618,0.39599308,-3.054324E-4,-0.07086031
IMU,248764034730152,0.38763726,3.3547373,8.4705925,0.3427942,3.433167,9.179665,0.3752237,0.0070249448,-0.07208204
IMU,248764036938329,0.4019942,3.37388,8.475378,0.3427942,3.433167,9.179665,0.35567603,0.015577052,-0.07208204
IMU,248764039146454,0.40677986,3.3690944,8.475378,0.34100702,3.449981,9.173426,0.33735007,0.024129158,-0.073303774
IMU,248764041354631,0.41635114,3.397808,8.456235,0.34100702,3.449981,9.173426,0.31902415,0.030237807,-0.07208204
IMU,248764043562808,0.40677986,3.426522,8.465807,0.33845055,3.464843,9.167917,0.29825473,0.037568185,-0.07208204
IMU,248764045770985,0.41156548,3.4408789,8.446664,0.33845055,3.464843,9.167917,0.28359398,0.04734202,-0.07086031
IMU,248764047979110,0.42592242,3.455236,8.422736,0.3351536,3.4779382,9.163079,0.26648977,0.051007207,-0.07086031
IMU,248764050187288,0.4211368,3.4791641,8.389236,0.3351536,3.4779382,9.163079,0.24816382,0.058337588,-0.07086031
IMU,248764052395465,0.42592242,3.493521,8.379665,0.3351536,3.4779382,9.163079,0.22983788,0.059559315,-0.068416856
IMU,248764054603590,0.4354937,3.493521,8.370093,0.33138627,3.4892266,9.158923,0.21151192,0.059559315,-0.06963859
IMU,248764056811767,0.44506502,3.5030923,8.370093,0.33138627,3.4892266,9.158923,0.19562945,0.060781047,-0.06963859
IMU,248764059019944,0.43070808,3.522235,8.355737,0.33138627,3.4892266,9.158923,0.19562945,0.060781047,-0.06963859
IMU,248764061228121,0.4546363,3.5174494,8.379665,0.32759035,3.49871,9.155441,0.15897755,0.058337588,-0.068416856
IMU,248764063436246,0.44027936,3.5557344,8.422736,0.3238863,3.5063608,9.152645,0.14187334,0.058337588,-0.068416856
IMU,248764065644423,0.44027936,3.5365918,8.475378,0.3238863,3.5063608,9.152645,0.12599087,0.057115857,-0.068416856
IMU,248764067852600,0.45942193,3.5557344,8.513663,0.32022697,3.51229,9.150499,0.11133011,0.058337588,-0.068416856
IMU,248764070060777,0.4881358,3.5892339,8.551949,0.32022697,3.51229,9.150499,0.09422589,0.059559315,-0.06963859
IMU,248764072268902,0.5072784,3.6083765,8.580662,0.32022697,3.51229,9.150499,0.084452055,0.065667965,-0.07208204
IMU,248764074477079,0.5455636,3.6179478,8.623733,0.31634122,3.5167353,9.148929,0.07223476,0.066889696,-0.073303774
IMU,248764076685256,0.5838487,3.6179478,8.652447,0.31634122,3.5167353,9.148929,0.058795735,0.066889696,-0.07696896
IMU,248764078893381,0.5886344,3.6275191,8.666803,0.3121981,3.51999,9.147819,0.052687086,0.07299834,-0.08185588
IMU,248764081101558,0.5886344,3.641876,8.671589,0.3121981,3.51999,9.147819,0.0490219,0.07788526,-0.08796453
IMU,248764083309735,0.5886344,3.6370904,8.666803,0.30756304,3.5224693,9.147021,0.034361143,0.07299834,-0.09407318
IMU,248764085517913,0.57906306,3.6275191,8.652447,0.30756304,3.5224693,9.147021,0.031917684,0.07422007,-0.10140356
IMU,248764087726038,0.57427746,3.603591,8.63809,0.30756304,3.5224693,9.147021,0.027030766,0.07299834,-0.106290475
IMU,248764089934215,0.5694918,3.5988052,8.618947,0.3027422,3.524289,9.146481,0.023365578,0.06933315,-0.112399116
IMU,248764092142392,0.5407779,3.5700915,8.63809,0.3027422,3.524289,9.146481,0.01847866,0.066889696,-0.12095123
IMU,248764094350569,0.526421,3.5653057,8.690732,0.2979048,3.5256596,9.1461115,0.014813471,0.065667965,-0.12583815
IMU,248764096558694,0.51206404,3.5653057,8.738588,0.2979048,3.5256596,9.1461115,0.008704823,0.060781047,-0.13072506
IMU,248764098766871,0.5024927,3.5557344,8.800801,0.29307717,3.526483,9.14595,0.003817905,0.058337588,-0.13683371
IMU,248764100975048,0.4642076,3.5509489,8.915657,0.29307717,3.526483,9.14595,-0.0035124724,0.058337588,-0.14172062
IMU,248764103183225,0.4354937,3.5413775,9.040084,0.2881143,3.5267203,9.146016,-0.002290743,0.059559315,-0.14416409
IMU,248764105391350,0.4019942,3.5557344,9.15494,0.2881143,3.5267203,9.146016,-0.008399391,0.059559315,-0.14660755
IMU,248764107599527,0.3684947,3.5796626,9.265009,0.2881143,3.5267203,9.146016,-0.007177661,0.062002774,-0.14782928
IMU,248764109807704,0.3493521,3.5940197,9.379865,0.28286612,3.526608,9.146224,-0.004734202,0.066889696,-0.14782928
IMU,248764112015829,0.33499518,3.6083765,9.475577,0.28286612,3.526608,9.146224,-0.004734202,0.066889696,-0.14782928
IMU,248764114224006,0.30149564,3.6370904,9.609575,0.2772156,3.5266438,9.146383,1.527162E-4,0.07177661,-0.14294235
IMU,248764116432183,0.28713873,3.67059,9.734002,0.2772156,3.5266438,9.146383,0.006261364,0.07666353,-0.14172062
IMU,248764118640360,0.2632105,3.694518,9.848858,0.2711817,3.5270805,9.146396,0.014813471,0.083993904,-0.13805544
IMU,248764120848485,0.2440679,3.7040894,9.954143,0.2711817,3.5270805,9.146396,0.014813471,0.083993904,-0.13805544
IMU,248764123056663,0.25842485,3.723232,10.054641,0.2647438,3.528327,9.146104,0.035582874,0.092546016,-0.13194679
IMU,248764125264840,0.24885355,3.7615173,10.145568,0.2647438,3.528327,9.146104,0.04657844,0.098654665,-0.12705988
IMU,248764127472965,0.22013968,3.751946,10.226924,0.2647438,3.528327,9.146104,0.061239194,0.10354158,-0.12339468
IMU,248764129681142,0.22013968,3.7567315,10.293923,0.2647438,3.528327,9.146104,0.061239194,0.10354158,-0.12339468
IMU,248764131889319,0.19621146,3.7567315,10.360922,0.25784785,3.5308218,9.145337,0.09789108,0.11209369,-0.11362085
IMU,248764134097496,0.19142582,3.7471602,10.3848505,0.25069523,3.5350497,9.143903,0.11866048,0.11331542,-0.10995566
IMU,248764136305621,0.19621146,3.7615173,10.408778,0.25069523,3.5350497,9.143903,0.14309508,0.11575887,-0.1075122
IMU,248764138513798,0.16271193,3.7328033,10.432707,0.24346685,3.5415492,9.1415825,0.14309508,0.11575887,-0.1075122
IMU,248764140721975,0.15792629,3.7136607,10.41835,0.24346685,3.5415492,9.1415825,0.16875139,0.11331542,-0.10384701
IMU,248764142930152,0.13399807,3.6897326,10.389636,0.23648007,3.550799,9.138177,0.22739442,0.1084285,-0.098960094
IMU,248764145138277,0.11964113,3.6370904,10.351351,0.23648007,3.550799,9.138177,0.25793764,0.10354158,-0.09651663
IMU,248764147346454,0.1052842,3.6083765,10.303494,0.23648007,3.550799,9.138177,0.2848157,0.09376775,-0.09407318
IMU,248764149554631,0.086141616,3.5892339,10.265209,0.23016371,3.563056,9.133567,0.3178024,0.083993904,-0.091629714
IMU,248764151762808,0.062213387,3.5509489,10.202995,0.23016371,3.563056,9.133567,0.34834564,0.0754418,-0.09040799
IMU,248764153970933,0.043070808,3.5174494,10.12164,0.22488323,3.5784347,9.127685,0.37888888,0.0632245,-0.08796453
IMU,248764156179110,0.019142581,3.5030923,10.054641,0.22488323,3.5784347,9.127685,0.4094321,0.05222894,-0.086742796
IMU,248764158387288,0.014356935,3.4743786,9.97807,0.22082815,3.596867,9.120535,0.43631017,0.037568185,-0.08429934
IMU,248764160595465,0.009571291,3.4504502,9.887143,0.22082815,3.596867,9.120535,0.46440995,0.024129158,-0.08307761
IMU,248764162803590,0.0047856453,3.4360933,9.810573,0.21821256,3.6181037,9.112195,0.49006626,0.011911863,-0.07941242
IMU,248764165011767,0.0047856453,3.4025939,9.686146,0.21821256,3.6181037,9.112195,0.50961393,-0.0051923506,-0.07696896
IMU,248764167219944,0.0,3.3786657,9.60479,0.21821256,3.6181037,9.112195,0.5328268,-0.018631376,-0.074525505
IMU,248764169428069,0.0047856453,3.3786657,9.523434,0.21722353,3.6416018,9.102854,0.5535962,-0.032070402,-0.07208204
IMU,248764171636246,0.0,3.359523,9.41815,0.21722353,3.6416018,9.102854,0.5707004,-0.046731155,-0.07086031
IMU,248764173844423,-0.0047856453,3.3690944,9.355937,0.21775609,3.667082,9.092606,0.58413947,-0.06139191,-0.067195125
IMU,248764176052600,-0.02871387,3.3643086,9.293723,0.21775609,3.667082,9.092606,0.6036871,-0.07116575,-0.06475167
IMU,248764178260725,-0.047856454,3.3834512,9.183653,0.21970098,3.6941032,9.0816145,0.60979575,-0.08704823,-0.062308207
IMU,248764180468902,-0.033499517,3.4025939,9.097511,0.21970098,3.6941032,9.0816145,0.6195696,-0.100487255,-0.05864302
IMU,248764182677079,-0.038285162,3.4360933,8.997013,0.21970098,3.6941032,9.0816145,0.6244565,-0.113926284,-0.056199558
IMU,248764184885204,-0.023928227,3.455236,8.915657,0.22316495,3.7220533,9.07011,0.62934345,-0.1273653,-0.0537561
IMU,248764187093329,-0.0047856453,3.493521,8.843872,0.22316495,3.7220533,9.07011,0.63056517,-0.1395826,-0.050090913
IMU,248764189301558,0.0,3.5318062,8.79123,0.22808069,3.7504556,9.058281,0.63056517,-0.14935644,-0.047647454
IMU,248764191509683,0.02871387,3.5653057,8.729017,0.22808069,3.7504556,9.058281,0.62812173,-0.160352,-0.045203995
IMU,248764193717860,0.047856454,3.6131623,8.676374,0.23419262,3.7788117,9.046331,0.6232348,-0.16890411,-0.045203995
IMU,248764195926038,0.06699903,3.6514473,8.623733,0.23419262,3.7788117,9.046331,0.6183479,-0.17501275,-0.046425723
IMU,248764198134215,0.06699903,3.67059,8.580662,0.24112521,3.806613,9.034486,0.6049088,-0.18234314,-0.045203995
IMU,248764200342392,0.08135597,3.6849468,8.5423765,0.24112521,3.806613,9.034486,0.59391326,-0.18723005,-0.045203995
IMU,248764202550517,0.10049855,3.694518,8.513663,0.24112521,3.806613,9.034486,0.5829177,-0.1847866,-0.045203995
IMU,248764204758694,0.076570325,3.7280176,8.484949,0.24847202,3.8332667,9.02301,0.5658135,-0.1847866,-0.045203995
IMU,248764206966871,0.0526421,3.694518,8.446664,0.24847202,3.8332667,9.02301,0.549931,-0.17989968,-0.045203995
IMU,248764209174996,0.019142581,3.6801612,8.446664,0.2554822,3.8583431,9.012119,0.5328268,-0.16890411,-0.045203995
IMU,248764211383173,0.033499517,3.7088752,8.441878,0.2554822,3.8583431,9.012119,0.50961393,-0.15790854,-0.041538805
IMU,248764213591350,0.076570325,3.751946,8.432307,0.2614839,3.881336,9.002069,0.48517936,-0.14569125,-0.037873615
IMU,248764215799527,0.124426775,3.7663028,8.384451,0.2614839,3.881336,9.002069,0.46440995,-0.12858704,-0.036651887
IMU,248764218007652,0.12921242,3.7854455,8.327023,0.26621574,3.902039,8.992975,0.43997535,-0.11514801,-0.035430156
IMU,248764220215829,0.148355,3.818945,8.279166,0.26621574,3.902039,8.992975,0.41187558,-0.10293072,-0.03176497
IMU,248764222424006,0.17706887,3.8524444,8.293523,0.26621574,3.902039,8.992975,0.3911062,-0.088269964,-0.028099779
IMU,248764224632079,0.18664017,3.8907297,8.260024,0.26975435,3.9202414,8.984951,0.36422813,-0.0736092,-0.02687805
IMU,248764226840308,0.21535404,3.9290147,8.250452,0.26975435,3.9202414,8.984951,0.33857182,-0.062613636,-0.023212861
IMU,248764229048485,0.21535404,3.9433718,8.23131,0.2721012,3.9359639,8.9780035,0.31413722,-0.051618073,-0.020769402
IMU,248764231256663,0.22492532,3.9768713,8.260024,0.2721012,3.9359639,8.9780035,0.28725916,-0.044287696,-0.019547673
IMU,248764233464788,0.22013968,4.005585,8.279166,0.27357423,3.949165,8.972158,0.26526803,-0.03329213,-0.017104214
IMU,248764235672965,0.22013968,4.024728,8.288737,0.27357423,3.949165,8.972158,0.24205516,-0.023518294,-0.014660755
IMU,248764237881142,0.2536392,4.063013,8.298309,0.27357423,3.949165,8.972158,0.21884231,-0.017409647,-0.013439025
IMU,248764240089319,0.24885355,4.106084,8.312666,0.27404672,3.9622667,8.966367,0.19929464,-0.010079269,-0.0097738365
IMU,248764242297444,0.2440679,4.125226,8.331808,0.27404672,3.9622667,8.966367,0.17974696,-0.0015271619,-0.008552107
IMU,248764244505621,0.25842485,4.139583,8.360522,0.27399957,3.9736238,8.961341,0.15897755,9.162972E-4,-0.0061086477
IMU,248764246713798,0.24885355,4.1491547,8.408379,0.27399957,3.9736238,8.961341,0.14187334,0.0070249448,-0.0048869182
IMU,248764248921923,0.25842485,4.1587257,8.456235,0.27358404,3.9829807,8.957198,0.12599087,0.010690134,-0.0024434591
IMU,248764251130100,0.23928227,4.1635113,8.489735,0.27358404,3.9829807,8.957198,0.110108376,0.011911863,-0.0012217296
IMU,248764253338277,0.2105684,4.168297,8.499306,0.27281252,3.990507,8.953872,0.09544762,0.013133593,0.0012217296
IMU,248764255546454,0.21535404,4.15394,8.518449,0.27281252,3.990507,8.953872,0.084452055,0.015577052,0.0061086477
IMU,248764257754579,0.19621146,4.1443686,8.523234,0.27281252,3.990507,8.953872,0.07223476,0.016798781,0.0073303776
IMU,248764259962756,0.20578274,4.1491547,8.499306,0.27175334,3.9965017,8.951229,0.062460925,0.015577052,0.008552107
IMU,248764262170933,0.18185452,4.130012,8.484949,0.27175334,3.9965017,8.951229,0.053908817,0.011911863,0.013439025
IMU,248764264379058,0.17228323,4.0965123,8.4705925,0.27083227,4.0014124,8.949063,0.044134982,0.008246674,0.014660755
IMU,248764266587235,0.148355,4.091727,8.484949,0.27083227,4.0014124,8.949063,0.0368046,0.0033597562,0.015882485
IMU,248764268795413,0.12921242,4.058227,8.484949,0.2700863,4.0051446,8.947415,0.031917684,9.162972E-4,0.018325943
IMU,248764271003590,0.13399807,4.0390844,8.465807,0.2700863,4.0051446,8.947415,0.020922119,-0.00641408,0.023212861
IMU,248764273211715,0.124426775,4.048656,8.499306,0.26981091,4.007734,8.946265,0.012370012,-0.012522728,0.02565632
IMU,248764275419892,0.10049855,4.0295134,8.499306,0.26981091,4.007734,8.946265,0.0074830935,-0.016187917,0.028099779
IMU,248764277628069,0.11006984,4.0151563,8.489735,0.26981091,4.007734,8.946265,0.0025961753,-0.019853106,0.032986697
IMU,248764279836246,0.11006984,3.9960139,8.508878,0.26995537,4.009467,8.945483,-0.0035124724,-0.024740024,0.035430156
IMU,248764282044371,0.10049855,3.991228,8.499306,0.26995537,4.009467,8.945483,-0.0108428495,-0.03084867,0.037873615
IMU,248764284252548,0.086141616,4.005585,8.532805,0.27069366,4.0103173,8.945081,-0.015729768,-0.03451386,0.041538805
IMU,248764286460725,0.10049855,4.005585,8.585447,0.27069366,4.0103173,8.945081,-0.023060145,-0.03940078,0.041538805
IMU,248764288668850,0.10049855,4.005585,8.590233,0.2718729,4.010394,8.945009,-0.030390523,-0.041844238,0.045203995
IMU,248764290877027,0.124426775,4.0007997,8.623733,0.2718729,4.010394,8.945009,-0.03161225,-0.043065965,0.046425723
IMU,248764293085204,0.13399807,4.0151563,8.671589,0.2734827,4.009814,8.945222,-0.03649917,-0.041844238,0.046425723
IMU,248764295293381,0.14356937,4.024728,8.705089,0.2734827,4.009814,8.945222,-0.042607818,-0.041844238,0.047647454
IMU,248764297501506,0.14356937,4.019942,8.7577305,0.2734827,4.009814,8.945222,-0.042607818,-0.041844238,0.046425723
IMU,248764299709683,0.12921242,4.034299,8.781659,0.27521154,4.008628,8.9457,-0.047494736,-0.038179047,0.046425723
IMU,248764301917860,0.124426775,4.019942,8.853444,0.27521154,4.008628,8.9457,-0.049938194,-0.032070402,0.047647454
IMU,248764304126038,0.124426775,4.034299,8.867801,0.27643004,4.0069184,8.946428,-0.051159926,-0.029626941,0.047647454
IMU,248764306334163,0.124426775,4.0295134,8.896515,0.27643004,4.0069184,8.946428,-0.052381653,-0.025961753,0.047647454
IMU,248764308542340,0.13878371,4.0438704,8.925228,0.27728286,4.00488,8.947314,-0.054825112,-0.022296565,0.04886918
IMU,248764310750517,0.14356937,4.0534415,8.939586,0.27728286,4.00488,8.947314,-0.053603385,-0.016187917,0.050090913
IMU,248764312958642,0.13399807,4.048656,8.9826565,0.27778262,4.00279,8.948234,-0.051159926,-0.012522728,0.050090913
IMU,248764315166819,0.13399807,4.034299,9.006584,0.27778262,4.00279,8.948234,-0.054825112,-0.013744458,0.05253437
IMU,248764317374996,0.13878371,4.0390844,9.059227,0.27778262,4.00279,8.948234,-0.049938194,-0.00763581,0.0537561
IMU,248764319583121,0.148355,4.0390844,9.068798,0.2780997,4.000398,8.949294,-0.049938194,-0.00763581,0.05497783
IMU,248764321791298,0.13878371,4.0390844,9.116654,0.2780997,4.000398,8.949294,-0.048716467,-0.0027488915,0.056199558
IMU,248764323999475,0.13399807,4.019942,9.174082,0.27821368,3.997941,8.950389,-0.047494736,-3.054324E-4,0.05864302
IMU,248764326207652,0.12921242,4.034299,9.202796,0.27821368,3.997941,8.950389,-0.04138609,0.0033597562,0.05986475
IMU,248764328415829,0.12921242,4.0103707,9.19801,0.2779472,3.9954796,8.951496,-0.03649917,0.0070249448,0.062308207
IMU,248764330623954,0.13399807,3.9960139,9.19801,0.2779472,3.9954796,8.951496,-0.032833982,0.0070249448,0.06352994
IMU,248764332832131,0.14356937,4.005585,9.202796,0.27765206,3.9933658,8.952448,-0.025503604,0.008246674,0.06597339
IMU,248764335040308,0.16271193,4.0007997,9.178867,0.27765206,3.9933658,8.952448,-0.019394957,0.009468404,0.067195125
IMU,248764337248433,0.17228323,3.991228,9.15494,0.27765206,3.9933658,8.952448,-0.013286309,0.0070249448,0.068416856
IMU,248764339456610,0.17228323,3.9960139,9.174082,0.27766806,3.9919393,8.953084,-0.00962112,0.0058032153,0.06963859
IMU,248764341664788,0.18664017,3.9960139,9.15494,0.27766806,3.9919393,8.953084,-0.002290743,9.162972E-4,0.06963859
IMU,248764343872913,0.2105684,4.0007997,9.131011,0.27815282,3.9911366,8.953427,0.006261364,-0.0027488915,0.06963859
IMU,248764346081090,0.2105684,3.9816568,9.107083,0.27815282,3.9911366,8.953427,0.0074830935,-0.008857539,0.07086031
IMU,248764348289267,0.23928227,3.9625144,9.083155,0.27941898,3.9910097,8.953444,0.01847866,-0.012522728,0.06963859
IMU,248764350497444,0.24885355,3.9673,9.073584,0.27941898,3.9910097,8.953444,0.024587307,-0.017409647,0.068416856
IMU,248764352705569,0.2632105,3.9673,9.035298,0.27941898,3.9910097,8.953444,0.029474225,-0.024740024,0.068416856
IMU,248764354913746,0.2632105,3.9768713,9.01137,0.2814646,3.9916096,8.953113,0.035582874,-0.029626941,0.06597339
IMU,248764357121923,0.28235307,3.9720855,9.01137,0.2814646,3.9916096,8.953113,0.04046979,-0.03573559,0.06352994
IMU,248764359330100,0.28235307,3.9768713,8.968299,0.28416175,3.992972,8.952419,0.04657844,-0.040622506,0.062308207
IMU,248764361538225,0.29192436,3.9768713,8.968299,0.28416175,3.992972,8.952419,0.050243627,-0.046731155,0.06108648
IMU,248764363746402,0.3062813,3.9816568,8.949157,0.2874873,3.9949555,8.951429,0.052687086,-0.052839804,0.05742129
IMU,248764365954579,0.3062813,3.9768713,8.930014,0.2874873,3.9949555,8.951429,0.057574004,-0.05650499,0.056199558
IMU,248764368162704,0.31585258,3.9864426,8.9108715,0.2913449,3.9973912,8.950216,0.058795735,-0.06017018,0.056199558
IMU,248764370370881,0.33020952,4.0007997,8.896515,0.2913449,3.9973912,8.950216,0.058795735,-0.06383537,0.0537561
IMU,248764372579058,0.3397808,4.0151563,8.877372,0.2913449,3.9973912,8.950216,0.058795735,-0.06750056,0.05253437
IMU,248764374787235,0.34456646,4.0103707,8.863015,0.2956817,4.000165,8.948834,0.058795735,-0.0736092,0.050090913
IMU,248764376995360,0.3493521,4.024728,8.848659,0.2956817,4.000165,8.948834,0.055130545,-0.0772744,0.050090913
IMU,248764379203538,0.3589234,4.034299,8.834301,0.300523,4.0030084,8.947401,0.053908817,-0.08093958,0.04886918
IMU,248764381411715,0.37806597,4.0534415,8.829515,0.300523,4.0030084,8.947401,0.055130545,-0.082161315,0.046425723
IMU,248764383619892,0.38763726,4.0534415,8.800801,0.30574927,4.005983,8.945892,0.050243627,-0.08460477,0.045203995
IMU,248764385828017,0.4019942,4.048656,8.819944,0.30574927,4.005983,8.945892,0.04535671,-0.0858265,0.043982264
IMU,248764388036194,0.41635114,4.048656,8.819944,0.30574927,4.005983,8.945892,0.04291325,-0.08460477,0.042760536
IMU,248764390244371,0.41635114,4.0295134,8.810373,0.31124005,4.0086093,8.944528,0.038026333,-0.0858265,0.039095346
IMU,248764392452496,0.41156548,4.024728,8.800801,0.31124005,4.0086093,8.944528,0.031917684,-0.083383046,0.039095346
IMU,248764394660673,0.41156548,4.024728,8.796016,0.31663865,4.0106564,8.94342,0.030695954,-0.0772744,0.036651887
IMU,248764396868850,0.3924229,4.0103707,8.786445,0.31663865,4.0106564,8.94342,0.027030766,-0.074830934,0.035430156
IMU,248764399077027,0.4019942,4.019942,8.752945,0.31663865,4.0106564,8.94342,0.024587307,-0.06994402,0.036651887
IMU,248764401285152,0.3924229,4.0103707,8.752945,0.3214256,4.012365,8.942483,0.01970039,-0.06627883,0.036651887
IMU,248764403493329,0.3924229,4.019942,8.743374,0.32576388,4.0137534,8.941702,0.013591741,-0.06383537,0.036651887
IMU,248764405701506,0.38763726,4.019942,8.71466,0.32576388,4.0137534,8.941702,0.008704823,-0.0650571,0.039095346
IMU,248764407909631,0.38763726,4.0151563,8.71466,0.32576388,4.0137534,8.941702,0.0050396346,-0.06139191,0.039095346
IMU,248764410117808,0.39720857,4.024728,8.738588,0.3299235,4.0147386,8.941109,0.0050396346,-0.06139191,0.039095346
IMU,248764412325985,0.3924229,4.0151563,8.743374,0.3299235,4.0147386,8.941109,-0.0059559317,-0.06017018,0.041538805
IMU,248764414534110,0.39720857,4.0151563,8.748159,0.33403438,4.0151772,8.940759,-0.008399391,-0.05650499,0.042760536
IMU,248764416742288,0.38763726,4.019942,8.7577305,0.33403438,4.0151772,8.940759,-0.014508039,-0.055283263,0.042760536
IMU,248764418950465,0.35413775,4.0295134,8.772088,0.3378091,4.0151157,8.940644,-0.018173227,-0.050396346,0.045203995
IMU,248764421158642,0.37328035,4.0151563,8.772088,0.3378091,4.0151157,8.940644,-0.021838415,-0.047952887,0.047647454
IMU,248764423366767,0.36370903,4.0295134,8.772088,0.3378091,4.0151157,8.940644,-0.021838415,-0.041844238,0.046425723
IMU,248764425574944,0.35413775,4.0295134,8.772088,0.34105954,4.0146832,8.940715,-0.025503604,-0.03940078,0.04886918
IMU,248764427783121,0.3493521,4.024728,8.7673025,0.34385076,4.014048,8.940893,-0.027947064,-0.03451386,0.05131264
IMU,248764429991246,0.3493521,4.024728,8.7577305,0.34385076,4.014048,8.940893,-0.027947064,-0.03084867,0.0537561
IMU,248764432199423,0.35413775,4.058227,8.776874,0.34385076,4.014048,8.940893,-0.032833982,-0.03084867,0.05742129
IMU,248764434407600,0.3684947,4.0534415,8.762517,0.3464615,4.0132957,8.94113,-0.0377209,-0.03329213,0.05864302
IMU,248764436615777,0.37328035,4.048656,8.772088,0.3464615,4.0132957,8.94113,-0.04138609,-0.032070402,0.062308207
IMU,248764438823902,0.36370903,4.0534415,8.762517,0.34931216,4.012228,8.941499,-0.04016436,-0.027183482,0.06475167
IMU,248764441032079,0.3589234,4.063013,8.786445,0.34931216,4.012228,8.941499,-0.04382955,-0.027183482,0.06597339
IMU,248764443240256,0.35413775,4.0677986,8.786445,0.351975,4.0110064,8.941942,-0.046273008,-0.028405212,0.067195125
IMU,248764445448433,0.35413775,4.0534415,8.796016,0.351975,4.0110064,8.941942,-0.048716467,-0.027183482,0.07086031
IMU,248764447656558,0.35413775,4.0677986,8.796016,0.351975,4.0110064,8.941942,-0.051159926,-0.027183482,0.07208204
IMU,248764449864735,0.34456646,4.0677986,8.762517,0.3546532,4.0094833,8.94252,-0.053603385,-0.025961753,0.073303774
IMU,248764452072913,0.33020952,4.048656,8.7577305,0.3546532,4.0094833,8.94252,-0.054825112,-0.025961753,0.07574723
IMU,248764454281090,0.32542387,4.058227,8.738588,0.35718042,4.007855,8.943149,-0.056046844,-0.024740024,0.07574723
IMU,248764456489215,0.3397808,4.0438704,8.748159,0.35718042,4.007855,8.943149,-0.06459895,-0.03084867,0.07696896
IMU,248764458697392,0.33499518,4.0438704,8.700303,0.35985947,4.0059156,8.943911,-0.063377224,-0.03084867,0.07819069
IMU,248764460905569,0.35413775,4.034299,8.700303,0.35985947,4.0059156,8.943911,-0.06826414,-0.032070402,0.07819069
IMU,248764463113694,0.3397808,4.0438704,8.685946,0.3628241,4.0037007,8.944782,-0.07315106,-0.03451386,0.07941242
IMU,248764465321871,0.38285163,4.0295134,8.676374,0.3628241,4.0037007,8.944782,-0.07925971,-0.038179047,0.080634154
IMU,248764467530048,0.3684947,4.024728,8.671589,0.3628241,4.0037007,8.944782,-0.08170316,-0.03695732,0.08185588
IMU,248764469738173,0.4019942,4.005585,8.666803,0.36625564,4.000986,8.945857,-0.089033544,-0.03940078,0.08185588
IMU,248764471946350,0.42592242,4.005585,8.647661,0.36625564,4.000986,8.945857,-0.09636392,-0.038179047,0.07941242
IMU,248764474154527,0.42592242,3.9720855,8.666803,0.37003523,3.9975693,8.947228,-0.09880738,-0.03573559,0.080634154
IMU,248764476362704,0.45942193,3.9816568,8.657232,0.37003523,3.9975693,8.947228,-0.1122464,-0.038179047,0.07941242
IMU,248764478570829,0.4833502,3.9481573,8.642876,0.37404343,3.9932272,8.949001,-0.11713332,-0.03695732,0.07819069
IMU,248764480779006,0.49292147,3.952943,8.6141615,0.37404343,3.9932272,8.949001,-0.12568542,-0.03329213,0.07819069
IMU,248764482987183,0.5024927,3.9242291,8.609376,0.37806895,3.988081,8.951127,-0.13179408,-0.028405212,0.074525505
IMU,248764485195308,0.52163535,3.9290147,8.595019,0.37806895,3.988081,8.951127,-0.13912445,-0.024740024,0.07086031
IMU,248764487403485,0.5455636,3.9098723,8.585447,0.37806895,3.988081,8.951127,-0.14889829,-0.018631376,0.06963859
IMU,248764489611663,0.5455636,3.885944,8.566305,0.38179544,3.9821298,8.953617,-0.15867212,-0.012522728,0.068416856
IMU,248764491819840,0.5407779,3.8476589,8.580662,0.38179544,3.9821298,8.953617,-0.16844596,-0.00641408,0.06597339
IMU,248764494027965,0.57427746,3.8476589,8.585447,0.38493818,3.9749131,8.956689,-0.1782198,9.162972E-4,0.06597339
IMU,248764496236142,0.56470615,3.842873,8.585447,0.38493818,3.9749131,8.956689,-0.18921536,0.008246674,0.06352994
IMU,248764498444319,0.5694918,3.8476589,8.585447,0.3874181,3.966561,8.960284,-0.1989892,0.01802051,0.062308207
IMU,248764500652444,0.57906306,3.8380876,8.60459,0.3874181,3.966561,8.960284,-0.2112065,0.024129158,0.06108648
IMU,248764502860621,0.5886344,3.8333018,8.599805,0.38915533,3.9570851,8.964397,-0.22098033,0.031459536,0.05986475
IMU,248764505068798,0.5886344,3.8620157,8.618947,0.38915533,3.9570851,8.964397,-0.23075417,0.035124727,0.05864302
IMU,248764507276975,0.57427746,3.8524444,8.623733,0.38915533,3.9570851,8.964397,-0.23930627,0.038789913,0.056199558
IMU,248764509485100,0.57427746,3.8620157,8.6141615,0.3903529,3.9467733,8.96889,-0.25152358,0.040011644,0.05497783
IMU,248764511693225,0.5694918,3.871587,8.595019,0.3903529,3.9467733,8.96889,-0.25885394,0.041233372,0.05497783
IMU,248764513901454,0.55034924,3.871587,8.575876,0.3903529,3.9467733,8.96889,-0.25885394,0.041233372,0.05497783
IMU,248764516109631,0.5312066,3.8763726,8.56152,0.39121512,3.935735,8.973702,-0.27473643,0.038789913,0.050090913
IMU,248764518317756,0.51206404,3.8763726,8.551949,0.39182547,3.9242196,8.978717,-0.27962336,0.033902995,0.047647454
IMU,248764520525933,0.5024927,3.8668015,8.551949,0.39182547,3.9242196,8.978717,-0.28817546,0.031459536,0.045203995
IMU,248764522734110,0.4881358,3.871587,8.571091,0.39182547,3.9242196,8.978717,-0.29794928,0.024129158,0.043982264
IMU,248764524942235,0.46899325,3.8811584,8.623733,0.39248297,3.9119937,8.984022,-0.30405796,0.01802051,0.041538805
IMU,248764527150413,0.44985065,3.8620157,8.743374,0.39248297,3.9119937,8.984022,-0.31383178,0.011911863,0.039095346
IMU,248764529358590,0.41156548,3.8620157,8.848659,0.39248297,3.9119937,8.984022,-0.31994042,0.011911863,0.035430156
IMU,248764531566715,0.37328035,3.8476589,8.953942,0.39325386,3.898693,8.989768,-0.32360563,0.011911863,0.035430156
IMU,248764533774892,0.33020952,3.842873,9.030513,0.39325386,3.898693,8.989768,-0.32360563,0.011911863,0.035430156
IMU,248764535983069,0.28713873,3.842873,9.083155,0.3932752,3.884081,8.99609,-0.3260491,0.015577052,0.034208428
IMU,248764538191246,0.2536392,3.8476589,9.131011,0.39208466,3.86882,9.002716,-0.33093598,0.024129158,0.032986697
IMU,248764540399371,0.24885355,3.8476589,9.15494,0.39208466,3.86882,9.002716,-0.32849252,0.027794348,0.034208428
IMU,248764542607548,0.23928227,3.8285162,9.178867,0.39208466,3.86882,9.002716,-0.3272708,0.030237807,0.036651887
IMU,248764544815725,0.22971097,3.8380876,9.212367,0.3901948,3.853436,9.009394,-0.32482734,0.029016078,0.036651887
IMU,248764547023850,0.22971097,3.818945,9.217153,0.3901948,3.853436,9.009394,-0.3187187,0.030237807,0.037873615
IMU,248764549232027,0.19621146,3.8141594,9.226724,0.38812625,3.8382776,9.015951,-0.31261006,0.033902995,0.039095346
IMU,248764551440204,0.2009971,3.7950168,9.245867,0.38812625,3.8382776,9.015951,-0.3065014,0.032681264,0.040317077
IMU,248764553648381,0.2105684,3.7854455,9.284152,0.38578996,3.8235264,9.022317,-0.3028362,0.032681264,0.042760536
IMU,248764555856506,0.19142582,3.7806597,9.293723,0.38578996,3.8235264,9.022317,-0.2942841,0.031459536,0.045203995
IMU,248764558064683,0.19621146,3.7758741,9.322437,0.38578996,3.8235264,9.022317,-0.28817546,0.026572619,0.047647454
IMU,248764560272860,0.18664017,3.7615173,9.332008,0.38367984,3.8092155,9.028458,-0.2784016,0.029016078,0.050090913
IMU,248764562481038,0.19621146,3.751946,9.370294,0.38367984,3.8092155,9.028458,-0.26740605,0.030237807,0.05497783
IMU,248764564689163,0.19621146,3.751946,9.379865,0.381654,3.7956228,9.034266,-0.25885394,0.029016078,0.05864302
IMU,248764566897340,0.2105684,3.7567315,9.403793,0.381654,3.7956228,9.034266,-0.24785839,0.030237807,0.06108648
IMU,248764569105517,0.2105684,3.7280176,9.41815,0.3798658,3.7829204,9.039668,-0.240528,0.030237807,0.06352994
IMU,248764571313642,0.23449662,3.751946,9.427721,0.3798658,3.7829204,9.039668,-0.22708899,0.031459536,0.068416856
IMU,248764573521819,0.23928227,3.7184465,9.432507,0.3798658,3.7829204,9.039668,-0.21731515,0.030237807,0.07086031
IMU,248764575729944,0.2536392,3.7184465,9.442079,0.37837592,3.7711508,9.044647,-0.20509785,0.031459536,0.074525505
IMU,248764577938121,0.26799613,3.7184465,9.408579,0.37716693,3.7605078,9.049128,-0.19288056,0.035124727,0.07696896
IMU,248764580146298,0.25842485,3.694518,9.41815,0.37716693,3.7605078,9.049128,-0.18432845,0.035124727,0.080634154
IMU,248764582354475,0.27756742,3.6849468,9.408579,0.37716693,3.7605078,9.049128,-0.17333288,0.036346454,0.08307761
IMU,248764584562652,0.28235307,3.6849468,9.394221,0.37716693,3.7605078,9.049128,-0.17333288,0.036346454,0.08307761
IMU,248764586770777,0.29192436,3.6801612,9.389436,0.37607986,3.750827,9.053189,-0.15256348,0.038789913,0.09040799
IMU,248764588978954,0.31106696,3.67059,9.355937,0.37520248,3.7422667,9.056768,-0.14278965,0.040011644,0.092851445
IMU,248764591187131,0.31585258,3.6801612,9.365508,0.37520248,3.7422667,9.056768,-0.13423753,0.040011644,0.09529491
IMU,248764593395256,0.32063824,3.67059,9.360723,0.37459922,3.734743,9.059898,-0.12568542,0.040011644,0.09773836
IMU,248764595603433,0.32542387,3.6658044,9.317652,0.37459922,3.734743,9.059898,-0.11713332,0.038789913,0.09773836
IMU,248764597811610,0.33499518,3.6658044,9.298509,0.37459922,3.734743,9.059898,-0.11102467,0.037568185,0.100181825
IMU,248764600019735,0.3589234,3.6658044,9.265009,0.37425628,3.728162,9.062622,-0.09880738,0.038789913,0.10140356
IMU,248764602227913,0.38763726,3.6658044,9.255438,0.37425628,3.728162,9.062622,-0.095142186,0.036346454,0.100181825
IMU,248764604436090,0.38763726,3.6610186,9.241081,0.37436497,3.7226355,9.06489,-0.08781181,0.037568185,0.10140356
IMU,248764606644267,0.3924229,3.6514473,9.19801,0.37436497,3.7226355,9.06489,-0.08048143,0.035124727,0.10140356
IMU,248764608852392,0.3924229,3.656233,9.169296,0.37469792,3.7179055,9.066817,-0.07315106,0.036346454,0.098960094
IMU,248764611060569,0.41156548,3.6323047,9.140582,0.37469792,3.7179055,9.066817,-0.069485866,0.032681264,0.09773836
IMU,248764613268746,0.4019942,3.641876,9.12144,0.37469792,3.7179055,9.066817,-0.06582068,0.030237807,0.09773836
IMU,248764615476923,0.4354937,3.656233,9.107083,0.37527624,3.7138608,9.068451,-0.062155493,0.030237807,0.09651663
IMU,248764617685048,0.4642076,3.6466618,9.102298,0.37527624,3.7138608,9.068451,-0.06093376,0.026572619,0.09407318
IMU,248764619893173,0.47377887,3.6227336,9.107083,0.37631467,3.7103333,9.069851,-0.057268575,0.027794348,0.09040799
IMU,248764622101402,0.4833502,3.6370904,9.111869,0.37631467,3.7103333,9.069851,-0.057268575,0.027794348,0.08918626
IMU,248764624309527,0.49292147,3.641876,9.135797,0.37756887,3.706885,9.07121,-0.057268575,0.027794348,0.08796453
IMU,248764626517704,0.49292147,3.6323047,9.116654,0.37756887,3.706885,9.07121,-0.056046844,0.027794348,0.086742796
IMU,248764628725881,0.52163535,3.641876,9.12144,0.3789037,3.7034562,9.072554,-0.06093376,0.027794348,0.08307761
IMU,248764630934006,0.52163535,3.6466618,9.135797,0.3789037,3.7034562,9.072554,-0.056046844,0.030237807,0.07941242
IMU,248764633142183,0.526421,3.6323047,9.145369,0.3801736,3.7001038,9.073868,-0.056046844,0.031459536,0.07574723
IMU,248764635350360,0.5455636,3.641876,9.150154,0.3801736,3.7001038,9.073868,-0.054825112,0.035124727,0.073303774
IMU,248764637558538,0.5455636,3.6466618,9.164511,0.3801736,3.7001038,9.073868,-0.051159926,0.037568185,0.06963859
IMU,248764639766663,0.5455636,3.6514473,9.145369,0.38119277,3.696922,9.075122,-0.047494736,0.040011644,0.06597339
IMU,248764641974840,0.53599226,3.641876,9.164511,0.38119277,3.696922,9.075122,-0.047494736,0.040011644,0.06597339
IMU,248764644183017,0.53599226,3.6370904,9.150154,0.3818175,3.6940937,9.076248,-0.042607818,0.042455103,0.056199558
IMU,248764646391142,0.55034924,3.6466618,9.150154,0.3818175,3.6940937,9.076248,-0.04138609,0.04367683,0.0537561
IMU,248764648599319,0.5455636,3.6323047,9.15494,0.38216045,3.6915085,9.077285,-0.04016436,0.044898562,0.04886918
IMU,248764650807496,0.55034924,3.641876,9.174082,0.38216045,3.6915085,9.077285,-0.04016436,0.04367683,0.045203995
IMU,248764653015673,0.55513483,3.6227336,9.19801,0.38237363,3.6889822,9.078303,-0.03527744,0.04367683,0.040317077
IMU,248764655223798,0.53599226,3.6514473,9.221938,0.38237363,3.6889822,9.078303,-0.03405571,0.04367683,0.037873615
IMU,248764657431975,0.5599205,3.6514473,9.226724,0.38237363,3.6889822,9.078303,-0.030390523,0.042455103,0.034208428
IMU,248764659640152,0.55034924,3.6658044,9.23151,0.38244453,3.6867485,9.079207,-0.027947064,0.042455103,0.02932151
IMU,248764661848329,0.5599205,3.6658044,9.245867,0.38244453,3.6867485,9.079207,-0.023060145,0.041233372,0.02565632
IMU,248764664056454,0.55513483,3.6514473,9.221938,0.38243574,3.6849756,9.079927,-0.023060145,0.041233372,0.02565632
IMU,248764666264631,0.5312066,3.656233,9.250652,0.38243574,3.6849756,9.079927,-0.018173227,0.038789913,0.017104214
IMU,248764668472808,0.5407779,3.6466618,9.241081,0.38223588,3.6834702,9.080547,-0.013286309,0.040011644,0.014660755
IMU,248764670680933,0.5312066,3.6514473,9.226724,0.38223588,3.6834702,9.080547,-0.007177661,0.040011644,0.0097738365
IMU,248764672889110,0.526421,3.6370904,9.217153,0.38193825,3.6823626,9.081008,-0.008399391,0.033902995,0.0073303776
IMU,248764675097288,0.4977071,3.6131623,9.178867,0.38193825,3.6823626,9.081008,1.527162E-4,0.035124727,0.0048869182
IMU,248764677305413,0.5024927,3.6227336,9.159725,0.38193825,3.6823626,9.081008,0.006261364,0.032681264,0.0024434591
IMU,248764679513590,0.4977071,3.641876,9.159725,0.3814806,3.6818001,9.081255,0.009926553,0.027794348,-0.0012217296
IMU,248764681721767,0.49292147,3.641876,9.145369,0.3814806,3.6818001,9.081255,0.011148282,0.022907428,-0.0036651888
IMU,248764683929892,0.4881358,3.6514473,9.150154,0.38128138,3.6818597,9.08124,0.01725693,0.01924224,-0.0061086477
IMU,248764686138069,0.47377887,3.6514473,9.15494,0.38128138,3.6818597,9.08124,0.01970039,0.014355322,-0.008552107
IMU,248764688346246,0.4833502,3.67059,9.135797,0.3812629,3.6824157,9.081016,0.023365578,0.013133593,-0.010995566
IMU,248764690554423,0.46899325,3.67059,9.150154,0.3812629,3.6824157,9.081016,0.024587307,0.0070249448,-0.010995566
IMU,248764692762548,0.46899325,3.6753755,9.126225,0.3812629,3.6824157,9.081016,0.030695954,0.009468404,-0.013439025
IMU,248764694970725,0.47377887,3.6849468,9.12144,0.38138956,3.6834323,9.080598,0.031917684,0.0070249448,-0.013439025
IMU,248764697178902,0.47856453,3.694518,9.092726,0.38138956,3.6834323,9.080598,0.0368046,0.0058032153,-0.015882485
IMU,248764699387027,0.46899325,3.7040894,9.078369,0.38138956,3.6834323,9.080598,0.038026333,0.0058032153,-0.017104214
IMU,248764701595204,0.47377887,3.6897326,9.083155,0.3816111,3.6849895,9.079957,0.04046979,0.0070249448,-0.017104214
IMU,248764703803381,0.4881358,3.7136607,9.0544405,0.38180342,3.6869295,9.079161,0.041691523,0.004581486,-0.017104214
IMU,248764706011506,0.45942193,3.6993039,9.030513,0.38180342,3.6869295,9.079161,0.041691523,0.0070249448,-0.020769402
IMU,248764708219683,0.4354937,3.7184465,9.020942,0.38180342,3.6869295,9.079161,0.041691523,0.0070249448,-0.020769402
IMU,248764710427860,0.44985065,3.7184465,9.030513,0.38176504,3.6891458,9.078261,0.04535671,0.011911863,-0.018325943
IMU,248764712636038,0.44027936,3.7136607,9.030513,0.38176504,3.6891458,9.078261,0.04046979,0.013133593,-0.017104214
IMU,248764714844163,0.4354937,3.723232,9.059227,0.38176504,3.6891458,9.078261,0.03924806,0.014355322,-0.018325943
IMU,248764717052340,0.44506502,3.751946,9.035298,0.38140857,3.6914372,9.077346,0.038026333,0.01802051,-0.018325943
IMU,248764719260517,0.44027936,3.7423747,9.0544405,0.38080728,3.6936,9.076491,0.0368046,0.02046397,-0.017104214
IMU,248764721468694,0.4211368,3.737589,9.040084,0.38080728,3.6936,9.076491,0.0368046,0.029016078,-0.014660755
IMU,248764723676819,0.4354937,3.737589,9.049655,0.37972528,3.6956613,9.075698,0.034361143,0.030237807,-0.015882485
IMU,248764725884996,0.4354937,3.7280176,9.020942,0.37972528,3.6956613,9.075698,0.0368046,0.040011644,-0.015882485
IMU,248764728093173,0.4211368,3.7280176,9.006584,0.37806198,3.6977057,9.074934,0.035582874,0.04367683,-0.015882485
IMU,248764730301298,0.42592242,3.723232,8.992228,0.37806198,3.6977057,9.074934,0.034361143,0.04612029,-0.017104214
IMU,248764732509475,0.42592242,3.7471602,8.973084,0.37806198,3.6977057,9.074934,0.033139415,0.04978548,-0.017104214
IMU,248764734717652,0.43070808,3.7040894,8.939586,0.37599838,3.6997843,9.074172,0.034361143,0.054672398,-0.015882485
IMU,248764736925777,0.41635114,3.6897326,8.939586,0.37599838,3.6997843,9.074172,0.033139415,0.058337588,-0.015882485
IMU,248764739133954,0.41156548,3.6801612,8.915657,0.37356496,3.7016795,9.0735,0.031917684,0.059559315,-0.015882485
IMU,248764741342131,0.41156548,3.6849468,8.925228,0.37356496,3.7016795,9.0735,0.029474225,0.060781047,-0.017104214
IMU,248764743550308,0.4211368,3.6897326,8.906086,0.370884,3.7033732,9.072919,0.028252495,0.0632245,-0.017104214
IMU,248764745758433,0.4211368,3.6801612,8.925228,0.370884,3.7033732,9.072919,0.024587307,0.06444623,-0.015882485
IMU,248764747966610,0.41635114,3.6849468,8.9348,0.36813402,3.704713,9.072484,0.01970039,0.065667965,-0.014660755
IMU,248764750174788,0.4019942,3.6801612,8.944371,0.36813402,3.704713,9.072484,0.01847866,0.066889696,-0.015882485
IMU,248764752382913,0.40677986,3.6658044,8.949157,0.36813402,3.704713,9.072484,0.016035201,0.06811142,-0.015882485
IMU,248764754591090,0.38285163,3.6753755,8.958728,0.36813402,3.704713,9.072484,0.013591741,0.06933315,-0.015882485
IMU,248764756799267,0.3924229,3.67059,8.968299,0.3651525,3.7056477,9.072223,0.011148282,0.07055488,-0.017104214
IMU,248764759007392,0.38285163,3.6658044,8.968299,0.36188534,3.7062788,9.072096,0.009926553,0.07299834,-0.017104214
IMU,248764761215569,0.38763726,3.6610186,8.968299,0.36188534,3.7062788,9.072096,0.0050396346,0.07299834,-0.017104214
IMU,248764763423694,0.3684947,3.6658044,8.968299,0.35848475,3.70654,9.0721245,0.0025961753,0.07299834,-0.017104214
IMU,248764765631923,0.35413775,3.6658044,8.992228,0.35848475,3.70654,9.0721245,0.0050396346,0.07666353,-0.018325943
IMU,248764767840048,0.3493521,3.6658044,8.992228,0.354735,3.706663,9.072221,0.0013744457,0.07666353,-0.015882485
IMU,248764770048225,0.34456646,3.656233,9.020942,0.354735,3.706663,9.072221,-0.002290743,0.07666353,-0.015882485
IMU,248764772256402,0.33020952,3.6514473,9.0544405,0.354735,3.706663,9.072221,-0.0035124724,0.0754418,-0.015882485
IMU,248764774464579,0.31585258,3.6610186,9.068798,0.35090533,3.7062762,9.072529,-0.0059559317,0.07422007,-0.014660755
IMU,248764776672704,0.31585258,3.656233,9.111869,0.35090533,3.7062762,9.072529,-0.00962112,0.07299834,-0.013439025
IMU,248764778880881,0.32542387,3.6801612,9.145369,0.3470737,3.7055123,9.072988,-0.0108428495,0.07299834,-0.012217295
IMU,248764781089058,0.31106696,3.6753755,9.159725,0.3470737,3.7055123,9.072988,-0.0108428495,0.07422007,-0.012217295
IMU,248764783297183,0.3062813,3.6753755,9.15494,0.3432956,3.7045407,9.073527,-0.014508039,0.07055488,-0.010995566
IMU,248764785505360,0.31106696,3.6753755,9.193225,0.3432956,3.7045407,9.073527,-0.013286309,0.07177661,-0.0097738365
IMU,248764787713538,0.31585258,3.6658044,9.19801,0.3432956,3.7045407,9.073527,-0.00962112,0.07055488,-0.0097738365
IMU,248764789921663,0.31106696,3.656233,9.183653,0.33963344,3.7034626,9.074106,-0.014508039,0.066889696,-0.0097738365
IMU,248764792129840,0.30149564,3.6514473,9.178867,0.33963344,3.7034626,9.074106,-0.0108428495,0.06811142,-0.0097738365
IMU,248764794338017,0.31585258,3.641876,9.15494,0.3361395,3.7022579,9.074728,-0.0108428495,0.06444623,-0.010995566
IMU,248764796546142,0.3062813,3.6323047,9.135797,0.3361395,3.7022579,9.074728,-0.0108428495,0.062002774,-0.012217295
IMU,248764798754319,0.29671,3.6323047,9.150154,0.33289632,3.701141,9.075303,-0.0108428495,0.062002774,-0.012217295
IMU,248764800962496,0.3062813,3.603591,9.164511,0.33289632,3.701141,9.075303,-0.0059559317,0.05589413,-0.014660755
IMU,248764803170673,0.3062813,3.6083765,9.164511,0.33289632,3.701141,9.075303,-0.0059559317,0.05589413,-0.014660755
IMU,248764805378798,0.31106696,3.6083765,9.159725,0.3298576,3.7000194,9.075871,-0.0010690134,0.05222894,-0.017104214
IMU,248764807586975,0.3062813,3.5988052,9.15494,0.3298576,3.7000194,9.075871,-0.002290743,0.04734202,-0.017104214
IMU,248764809795152,0.3062813,3.6131623,9.150154,0.3271131,3.699042,9.076368,-0.002290743,0.04612029,-0.018325943
IMU,248764812003277,0.30149564,3.5892339,9.150154,0.3271131,3.699042,9.076368,-0.002290743,0.042455103,-0.019547673
IMU,248764814211454,0.3062813,3.5892339,9.131011,0.32460117,3.6980674,9.076857,-0.0010690134,0.040011644,-0.021991132
IMU,248764816419631,0.30149564,3.5844483,9.150154,0.32460117,3.6980674,9.076857,1.527162E-4,0.038789913,-0.02443459
IMU,248764818627756,0.31106696,3.5892339,9.135797,0.32229304,3.6971712,9.077304,0.003817905,0.033902995,-0.02687805
IMU,248764820835933,0.30149564,3.5700915,9.135797,0.32229304,3.6971712,9.077304,0.006261364,0.035124727,-0.02932151
IMU,248764823044110,0.31106696,3.5844483,9.131011,0.3200763,3.6965258,9.077644,0.008704823,0.032681264,-0.032986697
IMU,248764825252288,0.32063824,3.5892339,9.131011,0.3200763,3.6965258,9.077644,0.011148282,0.033902995,-0.034208428
IMU,248764827460413,0.31106696,3.5892339,9.169296,0.3200763,3.6965258,9.077644,0.014813471,0.037568185,-0.036651887
IMU,248764829668590,0.32063824,3.5892339,9.183653,0.31775367,3.6962104,9.077855,0.022143848,0.041233372,-0.040317077
IMU,248764831876767,0.31585258,3.5940197,9.226724,0.31775367,3.6962104,9.077855,0.027030766,0.04734202,-0.041538805
IMU,248764834084892,0.30149564,3.603591,9.23151,0.3149559,3.6962817,9.077924,0.025809037,0.044898562,-0.042760536
IMU,248764836293069,0.29671,3.6227336,9.250652,0.3149559,3.6962817,9.077924,0.029474225,0.044898562,-0.043982264
IMU,248764838501246,0.29192436,3.641876,9.293723,0.31187594,3.69664,9.077884,0.033139415,0.04978548,-0.043982264
IMU,248764840709423,0.2727818,3.6275191,9.322437,0.31187594,3.69664,9.077884,0.038026333,0.04978548,-0.043982264
IMU,248764842917548,0.27756742,3.6466618,9.341579,0.30846936,3.697336,9.077716,0.041691523,0.051007207,-0.043982264
IMU,248764845125725,0.2536392,3.6658044,9.341579,0.30846936,3.697336,9.077716,0.0490219,0.054672398,-0.042760536
IMU,248764847333902,0.26799613,3.6658044,9.327223,0.30846936,3.697336,9.077716,0.055130545,0.057115857,-0.042760536
IMU,248764849542027,0.2632105,3.6801612,9.298509,0.30846936,3.697336,9.077716,0.055130545,0.057115857,-0.042760536
IMU,248764851750204,0.2536392,3.67059,9.288938,0.3047115,3.6988091,9.077243,0.0697913,0.060781047,-0.041538805
IMU,248764853958381,0.24885355,3.656233,9.265009,0.3047115,3.6988091,9.077243,0.0697913,0.060781047,-0.041538805
IMU,248764856166506,0.23449662,3.6466618,9.221938,0.30079842,3.701139,9.076425,0.0820086,0.058337588,-0.040317077
IMU,248764858374683,0.22013968,3.656233,9.202796,0.2969304,3.704079,9.075353,0.08567379,0.053450666,-0.039095346
IMU,248764860582860,0.22971097,3.6323047,9.164511,0.2969304,3.704079,9.075353,0.09544762,0.053450666,-0.037873615
IMU,248764862791038,0.2105684,3.6275191,9.145369,0.29332468,3.707677,9.074,0.09666935,0.04734202,-0.036651887
IMU,248764864999163,0.19142582,3.6227336,9.150154,0.29332468,3.707677,9.074,0.102778,0.04367683,-0.035430156
IMU,248764867207340,0.19621146,3.6227336,9.164511,0.29332468,3.707677,9.074,0.108886644,0.042455103,-0.034208428
IMU,248764869415517,0.20578274,3.6083765,9.15494,0.28993902,3.711691,9.072468,0.11377356,0.040011644,-0.03176497
IMU,248764871623642,0.20578274,3.6131623,9.135797,0.28993902,3.711691,9.072468,0.11377356,0.038789913,-0.02932151
IMU,248764873831819,0.2105684,3.5988052,9.131011,0.28698593,3.7159312,9.070826,0.11499529,0.033902995,-0.028099779
IMU,248764876039996,0.21535404,3.6083765,9.116654,0.28698593,3.7159312,9.070826,0.11866048,0.035124727,-0.02687805
IMU,248764878248121,0.19621146,3.6179478,9.097511,0.28424838,3.7203877,9.069085,0.11866048,0.036346454,-0.02565632
IMU,248764880456298,0.21535404,3.6323047,9.083155,0.28424838,3.7203877,9.069085,0.11988221,0.036346454,-0.02443459
IMU,248764882664475,0.22971097,3.6275191,9.064013,0.28424838,3.7203877,9.069085,0.12110394,0.038789913,-0.02443459
IMU,248764884872600,0.23928227,3.6370904,9.025727,0.2815696,3.7251604,9.067209,0.11988221,0.038789913,-0.023212861
IMU,248764887080777,0.22971097,3.656233,8.9826565,0.2815696,3.7251604,9.067209,0.12110394,0.037568185,-0.021991132
IMU,248764889288954,0.24885355,3.6370904,8.968299,0.2790898,3.730217,9.065207,0.11866048,0.036346454,-0.021991132
IMU,248764891497131,0.23928227,3.6514473,8.958728,0.2790898,3.730217,9.065207,0.117438756,0.033902995,-0.023212861
IMU,248764893705256,0.26799613,3.6753755,8.949157,0.27683267,3.7352858,9.063189,0.117438756,0.037568185,-0.02443459
IMU,248764895913433,0.26799613,3.694518,8.920443,0.27683267,3.7352858,9.063189,0.117438756,0.037568185,-0.02443459
IMU,248764898121610,0.28713873,3.6993039,8.920443,0.27480218,3.7405212,9.061091,0.11133011,0.033902995,-0.02565632
IMU,248764900329735,0.26799613,3.7088752,8.949157,0.27480218,3.7405212,9.061091,0.10644319,0.032681264,-0.02443459
IMU,248764902538277,0.29671,3.723232,8.968299,0.27480218,3.7405212,9.061091,0.10155627,0.032681264,-0.02687805
IMU,248764904746090,0.30149564,3.7615173,8.977871,0.27294913,3.745354,9.059151,0.10033454,0.033902995,-0.028099779
IMU,248764906954267,0.32063824,3.7615173,9.025727,0.27294913,3.745354,9.059151,0.09544762,0.033902995,-0.02932151
IMU,248764909162392,0.33020952,3.790231,9.044869,0.27116454,3.7500548,9.05726,0.09544762,0.041233372,-0.03054324
IMU,248764911370569,0.32063824,3.8093736,9.064013,0.27116454,3.7500548,9.05726,0.08811724,0.041233372,-0.03054324
IMU,248764913578746,0.32063824,3.8141594,9.064013,0.26907977,3.754549,9.055459,0.090560704,0.04734202,-0.032986697
IMU,248764915786871,0.33499518,3.8237305,9.0544405,0.26907977,3.754549,9.055459,0.08933897,0.04856375,-0.032986697
IMU,248764917995048,0.3397808,3.818945,9.030513,0.26677793,3.7590687,9.053652,0.08811724,0.051007207,-0.032986697
IMU,248764920203225,0.34456646,3.842873,9.01137,0.26677793,3.7590687,9.053652,0.08811724,0.051007207,-0.032986697
IMU,248764922411350,0.3589234,3.8620157,9.001799,0.26677793,3.7590687,9.053652,0.08811724,0.04978548,-0.036651887
IMU,248764924619527,0.3493521,3.8907297,9.016156,0.26456276,3.7638223,9.051743,0.08811724,0.04734202,-0.035430156
IMU,248764926827704,0.33499518,3.8955152,9.035298,0.26456276,3.7638223,9.051743,0.08933897,0.04367683,-0.036651887
IMU,248764929035881,0.34456646,3.8955152,9.040084,0.26251718,3.768909,9.049685,0.09544762,0.042455103,-0.039095346
IMU,248764931244006,0.3397808,3.9146578,9.044869,0.26251718,3.768909,9.049685,0.09422589,0.036346454,-0.039095346
IMU,248764933452183,0.33499518,3.9146578,9.049655,0.26251718,3.768909,9.049685,0.09666935,0.035124727,-0.039095346
IMU,248764935660360,0.33499518,3.9338005,9.049655,0.26075292,3.7742412,9.047514,0.10033454,0.031459536,-0.040317077
IMU,248764937868485,0.32542387,3.9433718,9.040084,0.259152,3.7799933,9.045157,0.10399973,0.031459536,-0.040317077
IMU,248764940076663,0.33499518,3.9481573,9.0544405,0.259152,3.7799933,9.045157,0.10766492,0.027794348,-0.041538805
IMU,248764942284840,0.34456646,3.952943,9.040084,0.259152,3.7799933,9.045157,0.11499529,0.030237807,-0.043982264
IMU,248764944492965,0.33499518,3.9481573,9.030513,0.2576961,3.7862873,9.042566,0.12110394,0.030237807,-0.043982264
IMU,248764946701142,0.32063824,3.9481573,9.040084,0.2576961,3.7862873,9.042566,0.12599087,0.029016078,-0.042760536
IMU,248764948909267,0.3062813,3.9433718,9.016156,0.25606126,3.7931435,9.03974,0.12599087,0.029016078,-0.042760536
IMU,248764951117444,0.31106696,3.9481573,9.030513,0.25606126,3.7931435,9.03974,0.13698642,0.036346454,-0.041538805
IMU,248764953325621,0.3062813,3.952943,9.0544405,0.2540072,3.800523,9.036697,0.1443168,0.042455103,-0.039095346
IMU,248764955533798,0.30149564,3.9625144,9.064013,0.2540072,3.800523,9.036697,0.14676027,0.04612029,-0.037873615
IMU,248764957741975,0.28235307,3.9768713,9.0544405,0.2540072,3.800523,9.036697,0.15164718,0.04978548,-0.034208428
IMU,248764959950100,0.27756742,3.9673,9.064013,0.25150558,3.808361,9.033466,0.15897755,0.05589413,-0.02932151
IMU,248764962158277,0.26799613,3.9768713,9.0544405,0.25150558,3.808361,9.033466,0.16508621,0.0632245,-0.02687805
IMU,248764964366454,0.2632105,4.0103707,9.040084,0.24845858,3.8167913,9.029992,0.16875139,0.0632245,-0.021991132
IMU,248764966574579,0.2536392,4.005585,9.030513,0.24845858,3.8167913,9.029992,0.17241658,0.065667965,-0.017104214
IMU,248764968782756,0.2536392,4.0103707,9.016156,0.24524857,3.825893,9.026227,0.17730351,0.06811142,-0.013439025
IMU,248764970990933,0.22971097,4.019942,8.987442,0.24524857,3.825893,9.026227,0.18219042,0.06811142,-0.008552107
IMU,248764973199110,0.21535404,4.034299,8.973084,0.24195121,3.8356042,9.022195,0.18707734,0.066889696,-0.0048869182
IMU,248764975407235,0.2105684,4.019942,8.973084,0.24195121,3.8356042,9.022195,0.18952079,0.06933315,0.0
IMU,248764977615413,0.2009971,4.0151563,8.968299,0.24195121,3.8356042,9.022195,0.19807291,0.07177661,0.0036651888
IMU,248764979823590,0.18185452,4.0151563,8.944371,0.23854049,3.8457267,9.017975,0.19807291,0.07177661,0.0036651888
IMU,248764982031715,0.16271193,4.0103707,8.9348,0.23854049,3.8457267,9.017975,0.20295982,0.07299834,0.010995566
IMU,248764984239892,0.17228323,4.005585,8.925228,0.23496482,3.8561532,9.013616,0.20418155,0.07422007,0.013439025
IMU,248764986448069,0.16749759,4.0007997,8.939586,0.23496482,3.8561532,9.013616,0.20906848,0.0754418,0.018325943
IMU,248764988656246,0.19142582,3.9816568,8.930014,0.23137929,3.866689,9.009193,0.2102902,0.08032872,0.020769402
IMU,248764990864371,0.17228323,3.9816568,8.920443,0.23137929,3.866689,9.009193,0.21273366,0.08277218,0.023212861
IMU,248764993072548,0.16271193,3.9673,8.920443,0.227597,3.8771436,9.004796,0.2102902,0.0876591,0.02687805
IMU,248764995280725,0.19621146,3.952943,8.915657,0.227597,3.8771436,9.004796,0.21151192,0.09376775,0.02932151
IMU,248764997488850,0.17706887,3.9290147,8.896515,0.227597,3.8771436,9.004796,0.20662501,0.10231985,0.03176497
IMU,248764999697027,0.18664017,3.9290147,8.886943,0.22345155,3.8871958,9.000565,0.20295982,0.10476331,0.032986697
IMU,248765001905204,0.18664017,3.9050865,8.877372,0.22345155,3.8871958,9.000565,0.20051636,0.11575887,0.035430156
IMU,248765004113329,0.19142582,3.8907297,8.867801,0.22345155,3.8871958,9.000565,0.20051636,0.11575887,0.035430156
IMU,248765006321506,0.18664017,3.8811584,8.848659,0.21877855,3.8966627,8.996585,0.19562945,0.13652828,0.037873615
IMU,248765008529631,0.19621146,3.8476589,8.853444,0.21315433,3.9055107,8.992882,0.18707734,0.14874557,0.037873615
IMU,248765010737808,0.19621146,3.8572302,8.829515,0.21315433,3.9055107,8.992882,0.18341215,0.15974113,0.039095346
IMU,248765012945985,0.2105684,3.8333018,8.839087,0.20648007,3.9136739,8.989488,0.18341215,0.15974113,0.039095346
IMU,248765015154163,0.19621146,3.818945,8.848659,0.20648007,3.9136739,8.989488,0.17363831,0.18417573,0.040317077
IMU,248765017362288,0.19621146,3.8237305,8.834301,0.20648007,3.9136739,8.989488,0.16875139,0.1951713,0.040317077
IMU,248765019570465,0.2009971,3.804588,8.819944,0.19871838,3.9210458,8.986451,0.16264275,0.20250167,0.040317077
IMU,248765021778642,0.2009971,3.804588,8.815159,0.19871838,3.9210458,8.986451,0.15531237,0.2122755,0.039095346
IMU,248765023986767,0.18664017,3.8093736,8.800801,0.19018933,3.9277122,8.983725,0.15164718,0.2159407,0.041538805
IMU,248765026194944,0.18185452,3.818945,8.805588,0.19018933,3.9277122,8.983725,0.14920372,0.22204934,0.040317077
IMU,248765028403121,0.18185452,3.804588,8.810373,0.18114257,3.9339643,8.981175,0.14187334,0.22082762,0.040317077
IMU,248765030611298,0.16271193,3.7950168,8.810373,0.18114257,3.9339643,8.981175,0.14065161,0.21716243,0.040317077
IMU,248765032819423,0.13399807,3.790231,8.819944,0.17217804,3.9396007,8.97888,0.13454297,0.2122755,0.041538805
IMU,248765035027600,0.11485548,3.7950168,8.819944,0.17217804,3.9396007,8.97888,0.13454297,0.20861033,0.041538805
IMU,248765037235777,0.09092726,3.790231,8.85823,0.17217804,3.9396007,8.97888,0.12843432,0.20127994,0.042760536
IMU,248765039443902,0.09571291,3.7710886,8.853444,0.1633722,3.9448104,8.976758,0.12965605,0.19761476,0.041538805
IMU,248765041652079,0.07178468,3.7806597,8.891729,0.1633722,3.9448104,8.976758,0.12599087,0.1915061,0.043982264
IMU,248765043860256,0.043070808,3.7710886,8.9013,0.1633722,3.9448104,8.976758,0.123547405,0.18173227,0.045203995
IMU,248765046068381,0.014356935,3.7615173,8.925228,0.15502909,3.9495287,8.974831,0.12232567,0.17318016,0.046425723
IMU,248765048276506,0.019142581,3.7806597,8.9348,0.14726935,3.9537742,8.973091,0.117438756,0.1621846,0.046425723
IMU,248765050484735,-0.0047856453,3.7471602,8.939586,0.14726935,3.9537742,8.973091,0.117438756,0.15485422,0.047647454
IMU,248765052692913,-0.033499517,3.7615173,8.977871,0.14726935,3.9537742,8.973091,0.11866048,0.14630212,0.047647454
IMU,248765054901038,-0.033499517,3.7710886,8.997013,0.14017239,3.9576814,8.971482,0.11377356,0.13041963,0.047647454
IMU,248765057109215,-0.038285162,3.7758741,9.016156,0.14017239,3.9576814,8.971482,0.11133011,0.124310985,0.047647454
IMU,248765059317392,-0.0526421,3.790231,9.049655,0.13406803,3.9612405,8.970005,0.108886644,0.11331542,0.047647454
IMU,248765061525517,-0.0526421,3.7854455,9.073584,0.13406803,3.9612405,8.970005,0.108886644,0.10720677,0.045203995
IMU,248765063733694,-0.062213387,3.7950168,9.064013,0.12861282,3.9645548,8.968619,0.10766492,0.10109812,0.042760536
IMU,248765065941871,-0.07178468,3.790231,9.0544405,0.12861282,3.9645548,8.968619,0.10766492,0.09376775,0.040317077
IMU,248765068149996,-0.06699903,3.7950168,9.083155,0.12359886,3.9678476,8.967235,0.108886644,0.09010255,0.037873615
IMU,248765070358173,-0.076570325,3.8141594,9.08794,0.12359886,3.9678476,8.967235,0.10766492,0.08277218,0.034208428
IMU,248765072566350,-0.10049855,3.8093736,9.030513,0.12359886,3.9678476,8.967235,0.110108376,0.07666353,0.03054324
IMU,248765074774527,-0.10049855,3.7998023,9.035298,0.1189377,3.971277,8.965779,0.10766492,0.07299834,0.028099779
IMU,248765076982652,-0.11006984,3.818945,9.025727,0.1189377,3.971277,8.965779,0.10766492,0.065667965,0.02565632
IMU,248765079190829,-0.10049855,3.8285162,9.035298,0.114575736,3.9747307,8.964306,0.10766492,0.060781047,0.021991132
IMU,248765081398954,-0.09571291,3.8476589,9.020942,0.114575736,3.9747307,8.964306,0.10644319,0.054672398,0.019547673
IMU,248765083607131,-0.1052842,3.842873,9.0544405,0.11072171,3.9783006,8.96277,0.10522146,0.051007207,0.017104214
IMU,248765085815256,-0.11006984,3.842873,9.073584,0.11072171,3.9783006,8.96277,0.10766492,0.04734202,0.017104214
IMU,248765088023485,-0.11006984,3.8620157,9.078369,0.10713321,3.9817877,8.961266,0.10522146,0.044898562,0.015882485
IMU,248765090231610,-0.1052842,3.8524444,9.092726,0.10713321,3.9817877,8.961266,0.10399973,0.038789913,0.014660755
IMU,248765092439788,-0.10049855,3.8572302,9.08794,0.10713321,3.9817877,8.961266,0.10766492,0.040011644,0.014660755
IMU,248765094647965,-0.09092726,3.8572302,9.073584,0.103921324,3.9852054,8.959784,0.10522146,0.036346454,0.015882485
IMU,248765096856090,-0.062213387,3.871587,9.068798,0.103921324,3.9852054,8.959784,0.10766492,0.038789913,0.015882485
IMU,248765099064267,-0.062213387,3.885944,9.040084,0.10108386,3.9888074,8.958212,0.110108376,0.035124727,0.015882485
IMU,248765101272444,-0.0526421,3.885944,9.020942,0.10108386,3.9888074,8.958212,0.11133011,0.035124727,0.015882485
IMU,248765103480569,-0.038285162,3.871587,9.001799,0.09854613,3.9928517,8.95644,0.11499529,0.036346454,0.017104214
IMU,248765105688746,-0.043070808,3.8763726,8.9826565,0.09854613,3.9928517,8.95644,0.117438756,0.033902995,0.019547673
IMU,248765107896923,-0.02871387,3.8811584,8.973084,0.09632262,3.9971385,8.954552,0.116217025,0.032681264,0.020769402
IMU,248765110105100,-0.009571291,3.9050865,8.953942,0.09632262,3.9971385,8.954552,0.117438756,0.030237807,0.020769402
IMU,248765112313225,-0.014356935,3.9050865,8.9108715,0.09632262,3.9971385,8.954552,0.12110394,0.030237807,0.02443459
IMU,248765114521402,0.0,3.9194436,8.915657,0.0945376,4.0018363,8.952473,0.11866048,0.027794348,0.02565632
IMU,248765116729579,0.009571291,3.938586,8.906086,0.0945376,4.0018363,8.952473,0.117438756,0.024129158,0.02687805
IMU,248765118937704,0.023928227,3.9625144,8.896515,0.09323663,4.0067196,8.950302,0.117438756,0.022907428,0.028099779
IMU,248765121145881,0.02871387,3.952943,8.877372,0.09323663,4.0067196,8.950302,0.116217025,0.021685699,0.02932151
IMU,248765123354058,0.047856454,3.9577286,8.877372,0.09230165,4.01176,8.948052,0.117438756,0.024129158,0.02932151
IMU,248765125562183,0.07178468,3.9673,8.886943,0.09230165,4.01176,8.948052,0.117438756,0.024129158,0.03054324
IMU,248765127770360,0.09092726,3.9768713,8.867801,0.09230165,4.01176,8.948052,0.117438756,0.02535089,0.02932151
IMU,248765129978538,0.076570325,3.9673,8.863015,0.09230165,4.01176,8.948052,0.116217025,0.026572619,0.02932151
IMU,248765132186715,0.086141616,3.9768713,8.853444,0.09166646,4.0168834,8.945761,0.11133011,0.02535089,0.03176497
IMU,248765134394840,0.09092726,3.9768713,8.82473,0.091025904,4.0218678,8.943527,0.11133011,0.030237807,0.03054324
IMU,248765136603017,0.11964113,3.9768713,8.819944,0.091025904,4.0218678,8.943527,0.11255184,0.031459536,0.02932151
IMU,248765138811194,0.124426775,3.9673,8.800801,0.091025904,4.0218678,8.943527,0.11255184,0.031459536,0.02932151
IMU,248765141019319,0.14356937,3.9816568,8.786445,0.09038699,4.0268373,8.941298,0.10766492,0.033902995,0.028099779
IMU,248765143227496,0.14356937,3.9960139,8.781659,0.08985443,4.03172,8.939101,0.10522146,0.033902995,0.02565632
IMU,248765145435673,0.14356937,4.019942,8.776874,0.08985443,4.03172,8.939101,0.10033454,0.035124727,0.02687805
IMU,248765147643798,0.13878371,4.024728,8.810373,0.08985443,4.03172,8.939101,0.09789108,0.037568185,0.02565632
IMU,248765149851975,0.13878371,4.034299,8.819944,0.08921371,4.036477,8.936961,0.09666935,0.036346454,0.023212861
IMU,248765152060152,0.15314065,4.058227,8.796016,0.08921371,4.036477,8.936961,0.091782436,0.036346454,0.019547673
IMU,248765154268277,0.148355,4.0438704,8.79123,0.088479385,4.0410705,8.934893,0.08933897,0.040011644,0.019547673
IMU,248765156476454,0.13878371,4.0534415,8.796016,0.088479385,4.0410705,8.934893,0.08567379,0.040011644,0.018325943
IMU,248765158684631,0.16271193,4.063013,8.786445,0.08755061,4.04539,8.932946,0.083230324,0.041233372,0.015882485
IMU,248765160892756,0.15314065,4.0773697,8.776874,0.08755061,4.04539,8.932946,0.07956514,0.040011644,0.013439025
IMU,248765163100933,0.18185452,4.0534415,8.776874,0.08662505,4.049534,8.931078,0.07834341,0.04367683,0.012217295
IMU,248765165309110,0.17228323,4.058227,8.781659,0.08662505,4.049534,8.931078,0.07589995,0.04367683,0.0097738365
IMU,248765167517288,0.16749759,4.0534415,8.834301,0.08662505,4.049534,8.931078,0.07467822,0.04856375,0.008552107
IMU,248765169725413,0.16271193,4.058227,8.82473,0.08547992,4.05328,8.92939,0.06734784,0.04856375,0.0061086477
IMU,248765171933590,0.18185452,4.034299,8.85823,0.08547992,4.05328,8.92939,0.0697913,0.054672398,0.0048869182
IMU,248765174141767,0.18185452,4.0534415,8.877372,0.08402056,4.056479,8.927951,0.061239194,0.053450666,0.0061086477
IMU,248765176349892,0.17228323,4.0677986,8.9013,0.08402056,4.056479,8.927951,0.061239194,0.060781047,0.0061086477
IMU,248765178558069,0.17706887,4.0534415,8.920443,0.08224856,4.059303,8.926683,0.061239194,0.06444623,0.0048869182
IMU,248765180766610,0.17706887,4.058227,8.930014,0.08224856,4.059303,8.926683,0.057574004,0.06811142,0.0048869182
IMU,248765182974371,0.18664017,4.0677986,8.925228,0.08002521,4.0618753,8.925533,0.057574004,0.0754418,0.0048869182
IMU,248765185182548,0.18664017,4.0677986,8.906086,0.08002521,4.0618753,8.925533,0.058795735,0.07788526,0.0048869182
IMU,248765187390725,0.19142582,4.0534415,8.930014,0.08002521,4.0618753,8.925533,0.060017463,0.08032872,0.0036651888
IMU,248765189598850,0.18664017,4.063013,8.915657,0.07750676,4.0645185,8.924353,0.061239194,0.08277218,0.0012217296
IMU,248765191807027,0.18664017,4.0438704,8.9013,0.07750676,4.0645185,8.924353,0.06368265,0.0876591,0.0012217296
IMU,248765194015204,0.19142582,4.0438704,8.920443,0.07461175,4.0672684,8.923124,0.064904384,0.091324285,0.0012217296
IMU,248765196223329,0.20578274,4.0438704,8.9013,0.07461175,4.0672684,8.923124,0.066126116,0.092546016,-0.0012217296
IMU,248765198431506,0.19142582,4.024728,8.9108715,0.0714808,4.070084,8.921865,0.0697913,0.0962112,-0.0024434591
IMU,248765200639683,0.19142582,4.0295134,8.9108715,0.0714808,4.070084,8.921865,0.07223476,0.09987639,-0.0024434591
IMU,248765202847860,0.2009971,4.024728,8.930014,0.067998976,4.0730066,8.92056,0.07345649,0.10231985,-0.0036651888
IMU,248765205055985,0.2009971,4.0151563,8.949157,0.067998976,4.0730066,8.92056,0.077121675,0.10476331,-0.0048869182
IMU,248765207264163,0.2009971,4.019942,8.968299,0.067998976,4.0730066,8.92056,0.07956514,0.1084285,-0.0061086477
IMU,248765209472340,0.2105684,4.019942,8.997013,0.064265795,4.075957,8.919239,0.07589995,0.110871956,-0.0061086477
IMU,248765211680465,0.19621146,4.0295134,8.992228,0.064265795,4.075957,8.919239,0.07956514,0.11575887,-0.0073303776
IMU,248765213888642,0.19621146,4.024728,9.025727,0.060093455,4.0788836,8.91793,0.08567379,0.12675445,-0.0097738365
IMU,248765216096819,0.20578274,4.048656,9.040084,0.060093455,4.0788836,8.91793,0.08811724,0.1291979,-0.0097738365
IMU,248765218304944,0.22013968,4.0438704,9.035298,0.055225845,4.082208,8.916441,0.08811724,0.1291979,-0.0097738365
IMU,248765220513121,0.2009971,4.034299,9.059227,0.055225845,4.082208,8.916441,0.09666935,0.14630212,-0.014660755
IMU,248765222721298,0.20578274,4.063013,9.0544405,0.055225845,4.082208,8.916441,0.10155627,0.15485422,-0.015882485
IMU,248765224929423,0.2105684,4.058227,9.040084,0.04952929,4.0859127,8.914777,0.10644319,0.16096286,-0.017104214
IMU,248765227137600,0.2009971,4.058227,9.035298,0.04952929,4.0859127,8.914777,0.110108376,0.16707152,-0.018325943
IMU,248765229345777,0.20578274,4.063013,9.044869,0.043148443,4.090171,8.912857,0.116217025,0.1744019,-0.020769402
IMU,248765231553954,0.19621146,4.0773697,9.025727,0.043148443,4.090171,8.912857,0.12110394,0.18051054,-0.021991132
IMU,248765233762079,0.2009971,4.0869412,9.020942,0.03611876,4.095029,8.910658,0.12599087,0.18173227,-0.020769402
IMU,248765235970256,0.18664017,4.0869412,9.01137,0.03611876,4.095029,8.910658,0.13087778,0.18173227,-0.023212861
IMU,248765238178433,0.17706887,4.0869412,9.01137,0.028845431,4.100462,8.908185,0.13454297,0.18417573,-0.023212861
IMU,248765240386558,0.18185452,4.0965123,9.001799,0.028845431,4.100462,8.908185,0.13698642,0.18173227,-0.023212861
IMU,248765242594735,0.16749759,4.101298,8.977871,0.028845431,4.100462,8.908185,0.14187334,0.18173227,-0.02443459
IMU,248765244802913,0.16749759,4.0869412,8.968299,0.02154972,4.10634,8.9054985,0.14676027,0.182954,-0.02565632
IMU,248765247011038,0.17228323,4.082155,8.958728,0.02154972,4.10634,8.9054985,0.15409064,0.182954,-0.02565632
IMU,248765249219215,0.16271193,4.091727,8.977871,0.0141752055,4.1127024,8.902576,0.1565341,0.18417573,-0.02565632
IMU,248765251427392,0.14356937,4.0773697,8.958728,0.0141752055,4.1127024,8.902576,0.15897755,0.182954,-0.02687805
IMU,248765253635517,0.13878371,4.0773697,8.977871,0.00661875,4.1193366,8.899518,0.16386448,0.18661919,-0.028099779
IMU,248765255843694,0.14356937,4.082155,8.963513,0.00661875,4.1193366,8.899518,0.16630794,0.19028437,-0.02932151
IMU,248765258051871,0.15314065,4.072584,8.963513,-0.0011406093,4.12609,8.89639,0.16264275,0.18784092,-0.02932151
IMU,248765260259996,0.148355,4.048656,8.968299,-0.0011406093,4.12609,8.89639,0.16752967,0.1951713,-0.02932151
IMU,248765262468173,0.16749759,4.0534415,8.968299,-0.0011406093,4.12609,8.89639,0.16997312,0.20005822,-0.03054324
IMU,248765264676350,0.15314065,4.0438704,8.968299,-0.009147493,4.1327963,8.893273,0.16752967,0.20250167,-0.03054324
IMU,248765266884475,0.15314065,4.063013,8.973084,-0.009147493,4.1327963,8.893273,0.17119485,0.20861033,-0.03176497
IMU,248765269092652,0.14356937,4.058227,8.9826565,-0.017593503,4.1394897,8.890147,0.17119485,0.21349724,-0.034208428
IMU,248765271300829,0.14356937,4.072584,8.997013,-0.017593503,4.1394897,8.890147,0.17241658,0.21716243,-0.034208428
IMU,248765273509006,0.13399807,4.0677986,9.01137,-0.017593503,4.1394897,8.890147,0.17486005,0.22327107,-0.036651887
IMU,248765275717131,0.124426775,4.063013,9.025727,-0.026606267,4.1462727,8.886963,0.17730351,0.23182319,-0.039095346
IMU,248765277925308,0.11964113,4.0773697,9.020942,-0.036452264,4.1531615,8.883711,0.17974696,0.23793183,-0.040317077
IMU,248765280133485,0.09571291,4.063013,9.025727,-0.036452264,4.1531615,8.883711,0.18219042,0.24648394,-0.043982264
IMU,248765282341610,0.09571291,4.072584,9.040084,-0.036452264,4.1531615,8.883711,0.18585561,0.25625777,-0.04886918
IMU,248765284549788,0.08135597,4.0869412,9.025727,-0.04741485,4.1602244,8.880354,0.18952079,0.26480988,-0.050090913
IMU,248765286757965,0.076570325,4.063013,9.016156,-0.04741485,4.1602244,8.880354,0.19562945,0.27458373,-0.05253437
IMU,248765288966142,0.06699903,4.072584,9.016156,-0.0594831,4.1677494,8.876751,0.20051636,0.28313583,-0.056199558
IMU,248765291174267,0.0526421,4.072584,9.006584,-0.0594831,4.1677494,8.876751,0.20295982,0.28924447,-0.05742129
IMU,248765293382444,0.05742774,4.0773697,8.992228,-0.07248577,4.1757035,8.872915,0.2102902,0.29657486,-0.05986475
IMU,248765295590621,0.043070808,4.0677986,8.9826565,-0.07248577,4.1757035,8.872915,0.21639885,0.30634868,-0.06108648
IMU,248765297798746,0.023928227,4.072584,8.997013,-0.08638605,4.184118,8.868826,0.21762058,0.3112356,-0.062308207
IMU,248765300006923,0.009571291,4.0869412,9.006584,-0.08638605,4.184118,8.868826,0.22372922,0.318566,-0.062308207
IMU,248765302215100,0.0047856453,4.082155,9.020942,-0.08638605,4.184118,8.868826,0.22861615,0.32589635,-0.062308207
IMU,248765304423225,-0.019142581,4.091727,9.01137,-0.10113975,4.1929364,8.864505,0.23472479,0.33689192,-0.062308207
IMU,248765306631402,-0.014356935,4.091727,9.016156,-0.10113975,4.1929364,8.864505,0.23961172,0.34544402,-0.06475167
IMU,248765308839579,-0.023928227,4.106084,9.01137,-0.11693526,4.202311,8.85987,0.24816382,0.35521787,-0.06352994
IMU,248765311047704,-0.043070808,4.115655,9.006584,-0.11693526,4.202311,8.85987,0.25305074,0.36376998,-0.06352994
IMU,248765313255881,-0.02871387,4.1204405,8.997013,-0.13362117,4.2124095,8.854837,0.2603811,0.37232208,-0.06475167
IMU,248765315464058,-0.033499517,4.1347976,8.963513,-0.13362117,4.2124095,8.854837,0.26648977,0.37965247,-0.06475167
IMU,248765317672183,-0.023928227,4.139583,8.930014,-0.13362117,4.2124095,8.854837,0.27382013,0.38331765,-0.06352994
IMU,248765319880360,-0.009571291,4.1587257,8.958728,-0.15081172,4.223374,8.849336,0.27992877,0.3857611,-0.06352994
IMU,248765322088538,-0.038285162,4.1491547,8.9348,-0.15081172,4.223374,8.849336,0.28603745,0.38698283,-0.06352994
IMU,248765324296663,-0.033499517,4.1491547,8.9348,-0.16804732,4.235039,8.843449,0.29458955,0.39064804,-0.062308207
IMU,248765326504840,-0.047856454,4.168297,8.944371,-0.16804732,4.235039,8.843449,0.297033,0.3894263,-0.062308207
IMU,248765328713017,-0.047856454,4.1922255,8.973084,-0.16804732,4.235039,8.843449,0.30436337,0.38698283,-0.062308207
IMU,248765330921142,-0.0526421,4.182654,9.016156,-0.18535191,4.2472715,8.8372345,0.30802858,0.3857611,-0.06108648
IMU,248765333129319,-0.08135597,4.173083,9.044869,-0.20249657,4.259782,8.830835,0.31413722,0.38698283,-0.05986475
IMU,248765335337496,-0.11964113,4.1922255,9.035298,-0.20249657,4.259782,8.830835,0.32024586,0.38209593,-0.05864302
IMU,248765337545673,-0.12921242,4.2017965,9.040084,-0.20249657,4.259782,8.830835,0.32879797,0.377209,-0.05742129
IMU,248765339753798,-0.15792629,4.211368,9.020942,-0.21959871,4.272818,8.824125,0.3336849,0.36743516,-0.056199558
IMU,248765341961975,-0.17228323,4.2257247,9.030513,-0.21959871,4.272818,8.824125,0.33857182,0.35888305,-0.05497783
IMU,248765344170152,-0.17228323,4.23051,9.049655,-0.23605342,4.286527,8.817049,0.34712392,0.34910923,-0.056199558
IMU,248765346378277,-0.17706887,4.2592244,9.073584,-0.23605342,4.286527,8.817049,0.35445428,0.34177884,-0.05497783
IMU,248765348586454,-0.17228323,4.254439,9.092726,-0.23605342,4.286527,8.817049,0.3593412,0.332005,-0.056199558
IMU,248765350794631,-0.17706887,4.2687955,9.116654,-0.25155723,4.3008556,8.80964,0.3678933,0.32589635,-0.05742129
IMU,248765353002756,-0.18664017,4.2831526,9.126225,-0.26627094,4.3156953,8.801947,0.37278023,0.3197877,-0.05864302
IMU,248765355210933,-0.18664017,4.287938,9.150154,-0.26627094,4.3156953,8.801947,0.37888888,0.31245732,-0.05986475
IMU,248765357419110,-0.18664017,4.331009,9.15494,-0.26627094,4.3156953,8.801947,0.38255405,0.3026835,-0.06108648
IMU,248765359627235,-0.18664017,4.3501515,9.169296,-0.2802132,4.3310533,8.793967,0.38866273,0.2941314,-0.06352994
IMU,248765361835413,-0.2009971,4.359723,9.15494,-0.2802132,4.3310533,8.793967,0.38866273,0.2941314,-0.06352994
IMU,248765364043590,-0.19621146,4.3836513,9.131011,-0.29332465,4.3470325,8.78565,0.39721483,0.28069237,-0.067195125
IMU,248765366251715,-0.17228323,4.398008,9.111869,-0.29332465,4.3470325,8.78565,0.40210176,0.27091852,-0.07086031
IMU,248765368459892,-0.13399807,4.412365,9.059227,-0.3056127,4.3637133,8.7769575,0.4045452,0.26847506,-0.074525505
IMU,248765370668069,-0.11485548,4.421936,8.9826565,-0.3056127,4.3637133,8.7769575,0.4045452,0.26603162,-0.08185588
IMU,248765372876194,-0.076570325,4.412365,8.9348,-0.31729457,4.3809342,8.767961,0.40698865,0.26603162,-0.08918626
IMU,248765375084371,-0.0526421,4.4075794,8.839087,-0.31729457,4.3809342,8.767961,0.41187558,0.2696968,-0.098960094
IMU,248765377292548,-0.0047856453,4.3932223,8.743374,-0.31729457,4.3809342,8.767961,0.41187558,0.27458373,-0.10873393
IMU,248765379500621,0.019142581,4.3788652,8.628518,-0.32905665,4.398749,8.758602,0.41431904,0.2819141,-0.1197295
IMU,248765381708850,0.043070808,4.3357944,8.49452,-0.32905665,4.398749,8.758602,0.4167625,0.28924447,-0.12950334
IMU,248765383917027,0.062213387,4.321438,8.360522,-0.3414331,4.41706,8.748909,0.41431904,0.29657486,-0.1404989
IMU,248765386125204,0.086141616,4.316652,8.240881,-0.3414331,4.41706,8.748909,0.41431904,0.3026835,-0.15149446
IMU,248765388333329,0.086141616,4.2927237,8.169097,-0.35463864,4.4357715,8.73891,0.41431904,0.3100139,-0.16249003
IMU,248765390541506,0.08135597,4.26401,8.082955,-0.35463864,4.4357715,8.73891,0.41431904,0.3197877,-0.16982041
IMU,248765392749683,0.05742774,4.2352962,8.015956,-0.35463864,4.4357715,8.73891,0.4094321,0.32467464,-0.17592905
IMU,248765394957808,0.038285162,4.23051,7.948957,-0.35463864,4.4357715,8.73891,0.40576693,0.332005,-0.17959425
IMU,248765397165985,0.0047856453,4.23051,7.9346,-0.3690282,4.4544315,8.728818,0.3996583,0.34177884,-0.18570289
IMU,248765399374163,-0.0047856453,4.211368,7.9537425,-0.38479018,4.472702,8.718788,0.39721483,0.3564396,-0.18936808
IMU,248765401582288,-0.043070808,4.2352962,7.987242,-0.38479018,4.472702,8.718788,0.38621926,0.3735438,-0.19058982
IMU,248765403790465,-0.09092726,4.249653,8.015956,-0.40253335,4.4899955,8.709092,0.3764454,0.3930915,-0.19181155
IMU,248765405998642,-0.13878371,4.2687955,8.078169,-0.40253335,4.4899955,8.709092,0.37033677,0.4187478,-0.19058982
IMU,248765408206767,-0.19142582,4.3070807,8.1020975,-0.42317587,4.5062714,8.699702,0.36056295,0.44440413,-0.18814635
IMU,248765410414944,-0.2440679,4.331009,8.126026,-0.42317587,4.5062714,8.699702,0.34956738,0.46639526,-0.18570289
IMU,248765412623121,-0.29192436,4.3932223,8.159525,-0.42317587,4.5062714,8.699702,0.33735007,0.4883864,-0.17959425
IMU,248765414831246,-0.32542387,4.4458647,8.221739,-0.44668376,4.521638,8.69055,0.3263545,0.5079341,-0.17470732
IMU,248765417039423,-0.3397808,4.508078,8.3174515,-0.44668376,4.521638,8.69055,0.31291547,0.5250383,-0.16615522
IMU,248765419247600,-0.3397808,4.575077,8.398808,-0.47212246,4.5360713,8.681679,0.30314165,0.5433642,-0.16004658
IMU,248765421455725,-0.37806597,4.6325045,8.489735,-0.47212246,4.5360713,8.681679,0.30314165,0.5433642,-0.16004658
IMU,248765423663902,-0.3924229,4.685147,8.566305,-0.4988246,4.549545,8.673131,0.28115052,0.57757264,-0.14416409
IMU,248765425872079,-0.4211368,4.7282176,8.657232,-0.4988246,4.549545,8.673131,0.27137667,0.59345514,-0.13805544
IMU,248765428080204,-0.41156548,4.766503,8.724232,-0.52686137,4.5620885,8.66488,0.26648977,0.61055934,-0.13072506
IMU,248765430288381,-0.44985065,4.800002,8.800801,-0.52686137,4.5620885,8.66488,0.25793764,0.6252201,-0.124616414
IMU,248765432496558,-0.47377887,4.8239303,8.853444,-0.52686137,4.5620885,8.66488,0.251829,0.6374374,-0.12095123
IMU,248765434704735,-0.4977071,4.833502,8.9108715,-0.55607206,4.5737867,8.656884,0.24572036,0.64721125,-0.11606431
IMU,248765436912860,-0.5312066,4.847859,8.949157,-0.55607206,4.5737867,8.656884,0.24572036,0.65698504,-0.112399116
IMU,248765439121038,-0.55513483,4.843073,8.9826565,-0.5861926,4.5847945,8.64907,0.24449863,0.65942854,-0.10995566
IMU,248765441329163,-0.6029913,4.8239303,8.987442,-0.5861926,4.5847945,8.64907,0.2432769,0.66187197,-0.10506874
IMU,248765443537340,-0.65084773,4.833502,8.977871,-0.6167766,4.595431,8.641295,0.24694209,0.6582068,-0.10384701
IMU,248765445745517,-0.6939186,4.814359,8.953942,-0.6167766,4.595431,8.641295,0.25060728,0.6508764,-0.10262528
IMU,248765447953694,-0.7513463,4.8191447,8.944371,-0.6472677,4.60628,8.6332855,0.2554942,0.6374374,-0.100181825
IMU,248765450161819,-0.79441714,4.814359,8.963513,-0.6472677,4.60628,8.6332855,0.2640463,0.6203332,-0.09773836
IMU,248765452369996,-0.8470592,4.8047876,8.939586,-0.6472677,4.60628,8.6332855,0.2689332,0.59834206,-0.09529491
IMU,248765454578173,-0.8805587,4.7808595,8.944371,-0.6766286,4.6175814,8.624992,0.2762636,0.5763509,-0.09529491
IMU,248765456786350,-0.9092726,4.7569313,8.949157,-0.6766286,4.6175814,8.624992,0.28848088,0.5531381,-0.09407318
IMU,248765458994475,-0.93320084,4.7282176,8.992228,-0.6766286,4.6175814,8.624992,0.29947644,0.52992517,-0.09407318
IMU,248765461202652,-0.94755775,4.723432,9.001799,-0.7041911,4.6292696,8.616517,0.30802858,0.5079341,-0.09407318
IMU,248765463410777,-0.9523434,4.685147,9.040084,-0.7297043,4.6412654,8.607937,0.31658068,0.4883864,-0.09529491
IMU,248765465618954,-0.9523434,4.6612186,9.078369,-0.7297043,4.6412654,8.607937,0.33124143,0.4761691,-0.09529491
IMU,248765467827131,-0.93320084,4.642076,9.083155,-0.75351655,4.653649,8.5991955,0.342237,0.46273008,-0.09773836
IMU,248765470035256,-0.94755775,4.6325045,9.107083,-0.75351655,4.653649,8.5991955,0.35323256,0.45295623,-0.100181825
IMU,248765472243433,-0.9379865,4.613362,9.107083,-0.75351655,4.653649,8.5991955,0.36422813,0.44562587,-0.10384701
IMU,248765474451610,-0.90448695,4.613362,9.064013,-0.77625537,4.6666293,8.590134,0.37766716,0.4395172,-0.106290475
IMU,248765476659788,-0.8997013,4.6037908,9.030513,-0.77625537,4.6666293,8.590134,0.38866273,0.43340856,-0.10995566
IMU,248765478867913,-0.9092726,4.6085763,8.992228,-0.79805255,4.6807823,8.58043,0.40332347,0.42607817,-0.11362085
IMU,248765481076090,-0.9092726,4.613362,8.939586,-0.79805255,4.6807823,8.58043,0.41309732,0.41752607,-0.11728604
IMU,248765483284267,-0.9092726,4.6325045,8.877372,-0.8191782,4.696314,8.569946,0.4253146,0.40775225,-0.12095123
IMU,248765485492392,-0.9092726,4.651647,8.863015,-0.8191782,4.696314,8.569946,0.4375319,0.40042186,-0.12705988
IMU,248765487700569,-0.9092726,4.666004,8.82473,-0.8191782,4.696314,8.569946,0.44852746,0.39186975,-0.13072506
IMU,248765489908746,-0.8757731,4.685147,8.776874,-0.8395906,4.713308,8.558633,0.4583013,0.37843072,-0.13316852
IMU,248765492116871,-0.9092726,4.6899323,8.724232,-0.8395906,4.713308,8.558633,0.46929687,0.36743516,-0.13927718
IMU,248765494325048,-0.91884387,4.7042894,8.705089,-0.8588226,4.7316566,8.546593,0.48029244,0.35399613,-0.14172062
IMU,248765496533225,-0.9284152,4.718646,8.666803,-0.8588226,4.7316566,8.546593,0.48884454,0.34177884,-0.14660755
IMU,248765498741350,-0.94755775,4.7377887,8.642876,-0.877235,4.7511945,8.533874,0.50106186,0.33078328,-0.14905101
IMU,248765500949527,-0.94277215,4.74736,8.609376,-0.877235,4.7511945,8.533874,0.5071705,0.3149008,-0.15271619
IMU,248765503157652,-0.95712906,4.761717,8.5423765,-0.89464563,4.7717934,8.520563,0.51450086,0.30390522,-0.15760311
IMU,248765505365829,-0.95712906,4.752146,8.513663,-0.89464563,4.7717934,8.520563,0.5218312,0.28802276,-0.16249003
IMU,248765507574006,-0.9619147,4.7856455,8.451449,-0.89464563,4.7717934,8.520563,0.5254964,0.27336198,-0.16493349
IMU,248765509782183,-0.9810573,4.7952166,8.413164,-0.91092145,4.7932396,8.506789,0.5328268,0.2611447,-0.16737695
IMU,248765511990308,-0.9954142,4.8095737,8.389236,-0.91092145,4.7932396,8.506789,0.5352703,0.24770567,-0.17104214
IMU,248765514198485,-0.9954142,4.8526444,8.360522,-0.92620504,4.815439,8.49259,0.5377137,0.23060146,-0.17226386
IMU,248765516406663,-1.0001999,4.847859,8.327023,-0.92620504,4.815439,8.49259,0.5377137,0.21838416,-0.17348559
IMU,248765518614788,-1.0097711,4.871787,8.303095,-0.94021803,4.838058,8.478183,0.5389354,0.20494513,-0.17592905
IMU,248765520822913,-1.0289137,4.900501,8.293523,-0.94021803,4.838058,8.478183,0.5377137,0.1915061,-0.17715079
IMU,248765523031142,-1.0193424,4.924429,8.336594,-0.95308393,4.8607006,8.463782,0.5328268,0.17806709,-0.17592905
IMU,248765525239267,-1.0432707,4.9674997,8.355737,-0.95308393,4.8607006,8.463782,0.53160506,0.16951497,-0.17837252
IMU,248765527447444,-1.0671989,4.981857,8.365308,-0.95308393,4.8607006,8.463782,0.53160506,0.16340633,-0.17592905
IMU,248765529655621,-1.0863415,4.9866424,8.379665,-0.965174,4.8831625,8.44947,0.52793986,0.15851942,-0.17592905
IMU,248765531863798,-1.1150553,5.0105705,8.389236,-0.965174,4.8831625,8.44947,0.5254964,0.15607595,-0.17592905
IMU,248765534071923,-1.1437693,5.0105705,8.398808,-0.9771362,4.905198,8.435321,0.5193878,0.15363249,-0.17470732
IMU,248765536280100,-1.1676974,5.029713,8.408379,-0.9771362,4.905198,8.435321,0.5157226,0.15241076,-0.17348559
IMU,248765538488225,-1.2011969,5.029713,8.398808,-0.98930657,4.926645,8.4213915,0.51083565,0.15363249,-0.17226386
IMU,248765540696402,-1.2107682,5.0679984,8.384451,-0.98930657,4.926645,8.4213915,0.504727,0.15363249,-0.16859868
IMU,248765542904579,-1.2299109,5.096712,8.34138,-1.0017676,4.947781,8.407515,0.4998401,0.15729769,-0.16859868
IMU,248765545112756,-1.2394822,5.1014977,8.303095,-1.0017676,4.947781,8.407515,0.4949532,0.15607595,-0.16737695
IMU,248765547320881,-1.2729816,5.1254263,8.260024,-1.0017676,4.947781,8.407515,0.48884454,0.1499673,-0.16493349
IMU,248765549529058,-1.282553,5.139783,8.216953,-1.0017676,4.947781,8.407515,0.48884454,0.1499673,-0.16493349
IMU,248765551737235,-1.2873386,5.163711,8.169097,-1.0143256,4.968779,8.393615,0.48029244,0.1414152,-0.16371176
IMU,248765553945360,-1.3160524,5.168497,8.126026,-1.026654,4.989726,8.379678,0.4754055,0.13530655,-0.16371176
IMU,248765556153538,-1.3160524,5.1876397,8.092526,-1.026654,4.989726,8.379678,0.4705186,0.13041963,-0.16371176
IMU,248765558361715,-1.3351951,5.221139,8.063812,-1.038698,5.010607,8.365723,0.4705186,0.1291979,-0.16371176
IMU,248765560569840,-1.3256238,5.197211,8.039884,-1.038698,5.010607,8.365723,0.46196648,0.12064579,-0.16493349
IMU,248765562778017,-1.3304094,5.2163534,8.025527,-1.038698,5.010607,8.365723,0.45585784,0.11575887,-0.16493349
IMU,248765564986194,-1.3304094,5.2307105,8.020741,-1.0502735,5.0310774,8.35198,0.4497492,0.11209369,-0.16493349
IMU,248765567194319,-1.3256238,5.2259245,7.987242,-1.0502735,5.0310774,8.35198,0.4424188,0.109650224,-0.16249003
IMU,248765569402496,-1.3351951,5.221139,7.9537425,-1.0613943,5.051005,8.338535,0.4411971,0.10720677,-0.16249003
IMU,248765571610673,-1.3208381,5.245067,7.9346,-1.0613943,5.051005,8.338535,0.432645,0.10476331,-0.16126831
IMU,248765573818798,-1.3208381,5.235496,7.9011,-1.0722133,5.070573,8.325265,0.43020153,0.10598504,-0.15882485
IMU,248765576026975,-1.3208381,5.2259245,7.8963146,-1.0722133,5.070573,8.325265,0.42042768,0.10231985,-0.15638138
IMU,248765578235152,-1.3256238,5.2259245,7.8723865,-1.0827057,5.089471,8.312366,0.41309732,0.10231985,-0.15393792
IMU,248765580443277,-1.3304094,5.221139,7.853244,-1.0827057,5.089471,8.312366,0.4094321,0.10354158,-0.15149446
IMU,248765582651454,-1.3399807,5.211568,7.8723865,-1.0827057,5.089471,8.312366,0.39843655,0.10354158,-0.14905101
IMU,248765584859631,-1.3447664,5.206782,7.838887,-1.0931281,5.1076045,8.29987,0.39354962,0.10720677,-0.14416409
IMU,248765587067704,-1.3543376,5.211568,7.8436728,-1.0931281,5.1076045,8.29987,0.39354962,0.10720677,-0.14416409
IMU,248765589275933,-1.3256238,5.1828537,7.8149586,-1.1036919,5.1249676,8.28776,0.37888888,0.116980605,-0.13805544
IMU,248765591484110,-1.3351951,5.1876397,7.800602,-1.1036919,5.1249676,8.28776,0.37278023,0.11942407,-0.13439025
IMU,248765593692235,-1.3112668,5.197211,7.776674,-1.1142381,5.141574,8.276054,0.36422813,0.12553272,-0.12828161
IMU,248765595900413,-1.3064811,5.178068,7.752745,-1.1142381,5.141574,8.276054,0.35689774,0.1291979,-0.12583815
IMU,248765598108590,-1.2969099,5.1732826,7.7479596,-1.1142381,5.141574,8.276054,0.35689774,0.1291979,-0.12583815
IMU,248765600316715,-1.268196,5.1732826,7.800602,-1.1247201,5.157503,8.264717,0.33979353,0.1414152,-0.11362085
IMU,248765602524892,-1.253839,5.1876397,7.8293157,-1.1247201,5.157503,8.264717,0.33124143,0.15118903,-0.10995566
IMU,248765604733069,-1.2299109,5.2019963,7.867601,-1.1350992,5.1723638,8.2540045,0.3251328,0.15974113,-0.106290475
IMU,248765606941194,-1.2203395,5.221139,7.8628154,-1.1350992,5.1723638,8.2540045,0.31902415,0.16829325,-0.100181825
IMU,248765609149371,-1.18684,5.245067,7.8867435,-1.1447645,5.1852093,8.244605,0.31169376,0.17806709,-0.09773836
IMU,248765611357548,-1.1916257,5.2546387,7.8963146,-1.1447645,5.1852093,8.244605,0.30680683,0.18417573,-0.091629714
IMU,248765613565725,-1.18684,5.2737813,7.920243,-1.1447645,5.1852093,8.244605,0.30680683,0.18417573,-0.091629714
IMU,248765615773850,-1.18684,5.288138,7.9393854,-1.1548959,5.197558,8.235411,0.29947644,0.19883649,-0.08796453
IMU,248765617982027,-1.2011969,5.302495,7.9537425,-1.1653895,5.2095613,8.226344,0.29581127,0.20005822,-0.08429934
IMU,248765620190204,-1.2203395,5.302495,7.948957,-1.1653895,5.2095613,8.226344,0.2933678,0.20250167,-0.08185588
IMU,248765622398329,-1.2442678,5.2977095,7.944171,-1.1653895,5.2095613,8.226344,0.29092434,0.20127994,-0.07941242
IMU,248765624606506,-1.2729816,5.2977095,7.948957,-1.1758738,5.221313,8.217396,0.28970262,0.20005822,-0.07696896
IMU,248765626814683,-1.3256238,5.2833524,7.9154572,-1.1758738,5.221313,8.217396,0.28848088,0.19761476,-0.073303774
IMU,248765629022808,-1.3351951,5.2977095,7.905886,-1.1860827,5.2329197,8.208541,0.28603745,0.19272783,-0.06963859
IMU,248765631230985,-1.3399807,5.302495,7.891529,-1.1860827,5.2329197,8.208541,0.2848157,0.18661919,-0.06597339
IMU,248765633439163,-1.3256238,5.2833524,7.881958,-1.195601,5.244395,8.199832,0.28237224,0.17806709,-0.06352994
IMU,248765635647288,-1.3399807,5.2977095,7.877172,-1.195601,5.244395,8.199832,0.27748534,0.16707152,-0.05986475
IMU,248765637855465,-1.3543376,5.312066,7.905886,-1.2041334,5.2555747,8.191421,0.27504188,0.16096286,-0.05864302
IMU,248765640063642,-1.3304094,5.2977095,7.948957,-1.2041334,5.2555747,8.191421,0.27015495,0.15363249,-0.05742129
IMU,248765642271767,-1.3112668,5.312066,7.972885,-1.2041334,5.2555747,8.191421,0.26648977,0.14508039,-0.0537561
IMU,248765644479944,-1.3112668,5.3072805,8.015956,-1.2118315,5.266352,8.18336,0.26282457,0.1414152,-0.0537561
IMU,248765646688121,-1.2873386,5.326423,8.059027,-1.2118315,5.266352,8.18336,0.2591594,0.13775001,-0.05497783
IMU,248765648896246,-1.2777673,5.326423,8.106883,-1.2190584,5.276769,8.175572,0.2591594,0.13775001,-0.05497783
IMU,248765651104423,-1.2586247,5.316852,8.116454,-1.2190584,5.276769,8.175572,0.25427246,0.13408482,-0.05253437
IMU,248765653312600,-1.2586247,5.3407803,8.126026,-1.2190584,5.276769,8.175572,0.25305074,0.13408482,-0.05253437
IMU,248765655520725,-1.2394822,5.3359947,8.130812,-1.2260137,5.286915,8.167975,0.251829,0.13164136,-0.05253437
IMU,248765657728902,-1.2155539,5.312066,8.126026,-1.2260137,5.286915,8.167975,0.251829,0.1291979,-0.05253437
IMU,248765659937079,-1.2059826,5.312066,8.097312,-1.2260137,5.286915,8.167975,0.251829,0.1291979,-0.05253437
IMU,248765662145204,-1.1916257,5.312066,8.063812,-1.2327302,5.296919,8.160479,0.24938555,0.116980605,-0.056199558
IMU,248765664353381,-1.1820544,5.316852,8.092526,-1.2389338,5.30678,8.15313,0.24694209,0.10598504,-0.056199558
IMU,248765666561558,-1.18684,5.3216376,8.087741,-1.2389338,5.30678,8.15313,0.24938555,0.10231985,-0.05986475
IMU,248765668769683,-1.1820544,5.2977095,8.097312,-1.2445341,5.3165927,8.145881,0.25060728,0.091324285,-0.062308207
IMU,248765670977860,-1.1916257,5.3072805,8.082955,-1.2445341,5.3165927,8.145881,0.24938555,0.083993904,-0.06352994
IMU,248765673186038,-1.1964114,5.2977095,8.054241,-1.2494797,5.3263674,8.138735,0.24938555,0.07299834,-0.067195125
IMU,248765675394163,-1.2155539,5.2833524,8.068598,-1.2494797,5.3263674,8.138735,0.25060728,0.0632245,-0.06963859
IMU,248765677602340,-1.2155539,5.288138,8.092526,-1.2494797,5.3263674,8.138735,0.24938555,0.053450666,-0.073303774
IMU,248765679810517,-1.2442678,5.288138,8.082955,-1.2537147,5.3360806,8.131718,0.25060728,0.04367683,-0.07696896
IMU,248765682018642,-1.2442678,5.2977095,8.12124,-1.2537147,5.3360806,8.131718,0.25305074,0.033902995,-0.08185588
IMU,248765684226819,-1.2729816,5.2833524,8.140383,-1.2537147,5.3360806,8.131718,0.25060728,0.026572619,-0.08429934
IMU,248765686434996,-1.3016955,5.2737813,8.169097,-1.2573364,5.34577,8.124792,0.25305074,0.01924224,-0.086742796
IMU,248765688643121,-1.3160524,5.2977095,8.202596,-1.2605449,5.3554244,8.117933,0.25671592,0.01802051,-0.08918626
IMU,248765690851298,-1.3447664,5.3072805,8.207381,-1.2605449,5.3554244,8.117933,0.25671592,0.013133593,-0.09407318
IMU,248765693059475,-1.3591232,5.312066,8.236095,-1.263602,5.3651295,8.111047,0.25671592,0.0070249448,-0.09529491
IMU,248765695267652,-1.3543376,5.3359947,8.2456665,-1.263602,5.3651295,8.111047,0.25671592,0.0058032153,-0.09773836
IMU,248765697475777,-1.3734802,5.355137,8.236095,-1.263602,5.3651295,8.111047,0.25793764,0.0021380268,-0.100181825
IMU,248765699683954,-1.3782659,5.3647084,8.216953,-1.2665179,5.374824,8.104171,0.2591594,-0.0015271619,-0.10262528
IMU,248765701892131,-1.3974084,5.345566,8.154739,-1.2665179,5.374824,8.104171,0.2603811,-0.003970621,-0.106290475
IMU,248765704100256,-1.4835501,5.111069,7.7144604,-1.2693094,5.384673,8.097193,0.2689332,-0.012522728,-0.1075122
IMU,248765706308433,-1.5840486,5.130212,7.2119675,-1.2693094,5.384673,8.097193,0.28970262,-0.040622506,-0.11117739
IMU,248765708516610,-1.6510476,5.407779,6.9009004,-1.2693094,5.384673,8.097193,0.33246315,-0.082161315,-0.118507765
IMU,248765710724735,-1.6893328,5.6853466,6.948757,-1.2708964,5.3963017,8.089199,0.37400195,-0.13469568,-0.12705988
IMU,248765712932913,-1.7180467,5.800202,7.216753,-1.2708964,5.3963017,8.089199,0.37400195,-0.13469568,-0.12705988
IMU,248765715141038,-1.7754744,5.7762737,7.475178,-1.2689227,5.4117837,8.07916,0.42409286,-0.21166465,-0.1404989
IMU,248765717349215,-1.8520447,5.6614184,7.6570325,-1.2689227,5.4117837,8.07916,0.43020153,-0.22632541,-0.1404989
IMU,248765719557392,-1.8903298,5.5657053,7.7814593,-1.2645789,5.4286184,8.068539,0.42164943,-0.22388195,-0.13439025
IMU,248765721765569,-1.9381863,5.4699926,7.8484583,-1.2645789,5.4286184,8.068539,0.40576693,-0.20433427,-0.124616414
IMU,248765723973694,-1.9334008,5.383851,7.8628154,-1.2605677,5.444313,8.058586,0.38255405,-0.17745622,-0.11362085
IMU,248765726181871,-1.9094725,5.345566,7.8580294,-1.2605677,5.444313,8.058586,0.35201082,-0.13591741,-0.100181825
IMU,248765728390048,-1.8807586,5.3312087,7.7814593,-1.2605677,5.444313,8.058586,0.35201082,-0.13591741,-0.100181825
IMU,248765730598173,-1.7994026,5.3407803,7.685746,-1.258834,5.4576144,8.049855,0.27992877,-0.06017018,-0.073303774
IMU,248765732806350,-1.7419748,5.383851,7.585248,-1.2594929,5.467857,8.042799,0.24083345,-0.029626941,-0.06108648
IMU,248765735014527,-1.6845472,5.426922,7.456035,-1.2594929,5.467857,8.042799,0.20540328,-0.00641408,-0.050090913
IMU,248765737222652,-1.6414764,5.474778,7.3459654,-1.2594929,5.467857,8.042799,0.16508621,0.004581486,-0.042760536
IMU,248765739430829,-1.6031911,5.5130634,7.259824,-1.261318,5.4750814,8.037596,0.1357647,0.009468404,-0.034208428
IMU,248765741639006,-1.564906,5.556134,7.2119675,-1.261318,5.4750814,8.037596,0.1357647,0.009468404,-0.034208428
IMU,248765743847131,-1.550549,5.5896335,7.1976104,-1.2626601,5.479678,8.034252,0.077121675,-0.010079269,-0.02565632
IMU,248765746055308,-1.5170496,5.5800624,7.2263246,-1.2626601,5.479678,8.034252,0.050243627,-0.032070402,-0.021991132
IMU,248765748263485,-1.5122639,5.575277,7.2550383,-1.2621965,5.4818907,8.032815,0.025809037,-0.054061532,-0.019547673
IMU,248765750471610,-1.4931214,5.556134,7.3028946,-1.2621965,5.4818907,8.032815,0.008704823,-0.0736092,-0.018325943
IMU,248765752679788,-1.4500505,5.541777,7.3986077,-1.2621965,5.4818907,8.032815,-0.0108428495,-0.09560034,-0.019547673
IMU,248765754887965,-1.430908,5.503492,7.489535,-1.2596881,5.4821835,8.03301,-0.027947064,-0.11514801,-0.019547673
IMU,248765757096090,-1.3974084,5.4843497,7.5517483,-1.2596881,5.4821835,8.03301,-0.042607818,-0.1310305,-0.019547673
IMU,248765759304267,-1.3686945,5.4221363,7.63789,-1.2553679,5.480795,8.034633,-0.056046844,-0.14935644,-0.019547673
IMU,248765761512444,-1.3256238,5.393422,7.6809607,-1.2553679,5.480795,8.034633,-0.06826414,-0.15913028,-0.019547673
IMU,248765763720569,-1.2059826,5.3072805,7.556534,-1.2553679,5.480795,8.034633,-0.07315106,-0.16768238,-0.019547673
IMU,248765765928746,-1.0863415,5.206782,7.4273214,-1.2496651,5.4781537,8.037322,-0.08048143,-0.16768238,-0.020769402
IMU,248765768136923,-1.0289137,5.178068,7.288538,-1.2434461,5.4748206,8.040558,-0.09025527,-0.16646065,-0.021991132
IMU,248765770345048,-0.94755775,5.2019963,7.164111,-1.2434461,5.4748206,8.040558,-0.101250835,-0.15790854,-0.023212861
IMU,248765772553225,-0.90448695,5.2546387,7.125826,-1.2434461,5.4748206,8.040558,-0.108581215,-0.14446951,-0.02565632
IMU,248765774761402,-0.85184485,5.312066,7.1880393,-1.237816,5.4707437,8.0442,-0.1244637,-0.13469568,-0.02687805
IMU,248765776969527,-0.8279166,5.383851,7.2646093,-1.237816,5.4707437,8.0442,-0.13423753,-0.11759147,-0.02932151
IMU,248765779177704,-0.7896315,5.436493,7.479964,-1.2333045,5.465637,8.048364,-0.1452331,-0.10537417,-0.028099779
IMU,248765781385881,-0.7896315,5.4556355,7.6570325,-1.2333045,5.465637,8.048364,-0.15500695,-0.09071342,-0.02932151
IMU,248765783594006,-0.79441714,5.4843497,7.8197446,-1.230011,5.459487,8.053041,-0.16355905,-0.074830934,-0.02932151
IMU,248765785802183,-0.81834537,5.474778,7.948957,-1.230011,5.459487,8.053041,-0.17088942,-0.05650499,-0.03054324
IMU,248765788010360,-0.8662018,5.4795637,8.030313,-1.2283344,5.4525433,8.058,-0.17211115,-0.03940078,-0.032986697
IMU,248765790218485,-0.89491564,5.4891353,8.097312,-1.2283344,5.4525433,8.058,-0.17699806,-0.021074835,-0.035430156
IMU,248765792426663,-0.93320084,5.4987063,8.130812,-1.2283344,5.4525433,8.058,-0.1782198,-0.0051923506,-0.037873615
IMU,248765794634840,-0.9619147,5.5274205,8.135597,-1.2284567,5.4452047,8.062942,-0.17699806,0.0058032153,-0.042760536
IMU,248765796842965,-0.9906286,5.5513487,8.145168,-1.2284567,5.4452047,8.062942,-0.17699806,0.014355322,-0.046425723
IMU,248765799051142,-1.0145568,5.5657053,8.1738825,-1.2298836,5.4378633,8.067678,-0.17577635,0.01924224,-0.05131264
IMU,248765801259319,-1.038485,5.556134,8.19781,-1.2298836,5.4378633,8.067678,-0.17211115,0.01924224,-0.0537561
IMU,248765803467444,-1.0671989,5.5657053,8.226524,-1.231855,5.430627,8.072249,-0.17088942,0.01802051,-0.05742129
IMU,248765805675621,-1.0959128,5.56092,8.250452,-1.231855,5.430627,8.072249,-0.16722423,0.01802051,-0.05864302
IMU,248765807883798,-1.0959128,5.556134,8.26481,-1.2339188,5.423608,8.076652,-0.16355905,0.016798781,-0.05742129
IMU,248765810091923,-1.1389836,5.5465627,8.274381,-1.2339188,5.423608,8.076652,-0.15989386,0.01802051,-0.05742129
IMU,248765812300100,-1.1629118,5.5465627,8.303095,-1.2339188,5.423608,8.076652,-0.15867212,0.02046397,-0.05497783
IMU,248765814508277,-1.1964114,5.5369916,8.336594,-1.236075,5.4168468,8.080859,-0.15622866,0.024129158,-0.050090913
IMU,248765816716402,-1.2155539,5.5226345,8.360522,-1.236075,5.4168468,8.080859,-0.15256348,0.030237807,-0.045203995
IMU,248765818924579,-1.2251252,5.508278,8.422736,-1.238455,5.4103127,8.08487,-0.15134175,0.040011644,-0.039095346
IMU,248765821132756,-1.2442678,5.4843497,8.437093,-1.238455,5.4103127,8.08487,-0.15012002,0.04856375,-0.034208428
IMU,248765823340933,-1.2490535,5.474778,8.465807,-1.2413505,5.4039397,8.088687,-0.14767656,0.059559315,-0.028099779
IMU,248765825549058,-1.2490535,5.474778,8.499306,-1.2413505,5.4039397,8.088687,-0.14401138,0.07055488,-0.020769402
IMU,248765827757235,-1.2394822,5.45085,8.532805,-1.2413505,5.4039397,8.088687,-0.13668099,0.08277218,-0.014660755
IMU,248765829965413,-1.2394822,5.45085,8.518449,-1.2413505,5.4039397,8.088687,-0.13179408,0.08643737,-0.0097738365
IMU,248765832173381,-1.2203395,5.4317074,8.523234,-1.2448542,5.397965,8.092138,-0.12202024,0.092546016,-0.0048869182
IMU,248765834381715,-1.2107682,5.4173503,8.532805,-1.2485988,5.392659,8.095098,-0.114689864,0.0962112,0.0
IMU,248765836589840,-1.2011969,5.3886366,8.5423765,-1.2485988,5.392659,8.095098,-0.10491603,0.098654665,0.0036651888
IMU,248765838798017,-1.18684,5.3790655,8.571091,-1.252358,5.3881974,8.097487,-0.09392046,0.09987639,0.0073303776
IMU,248765841006194,-1.1772687,5.355137,8.590233,-1.252358,5.3881974,8.097487,-0.082924895,0.098654665,0.0097738365
IMU,248765843214319,-1.1772687,5.345566,8.609376,-1.2559371,5.3847713,8.099213,-0.06826414,0.098654665,0.010995566
IMU,248765845422496,-1.1676974,5.3312087,8.590233,-1.2559371,5.3847713,8.099213,-0.054825112,0.098654665,0.013439025
IMU,248765847630673,-1.1724831,5.3312087,8.618947,-1.2559371,5.3847713,8.099213,-0.04138609,0.09376775,0.013439025
IMU,248765849838798,-1.18684,5.312066,8.618947,-1.2583237,5.38076,8.101508,-0.024281874,0.09010255,0.012217295
IMU,248765852046975,-1.18684,5.3072805,8.63809,-1.2583237,5.38076,8.101508,-0.00962112,0.08155045,0.012217295
IMU,248765854255152,-1.18684,5.3072805,8.657232,-1.2603686,5.3779306,8.103068,0.003817905,0.07666353,0.010995566
IMU,248765856463329,-1.1772687,5.288138,8.628518,-1.2603686,5.3779306,8.103068,0.01970039,0.06811142,0.008552107
IMU,248765858671454,-1.1772687,5.2833524,8.609376,-1.2617908,5.376267,8.103951,0.029474225,0.059559315,0.0061086477
IMU,248765860879631,-1.1820544,5.288138,8.623733,-1.2617908,5.376267,8.103951,0.04780017,0.05222894,0.0024434591
IMU,248765863087756,-1.1916257,5.2642097,8.623733,-1.262712,5.375858,8.104079,0.061239194,0.044898562,0.0
IMU,248765865295933,-1.1820544,5.2689953,8.623733,-1.262712,5.375858,8.104079,0.07345649,0.036346454,-0.0036651888
IMU,248765867504110,-1.18684,5.2689953,8.609376,-1.262712,5.375858,8.104079,0.084452055,0.030237807,-0.0061086477
IMU,248765869712235,-1.1916257,5.259424,8.60459,-1.2631426,5.376504,8.103583,0.09544762,0.024129158,-0.0097738365
IMU,248765871920413,-1.2251252,5.2689953,8.60459,-1.2631426,5.376504,8.103583,0.11133011,0.022907428,-0.013439025
IMU,248765874128590,-1.2251252,5.2737813,8.575876,-1.2635527,5.378228,8.102375,0.11988221,0.01802051,-0.014660755
IMU,248765876336715,-1.2586247,5.2929235,8.571091,-1.2635527,5.378228,8.102375,0.13087778,0.014355322,-0.015882485
IMU,248765878544892,-1.282553,5.312066,8.537591,-1.2640786,5.38114,8.10036,0.13942988,0.009468404,-0.017104214
IMU,248765880753069,-1.2969099,5.3312087,8.49452,-1.2640786,5.38114,8.10036,0.14798199,0.0058032153,-0.018325943
IMU,248765882961194,-1.3256238,5.345566,8.4705925,-1.2647681,5.3852887,8.097495,0.1565341,0.0021380268,-0.019547673
IMU,248765885169371,-1.3591232,5.3790655,8.432307,-1.2647681,5.3852887,8.097495,0.16386448,-0.0015271619,-0.018325943
IMU,248765887377548,-1.3926228,5.393422,8.398808,-1.2647681,5.3852887,8.097495,0.16875139,-0.00641408,-0.015882485
IMU,248765889585673,-1.4117653,5.4029937,8.384451,-1.2647681,5.3852887,8.097495,0.17486005,-0.011300999,-0.015882485
IMU,248765891793850,-1.4356936,5.407779,8.331808,-1.2656447,5.390598,8.093823,0.18219042,-0.013744458,-0.014660755
IMU,248765894002027,-1.4644074,5.4029937,8.288737,-1.2665899,5.3967667,8.089564,0.18585561,-0.017409647,-0.013439025
IMU,248765896210152,-1.4596218,5.4221363,8.221739,-1.2665899,5.3967667,8.089564,0.19318599,-0.023518294,-0.013439025
IMU,248765898418329,-1.4931214,5.4173503,8.19781,-1.2675048,5.403838,8.084699,0.19562945,-0.027183482,-0.010995566
IMU,248765900626506,-1.5026926,5.393422,8.130812,-1.2675048,5.403838,8.084699,0.20051636,-0.03329213,-0.0097738365
IMU,248765902834683,-1.5218352,5.4173503,8.082955,-1.2682788,5.411551,8.079417,0.20173809,-0.038179047,-0.008552107
IMU,248765905042808,-1.5314065,5.4125648,8.068598,-1.2682788,5.411551,8.079417,0.20295982,-0.03940078,-0.0073303776
IMU,248765907250985,-1.5266209,5.4221363,8.04467,-1.2682788,5.411551,8.079417,0.20051636,-0.043065965,-0.0061086477
IMU,248765909459110,-1.5409778,5.426922,8.049456,-1.2689342,5.4195614,8.073942,0.20295982,-0.044287696,-0.0036651888
IMU,248765911667288,-1.5361922,5.4317074,8.035098,-1.2689342,5.4195614,8.073942,0.20540328,-0.045509428,-0.0024434591
IMU,248765913875465,-1.550549,5.4317074,8.039884,-1.2694408,5.427755,8.0683565,0.20540328,-0.045509428,-0.0012217296
IMU,248765916083642,-1.5457634,5.4460645,8.030313,-1.2694408,5.427755,8.0683565,0.20784675,-0.045509428,0.0012217296
IMU,248765918291767,-1.5601203,5.460421,8.025527,-1.269903,5.4360814,8.062677,0.20418155,-0.045509428,0.0036651888
IMU,248765920499944,-1.5457634,5.4460645,8.01117,-1.269903,5.4360814,8.062677,0.20418155,-0.047952887,0.0061086477
IMU,248765922708121,-1.550549,5.4460645,8.015956,-1.269903,5.4360814,8.062677,0.20295982,-0.045509428,0.0097738365
IMU,248765924916246,-1.5601203,5.4556355,8.015956,-1.2701538,5.4443517,8.057054,0.20662501,-0.045509428,0.014660755
IMU,248765927124423,-1.550549,5.460421,7.9968133,-1.2701538,5.4443517,8.057054,0.20540328,-0.041844238,0.017104214
IMU,248765929332548,-1.550549,5.465207,7.9776707,-1.2703578,5.4527926,8.051312,0.20662501,-0.03940078,0.020769402
IMU,248765931540725,-1.5361922,5.465207,7.9298143,-1.2703578,5.4527926,8.051312,0.20784675,-0.040622506,0.02443459
IMU,248765933748902,-1.5266209,5.4795637,7.9106717,-1.2703578,5.4527926,8.051312,0.20784675,-0.040622506,0.02443459
IMU,248765935957027,-1.5314065,5.4843497,7.8628154,-1.2704047,5.461576,8.045349,0.20662501,-0.03940078,0.036651887
IMU,248765938165204,-1.5074782,5.4891353,7.838887,-1.2700343,5.470687,8.039215,0.20418155,-0.03940078,0.041538805
IMU,248765940373381,-1.4979069,5.517849,7.8197446,-1.2700343,5.470687,8.039215,0.19929464,-0.044287696,0.047647454
IMU,248765942581506,-1.4883357,5.5226345,7.771888,-1.2700343,5.470687,8.039215,0.19807291,-0.041844238,0.0537561
IMU,248765944789683,-1.4739788,5.517849,7.7479596,-1.2689649,5.4799595,8.033067,0.19440772,-0.041844238,0.05986475
IMU,248765946997860,-1.4596218,5.532206,7.728817,-1.2689649,5.4799595,8.033067,0.18952079,-0.043065965,0.06352994
IMU,248765949205985,-1.4404793,5.556134,7.7144604,-1.2689649,5.4799595,8.033067,0.18341215,-0.043065965,0.068416856
IMU,248765951414163,-1.4069797,5.5369916,7.6809607,-1.2673951,5.4892173,8.026992,0.17730351,-0.043065965,0.073303774
IMU,248765953622340,-1.402194,5.532206,7.6666036,-1.2651995,5.4982233,8.021172,0.17119485,-0.041844238,0.07696896
IMU,248765955830465,-1.3782659,5.5274205,7.6331043,-1.2651995,5.4982233,8.021172,0.16264275,-0.038179047,0.08185588
IMU,248765958038642,-1.3686945,5.5226345,7.609176,-1.2627482,5.506701,8.01574,0.15531237,-0.03451386,0.08429934
IMU,248765960246819,-1.3447664,5.517849,7.5900335,-1.2627482,5.506701,8.01574,0.14553854,-0.029626941,0.086742796
IMU,248765962454944,-1.3495519,5.5130634,7.5517483,-1.2627482,5.506701,8.01574,0.13332124,-0.023518294,0.08918626
IMU,248765964663121,-1.3304094,5.5130634,7.5613194,-1.260394,5.5144563,8.010778,0.123547405,-0.016187917,0.092851445
IMU,248765966871298,-1.3447664,5.460421,7.5086775,-1.260394,5.5144563,8.010778,0.11133011,-0.008857539,0.09407318
IMU,248765969079423,-1.3304094,5.426922,7.489535,-1.2585194,5.521155,8.006457,0.10033454,0.0033597562,0.09773836
IMU,248765971287600,-1.3304094,5.45085,7.456035,-1.2585194,5.521155,8.006457,0.08567379,0.014355322,0.098960094
IMU,248765973495777,-1.3112668,5.503492,7.479964,-1.257431,5.526695,8.002806,0.06734784,0.021685699,0.100181825
IMU,248765975703902,-1.2921243,5.532206,7.436893,-1.257431,5.526695,8.002806,0.062460925,0.035124727,0.10262528
IMU,248765977912340,-1.2729816,5.5704913,7.393822,-1.256897,5.5318213,7.9993467,0.04780017,0.044898562,0.10262528
IMU,248765980120256,-1.2586247,5.5896335,7.3986077,-1.256897,5.5318213,7.9993467,0.038026333,0.054672398,0.100181825
IMU,248765982328381,-1.2299109,5.6374903,7.432107,-1.256897,5.5318213,7.9993467,0.027030766,0.058337588,0.100181825
IMU,248765984536558,-1.2394822,5.6853466,7.422536,-1.2567891,5.536401,7.9961953,0.01970039,0.0632245,0.09651663
IMU,248765986744735,-1.1964114,5.723632,7.4033933,-1.2567891,5.536401,7.9961953,0.013591741,0.06811142,0.09407318
IMU,248765988952860,-1.18684,5.7523456,7.4177504,-1.2568794,5.5408096,7.993126,0.0074830935,0.066889696,0.09040799
IMU,248765991161038,-1.1772687,5.790631,7.408179,-1.2568794,5.5408096,7.993126,-0.0010690134,0.066889696,0.08429934
IMU,248765993369215,-1.1724831,5.7858453,7.432107,-1.2569714,5.544909,7.990268,-0.004734202,0.066889696,0.07696896
IMU,248765995577340,-1.1820544,5.7762737,7.4656067,-1.2569714,5.544909,7.990268,-0.008399391,0.066889696,0.07208204
IMU,248765997785517,-1.2107682,5.7523456,7.537391,-1.2575469,5.5481586,7.9879227,-0.013286309,0.06933315,0.06475167
IMU,248765999993694,-1.2346965,5.733203,7.628319,-1.2575469,5.5481586,7.9879227,-0.016951498,0.07177661,0.05742129
IMU,248766002201819,-1.2586247,5.7140603,7.7144604,-1.2575469,5.5481586,7.9879227,-0.016951498,0.07910699,0.05253437
IMU,248766004409996,-1.2873386,5.680561,7.800602,-1.2591827,5.550014,7.9863753,-0.023060145,0.08643737,0.04886918
IMU,248766006618173,-1.3256238,5.666204,7.8723865,-1.2591827,5.550014,7.9863753,-0.023060145,0.097432934,0.047647454
IMU,248766008826298,-1.3495519,5.6470613,7.9633136,-1.262177,5.5505195,7.9855514,-0.024281874,0.10598504,0.046425723
IMU,248766011034475,-1.3734802,5.6374903,8.035098,-1.262177,5.5505195,7.9855514,-0.030390523,0.11209369,0.04886918
IMU,248766013242652,-1.3974084,5.623133,8.082955,-1.2661381,5.5500083,7.98528,-0.024281874,0.118202336,0.05131264
IMU,248766015450777,-1.4117653,5.5944195,8.078169,-1.2661381,5.5500083,7.98528,-0.024281874,0.11942407,0.056199558
IMU,248766017658954,-1.4500505,5.608776,8.116454,-1.2661381,5.5500083,7.98528,-0.016951498,0.12064579,0.05986475
IMU,248766019867131,-1.4500505,5.608776,8.12124,-1.2704711,5.5493517,7.985048,-0.0108428495,0.11453715,0.06475167
IMU,248766022075308,-1.4500505,5.6327047,8.106883,-1.2704711,5.5493517,7.985048,-0.004734202,0.10598504,0.07086031
IMU,248766024283433,-1.4739788,5.6327047,8.126026,-1.2741311,5.549335,7.984476,0.0013744457,0.091324285,0.07696896
IMU,248766026491610,-1.4596218,5.642276,8.145168,-1.2741311,5.549335,7.984476,0.006261364,0.0754418,0.08307761
IMU,248766028699735,-1.4644074,5.651847,8.149954,-1.2762179,5.54997,7.983701,0.016035201,0.059559315,0.086742796
IMU,248766030907913,-1.4404793,5.6709895,8.178668,-1.2762179,5.54997,7.983701,0.01970039,0.038789913,0.09040799
IMU,248766033116090,-1.4356936,5.6757755,8.169097,-1.276157,5.5513506,7.982752,0.030695954,0.01924224,0.09529491
IMU,248766035324215,-1.4213367,5.690132,8.216953,-1.276157,5.5513506,7.982752,0.031917684,-0.0015271619,0.09773836
IMU,248766037532392,-1.4261223,5.690132,8.250452,-1.276157,5.5513506,7.982752,0.04046979,-0.021074835,0.098960094
IMU,248766039740569,-1.3830515,5.6949177,8.274381,-1.2738842,5.5531597,7.9818563,0.044134982,-0.041844238,0.100181825
IMU,248766041948694,-1.3639089,5.690132,8.279166,-1.2738842,5.5531597,7.9818563,0.04657844,-0.06017018,0.10262528
IMU,248766044156871,-1.3639089,5.690132,8.26481,-1.2693148,5.555232,7.9811416,0.050243627,-0.07849612,0.10140356
IMU,248766046365048,-1.3447664,5.6614184,8.269595,-1.2693148,5.555232,7.9811416,0.05146536,-0.09315688,0.100181825
IMU,248766048573173,-1.3304094,5.6614184,8.30788,-1.2631289,5.557404,7.980611,0.055130545,-0.109039366,0.098960094
IMU,248766050781350,-1.2921243,5.6374903,8.312666,-1.2631289,5.557404,7.980611,0.058795735,-0.120034926,0.098960094
IMU,248766052989527,-1.282553,5.608776,8.331808,-1.2554559,5.559477,7.980378,0.061239194,-0.1310305,0.09773836
IMU,248766055197652,-1.253839,5.584848,8.346166,-1.2554559,5.559477,7.980378,0.061239194,-0.1395826,0.09651663
IMU,248766057405829,-1.2634103,5.575277,8.365308,-1.2554559,5.559477,7.980378,0.06368265,-0.14446951,0.09407318
IMU,248766059614006,-1.2729816,5.575277,8.403593,-1.2468975,5.561248,7.9804854,0.0697913,-0.14813471,0.09529491
IMU,248766061822131,-1.282553,5.575277,8.446664,-1.2468975,5.561248,7.9804854,0.07223476,-0.1517999,0.09651663
IMU,248766064030308,-1.2777673,5.575277,8.456235,-1.2381402,5.5630746,7.980577,0.08078687,-0.15302163,0.09651663
IMU,248766066238485,-1.2777673,5.575277,8.422736,-1.2381402,5.5630746,7.980577,0.08567379,-0.15424335,0.098960094
IMU,248766068446610,-1.2729816,5.5800624,8.413164,-1.2291762,5.565431,7.9803185,0.091782436,-0.15913028,0.100181825
IMU,248766070654788,-1.2586247,5.575277,8.403593,-1.2291762,5.565431,7.9803185,0.10155627,-0.16279547,0.10140356
IMU,248766072862965,-1.2634103,5.5657053,8.389236,-1.2197748,5.56861,7.9795437,0.110108376,-0.16523892,0.10506874
IMU,248766075071090,-1.2490535,5.575277,8.360522,-1.2197748,5.56861,7.9795437,0.11988221,-0.1725693,0.106290475
IMU,248766077279267,-1.2442678,5.5513487,8.34138,-1.2197748,5.56861,7.9795437,0.13087778,-0.17623448,0.10873393
IMU,248766079487444,-1.2346965,5.5465627,8.30788,-1.2097807,5.572807,7.9781356,0.14187334,-0.18234314,0.10995566
IMU,248766081695569,-1.2107682,5.517849,8.279166,-1.2097807,5.572807,7.9781356,0.15409064,-0.18356487,0.11362085
IMU,248766083903746,-1.2011969,5.5226345,8.26481,-1.1992633,5.578086,7.9760337,0.16508621,-0.18356487,0.11484258
IMU,248766086111923,-1.1676974,5.5226345,8.207381,-1.1992633,5.578086,7.9760337,0.17363831,-0.1847866,0.11728604
IMU,248766088320048,-1.1437693,5.5274205,8.202596,-1.1883365,5.58453,7.97316,0.18585561,-0.18234314,0.1197295
IMU,248766090528225,-1.1246266,5.5274205,8.126026,-1.1883365,5.58453,7.97316,0.19807291,-0.17989968,0.12095123
IMU,248766092736402,-1.0959128,5.532206,8.087741,-1.1883365,5.58453,7.97316,0.20540328,-0.17623448,0.12095123
IMU,248766094944527,-1.0624132,5.5226345,8.049456,-1.1772572,5.5923448,7.969325,0.20906848,-0.17501275,0.12339468
IMU,248766097152704,-1.0432707,5.5226345,8.01117,-1.1772572,5.5923448,7.969325,0.21395539,-0.1725693,0.12339468
IMU,248766099360829,-1.0336994,5.517849,7.9633136,-1.1659702,5.6008782,7.9649897,0.21395539,-0.17012584,0.12095123
IMU,248766101569006,-1.0193424,5.503492,7.905886,-1.1659702,5.6008782,7.9649897,0.21395539,-0.16279547,0.1197295
IMU,248766103777183,-1.0145568,5.508278,7.867601,-1.1659702,5.6008782,7.9649897,0.21395539,-0.16279547,0.1197295
IMU,248766105985360,-1.0193424,5.503492,7.8197446,-1.1551423,5.6097536,7.9603205,0.21151192,-0.14569125,0.11728604
IMU,248766108193485,-1.0049855,5.508278,7.7623167,-1.145197,5.618811,7.955367,0.20906848,-0.13836087,0.11728604
IMU,248766110401663,-0.971486,5.517849,7.7096744,-1.145197,5.618811,7.955367,0.20173809,-0.13347395,0.11484258
IMU,248766112609788,-0.9379865,5.5226345,7.6426754,-1.145197,5.618811,7.955367,0.19440772,-0.12614357,0.11362085
IMU,248766114817965,-0.9284152,5.5369916,7.594819,-1.1356472,5.627851,7.9503455,0.18829907,-0.120034926,0.112399116
IMU,248766117026142,-0.90448695,5.5226345,7.556534,-1.1356472,5.627851,7.9503455,0.17852524,-0.1188132,0.10995566
IMU,248766119234267,-0.8757731,5.532206,7.5182486,-1.1264122,5.6366386,7.9454317,0.16875139,-0.113926284,0.10873393
IMU,248766121442444,-0.85184485,5.541777,7.479964,-1.1264122,5.6366386,7.9454317,0.15897755,-0.11148282,0.10506874
IMU,248766123650621,-0.8327023,5.56092,7.4416785,-1.1173085,5.6448784,7.940867,0.14920372,-0.10537417,0.10262528
IMU,248766125858746,-0.8279166,5.575277,7.4273214,-1.1173085,5.6448784,7.940867,0.13698642,-0.10415245,0.098960094
IMU,248766128066871,-0.81834537,5.584848,7.4129643,-1.1085197,5.652442,7.936717,0.12476913,-0.101708986,0.09651663
IMU,248766130275100,-0.7896315,5.613562,7.393822,-1.1085197,5.652442,7.936717,0.11255184,-0.09682207,0.092851445
IMU,248766132483277,-0.7848458,5.613562,7.379465,-1.1085197,5.652442,7.936717,0.09789108,-0.09071342,0.08918626
IMU,248766134691402,-0.7800602,5.613562,7.365108,-1.1001202,5.6591263,7.933121,0.08811724,-0.082161315,0.086742796
IMU,248766136899579,-0.7896315,5.6039906,7.365108,-1.1001202,5.6591263,7.933121,0.07345649,-0.0772744,0.08429934
IMU,248766139107756,-0.7896315,5.599205,7.355537,-1.0925605,5.6647005,7.930187,0.062460925,-0.07116575,0.07819069
IMU,248766141315881,-0.79441714,5.5704913,7.34118,-1.0925605,5.6647005,7.930187,0.052687086,-0.062613636,0.07574723
IMU,248766143524058,-0.7896315,5.5513487,7.3172517,-1.0859851,5.6690617,7.9279723,0.052687086,-0.062613636,0.07574723
IMU,248766145732183,-0.7896315,5.5465627,7.312466,-1.0859851,5.6690617,7.9279723,0.03924806,-0.05650499,0.073303774
IMU,248766147940360,-0.79441714,5.5130634,7.3268228,-1.0803102,5.672263,7.9264593,0.01725693,-0.044287696,0.067195125
IMU,248766150148538,-0.79920274,5.508278,7.331609,-1.0803102,5.672263,7.9264593,0.009926553,-0.03451386,0.06475167
IMU,248766152356663,-0.79441714,5.493921,7.331609,-1.0803102,5.672263,7.9264593,0.0013744457,-0.025961753,0.06108648
IMU,248766154564840,-0.7896315,5.493921,7.3459654,-1.0803102,5.672263,7.9264593,-0.007177661,-0.018631376,0.05742129
IMU,248766156773017,-0.7800602,5.503492,7.3746796,-1.0755905,5.6743035,7.92564,-0.018173227,-0.012522728,0.05497783
IMU,248766158981142,-0.75613195,5.5274205,7.4033933,-1.0716153,5.6753283,7.9254446,-0.027947064,-0.0051923506,0.050090913
IMU,248766161189319,-0.76570326,5.532206,7.436893,-1.0716153,5.6753283,7.9254446,-0.03527744,0.0033597562,0.045203995
IMU,248766163397496,-0.7465607,5.5369916,7.4416785,-1.0683962,5.675397,7.9258304,-0.046273008,0.011911863,0.040317077
IMU,248766165605621,-0.75613195,5.584848,7.4943204,-1.0683962,5.675397,7.9258304,-0.056046844,0.021685699,0.036651887
IMU,248766167813798,-0.74177504,5.5800624,7.5326056,-1.0661848,5.674489,7.9267783,-0.06582068,0.032681264,0.03176497
IMU,248766170021975,-0.74177504,5.575277,7.52782,-1.0661848,5.674489,7.9267783,-0.076816246,0.042455103,0.028099779
IMU,248766172230100,-0.7465607,5.5800624,7.542177,-1.0661848,5.674489,7.9267783,-0.082924895,0.054672398,0.02443459
IMU,248766174438277,-0.74177504,5.5896335,7.570891,-1.0651165,5.6725926,7.92828,-0.091477,0.0632245,0.020769402
IMU,248766176646454,-0.75613195,5.5896335,7.60439,-1.0651165,5.6725926,7.92828,-0.10002911,0.07055488,0.015882485
IMU,248766178854579,-0.75613195,5.584848,7.63789,-1.0651325,5.6698756,7.93022,-0.09758565,0.08155045,0.012217295
IMU,248766181062756,-0.79441714,5.599205,7.676175,-1.0651325,5.6698756,7.93022,-0.101250835,0.083993904,0.008552107
IMU,248766183270933,-0.7848458,5.613562,7.728817,-1.0661199,5.6666903,7.932363,-0.101250835,0.08643737,0.0036651888
IMU,248766185479058,-0.79441714,5.599205,7.795816,-1.0661199,5.6666903,7.932363,-0.108581215,0.08643737,0.0
IMU,248766187687235,-0.8135597,5.623133,7.8484583,-1.0661199,5.6666903,7.932363,-0.108581215,0.083993904,-0.0024434591
IMU,248766189895360,-0.8422736,5.6374903,7.891529,-1.0674287,5.662745,7.9350057,-0.10613775,0.08032872,-0.008552107
IMU,248766192103538,-0.85184485,5.656633,7.958528,-1.0674287,5.662745,7.9350057,-0.10613775,0.07666353,-0.010995566
IMU,248766194311715,-0.8709874,5.690132,8.020741,-1.0689744,5.6585717,7.937773,-0.107359484,0.07422007,-0.013439025
IMU,248766196519840,-0.89491564,5.723632,8.063812,-1.0689744,5.6585717,7.937773,-0.102472566,0.07299834,-0.017104214
IMU,248766198728017,-0.9092726,5.7379885,8.116454,-1.0707237,5.6543746,7.9405284,-0.09880738,0.07422007,-0.018325943
IMU,248766200936194,-0.91405827,5.7667027,8.116454,-1.0707237,5.6543746,7.9405284,-0.10002911,0.07177661,-0.018325943
IMU,248766203144371,-0.91884387,5.7954164,8.154739,-1.0726491,5.6504164,7.9430857,-0.095142186,0.07666353,-0.017104214
IMU,248766205352496,-0.9523434,5.7858453,8.159525,-1.0726491,5.6504164,7.9430857,-0.09636392,0.07666353,-0.012217295
IMU,248766207560673,-0.98584294,5.7762737,8.1738825,-1.0726491,5.6504164,7.9430857,-0.09025527,0.07788526,-0.0097738365
IMU,248766209768798,-1.0049855,5.761917,8.188239,-1.0748606,5.6466184,7.945487,-0.08781181,0.07910699,-0.0048869182
IMU,248766211976975,-1.0480564,5.7667027,8.212168,-1.0748606,5.6466184,7.945487,-0.08048143,0.08155045,0.0
IMU,248766214185152,-1.0432707,5.7427745,8.250452,-1.0773977,5.6429977,7.947715,-0.08048143,0.08032872,0.0061086477
IMU,248766216393277,-1.0576276,5.709275,8.26481,-1.0773977,5.6429977,7.947715,-0.075594515,0.08032872,0.008552107
IMU,248766218601454,-1.052842,5.690132,8.279166,-1.0798353,5.6393385,7.9499817,-0.06582068,0.08155045,0.012217295
IMU,248766220809631,-1.1006985,5.6327047,8.298309,-1.0798353,5.6393385,7.9499817,-0.059712034,0.07788526,0.015882485
IMU,248766223017756,-1.105484,5.599205,8.298309,-1.0822928,5.635831,7.952135,-0.049938194,0.0754418,0.015882485
IMU,248766225225933,-1.0911272,5.556134,8.303095,-1.0822928,5.635831,7.952135,-0.042607818,0.066889696,0.017104214
IMU,248766227434110,-1.0863415,5.508278,8.312666,-1.0822928,5.635831,7.952135,-0.03405571,0.054672398,0.015882485
IMU,248766229642235,-1.0767702,5.4843497,8.303095,-1.0840511,5.6325097,7.9542475,-0.020616686,0.04612029,0.013439025
IMU,248766231850413,-1.0719845,5.465207,8.298309,-1.0840511,5.6325097,7.9542475,-0.00962112,0.036346454,0.0097738365
IMU,248766234058590,-1.0289137,5.4317074,8.274381,-1.0849686,5.6298933,7.955975,0.0025961753,0.027794348,0.0061086477
IMU,248766236266715,-0.9954142,5.436493,8.274381,-1.0849686,5.6298933,7.955975,0.013591741,0.015577052,0.0
IMU,248766238474892,-0.9810573,5.4460645,8.26481,-1.0847514,5.62823,7.957181,0.025809037,0.0058032153,-0.0048869182
IMU,248766240683069,-0.9619147,5.45085,8.2456665,-1.0847514,5.62823,7.957181,0.038026333,-3.054324E-4,-0.008552107
IMU,248766242891194,-0.94755775,5.4843497,8.226524,-1.0838401,5.627766,7.957632,0.044134982,-0.0051923506,-0.015882485
IMU,248766245099371,-0.9236295,5.4891353,8.226524,-1.0838401,5.627766,7.957632,0.050243627,-0.00763581,-0.021991132
IMU,248766247307548,-0.91884387,5.5226345,8.212168,-1.0838401,5.627766,7.957632,0.055130545,-0.003970621,-0.028099779
IMU,248766249515673,-0.89491564,5.5465627,8.1738825,-1.0838401,5.627766,7.957632,0.060017463,-0.0015271619,-0.032986697
IMU,248766251723850,-0.8997013,5.56092,8.126026,-1.0828829,5.62812,7.957513,0.060017463,-3.054324E-4,-0.039095346
IMU,248766253932027,-0.91405827,5.575277,8.111669,-1.0823388,5.629275,7.95677,0.062460925,0.0021380268,-0.045203995
IMU,248766256140152,-0.93320084,5.613562,8.082955,-1.0823388,5.629275,7.95677,0.06856957,0.0070249448,-0.05131264
IMU,248766258348329,-0.9523434,5.623133,8.054241,-1.082719,5.631063,7.9554534,0.066126116,0.0058032153,-0.05864302
IMU,248766260556506,-0.971486,5.6374903,8.015956,-1.082719,5.631063,7.9554534,0.0697913,0.0021380268,-0.062308207
IMU,248766262764631,-0.9906286,5.6183476,7.982456,-1.082719,5.631063,7.9554534,0.0697913,-0.0015271619,-0.06597339
IMU,248766264972808,-1.038485,5.599205,7.9537425,-1.0836062,5.633293,7.9537535,0.06856957,-0.0051923506,-0.068416856
IMU,248766267180985,-1.052842,5.608776,7.9298143,-1.0836062,5.633293,7.9537535,0.0697913,-0.00763581,-0.07208204
IMU,248766269389110,-1.0576276,5.6039906,7.8963146,-1.0849974,5.6355534,7.951963,0.0697913,-0.011300999,-0.07208204
IMU,248766271597288,-1.0815558,5.5944195,7.8723865,-1.0849974,5.6355534,7.951963,0.07101303,-0.012522728,-0.073303774
IMU,248766273805413,-1.1150553,5.575277,7.8580294,-1.0865406,5.63797,7.950038,0.06734784,-0.013744458,-0.07086031
IMU,248766276013590,-1.105484,5.5896335,7.8580294,-1.0865406,5.63797,7.950038,0.06856957,-0.010079269,-0.06963859
IMU,248766278221767,-1.1006985,5.575277,7.8867435,-1.0865406,5.63797,7.950038,0.06856957,-0.010079269,-0.06963859
IMU,248766280429892,-1.1006985,5.5800624,7.8867435,-1.0883019,5.640216,7.9482045,0.058795735,-0.00763581,-0.06352994
IMU,248766282638069,-1.1006985,5.584848,7.8867435,-1.0883019,5.640216,7.9482045,0.057574004,-0.0027488915,-0.06108648
IMU,248766284846246,-1.0671989,5.5896335,7.9011,-1.0900248,5.6420803,7.946645,0.055130545,0.0033597562,-0.05864302
IMU,248766287054371,-1.0671989,5.5944195,7.925029,-1.0900248,5.6420803,7.946645,0.052687086,0.009468404,-0.056199558
IMU,248766289262548,-1.0671989,5.599205,7.9298143,-1.0918053,5.643735,7.9452252,0.050243627,0.016798781,-0.05497783
IMU,248766291470725,-1.038485,5.599205,7.9346,-1.0918053,5.643735,7.9452252,0.050243627,0.022907428,-0.0537561
IMU,248766293678850,-1.038485,5.599205,7.9106717,-1.0939007,5.645251,7.943861,0.0490219,0.029016078,-0.05253437
IMU,248766295887027,-1.0432707,5.5944195,7.905886,-1.0939007,5.645251,7.943861,0.04780017,0.033902995,-0.05253437
IMU,248766298095204,-1.0480564,5.5896335,7.881958,-1.0964357,5.6468544,7.942371,0.052687086,0.041233372,-0.05131264
IMU,248766300303329,-1.0480564,5.575277,7.8628154,-1.0964357,5.6468544,7.942371,0.0490219,0.044898562,-0.05253437
IMU,248766302511506,-1.052842,5.556134,7.838887,-1.0964357,5.6468544,7.942371,0.04780017,0.044898562,-0.05253437
IMU,248766304719683,-1.0480564,5.556134,7.7814593,-1.0994105,5.6484017,7.940859,0.04657844,0.04856375,-0.05253437
IMU,248766306927808,-1.0624132,5.556134,7.7383885,-1.0994105,5.6484017,7.940859,0.04535671,0.051007207,-0.0537561
IMU,248766309135985,-1.0432707,5.5513487,7.719246,-1.1026741,5.6501083,7.9391923,0.041691523,0.04734202,-0.056199558
IMU,248766311344163,-1.0671989,5.56092,7.685746,-1.1026741,5.6501083,7.9391923,0.041691523,0.04612029,-0.056199558
IMU,248766313552288,-1.0719845,5.541777,7.690532,-1.1059828,5.6518292,7.9375067,0.03924806,0.04612029,-0.05864302
IMU,248766315760465,-1.0911272,5.5513487,7.6953177,-1.1059828,5.6518292,7.9375067,0.030695954,0.041233372,-0.05986475
IMU,248766317968642,-1.1150553,5.556134,7.704889,-1.1094031,5.6531215,7.936109,0.030695954,0.037568185,-0.06108648
IMU,248766320176767,-1.1389836,5.541777,7.7144604,-1.1094031,5.6531215,7.936109,0.027030766,0.035124727,-0.06352994
IMU,248766322384944,-1.1533405,5.5274205,7.7240314,-1.1094031,5.6531215,7.936109,0.027030766,0.035124727,-0.06352994
IMU,248766324593069,-1.1485549,5.5465627,7.728817,-1.1129847,5.653915,7.9350424,0.023365578,0.031459536,-0.062308207
IMU,248766326801246,-1.1581261,5.532206,7.752745,-1.1129847,5.653915,7.9350424,0.020922119,0.030237807,-0.062308207
IMU,248766329009423,-1.1581261,5.5513487,7.752745,-1.1164454,5.654485,7.9341497,0.016035201,0.026572619,-0.06108648
IMU,248766331217600,-1.1581261,5.5704913,7.786245,-1.1164454,5.654485,7.9341497,0.013591741,0.029016078,-0.05986475
IMU,248766333425725,-1.1533405,5.5800624,7.771888,-1.1164454,5.654485,7.9341497,0.013591741,0.026572619,-0.05742129
IMU,248766335633902,-1.1437693,5.5944195,7.8293157,-1.1197003,5.6548333,7.9334426,0.011148282,0.026572619,-0.05497783
IMU,248766337842079,-1.1389836,5.623133,7.853244,-1.1226459,5.655057,7.9328666,0.009926553,0.029016078,-0.05497783
IMU,248766340050204,-1.1294123,5.642276,7.905886,-1.1226459,5.655057,7.9328666,0.011148282,0.030237807,-0.05497783
IMU,248766342258381,-1.134198,5.6709895,7.9393854,-1.1226459,5.655057,7.9328666,0.008704823,0.030237807,-0.05497783
IMU,248766344466506,-1.1485549,5.6853466,7.9633136,-1.125458,5.6551795,7.932381,0.0074830935,0.030237807,-0.05253437
IMU,248766346674683,-1.1629118,5.6997037,8.006385,-1.125458,5.6551795,7.932381,0.008704823,0.031459536,-0.05497783
IMU,248766348882860,-1.1724831,5.723632,8.039884,-1.1283883,5.6551704,7.9319715,0.0074830935,0.030237807,-0.05497783
IMU,248766351090985,-1.1916257,5.723632,8.082955,-1.1283883,5.6551704,7.9319715,0.012370012,0.032681264,-0.05497783
IMU,248766353299163,-1.18684,5.7284174,8.1020975,-1.1315295,5.655146,7.9315414,0.014813471,0.033902995,-0.05497783
IMU,248766355507340,-1.2059826,5.7284174,8.135597,-1.1315295,5.655146,7.9315414,0.01847866,0.031459536,-0.056199558
IMU,248766357715465,-1.2251252,5.7188463,8.145168,-1.1315295,5.655146,7.9315414,0.027030766,0.036346454,-0.05497783
IMU,248766359923642,-1.2586247,5.723632,8.154739,-1.13488,5.655272,7.9309726,0.027030766,0.032681264,-0.0537561
IMU,248766362131819,-1.2777673,5.704489,8.140383,-1.13488,5.655272,7.9309726,0.034361143,0.032681264,-0.05131264
IMU,248766364339944,-1.3016955,5.704489,8.135597,-1.1385217,5.655654,7.930179,0.04046979,0.031459536,-0.050090913
IMU,248766366548121,-1.2969099,5.704489,8.145168,-1.1385217,5.655654,7.930179,0.04657844,0.032681264,-0.04886918
IMU,248766368756298,-1.3064811,5.704489,8.130812,-1.1422837,5.65655,7.9289985,0.050243627,0.031459536,-0.046425723
IMU,248766370964423,-1.3351951,5.7188463,8.126026,-1.1422837,5.65655,7.9289985,0.055130545,0.027794348,-0.043982264
IMU,248766373172600,-1.3399807,5.7188463,8.116454,-1.1459498,5.657962,7.927462,0.058795735,0.026572619,-0.041538805
IMU,248766375380777,-1.3399807,5.7188463,8.106883,-1.1459498,5.657962,7.927462,0.064904384,0.022907428,-0.040317077
IMU,248766377588902,-1.3543376,5.7140603,8.097312,-1.1459498,5.657962,7.927462,0.0697913,0.01802051,-0.036651887
IMU,248766379797079,-1.3591232,5.6997037,8.063812,-1.1493051,5.6599126,7.9255843,0.0697913,0.013133593,-0.034208428
IMU,248766382005204,-1.3639089,5.704489,8.04467,-1.1493051,5.6599126,7.9255843,0.07345649,0.008246674,-0.032986697
IMU,248766384213381,-1.3447664,5.6853466,8.04467,-1.1522232,5.662168,7.923548,0.07467822,0.004581486,-0.03176497
IMU,248766386421558,-1.3256238,5.6949177,8.001599,-1.1522232,5.662168,7.923548,0.07101303,-0.0015271619,-0.028099779
IMU,248766388629683,-1.3304094,5.704489,7.9776707,-1.1543901,5.664603,7.9214926,0.07467822,-0.0051923506,-0.02687805
IMU,248766390837860,-1.3160524,5.690132,7.9680996,-1.1543901,5.664603,7.9214926,0.077121675,-0.0051923506,-0.02565632
IMU,248766393046038,-1.2969099,5.6997037,7.9537425,-1.1560469,5.667374,7.919268,0.07589995,-0.010079269,-0.023212861
IMU,248766395254163,-1.268196,5.7140603,7.9393854,-1.1560469,5.667374,7.919268,0.07223476,-0.016187917,-0.021991132
IMU,248766397462340,-1.2346965,5.7284174,7.920243,-1.1560469,5.667374,7.919268,0.0697913,-0.021074835,-0.019547673
IMU,248766399670517,-1.2203395,5.723632,7.920243,-1.1560469,5.667374,7.919268,0.06734784,-0.021074835,-0.020769402
IMU,248766401878642,-1.1964114,5.7427745,7.9106717,-1.1566744,5.6702213,7.9171386,0.061239194,-0.027183482,-0.020769402
IMU,248766404086819,-1.1772687,5.757131,7.905886,-1.1566042,5.672909,7.9152236,0.057574004,-0.032070402,-0.020769402
IMU,248766406294996,-1.1629118,5.7523456,7.9011,-1.1566042,5.672909,7.9152236,0.052687086,-0.03573559,-0.020769402
IMU,248766408503121,-1.1389836,5.761917,7.9106717,-1.1566042,5.672909,7.9152236,0.04535671,-0.03940078,-0.023212861
IMU,248766410711298,-1.1389836,5.7523456,7.920243,-1.1557975,5.6752996,7.9136267,0.03924806,-0.044287696,-0.02687805
IMU,248766412919423,-1.1294123,5.733203,7.920243,-1.1545764,5.6769176,7.9126444,0.029474225,-0.047952887,-0.02932151
IMU,248766415127600,-1.1389836,5.7188463,7.9298143,-1.1545764,5.6769176,7.9126444,0.022143848,-0.050396346,-0.032986697
IMU,248766417335777,-1.1485549,5.709275,7.9106717,-1.1545764,5.6769176,7.9126444,0.01970039,-0.051618073,-0.036651887
IMU,248766419543954,-1.1533405,5.6949177,7.877172,-1.1534363,5.67769,7.9122562,0.011148282,-0.054061532,-0.040317077
IMU,248766421752079,-1.18684,5.680561,7.8628154,-1.1534363,5.67769,7.9122562,0.011148282,-0.054061532,-0.040317077
IMU,248766423960256,-1.2251252,5.6279187,7.8293157,-1.1526275,5.6776857,7.912378,-0.00962112,-0.06139191,-0.047647454
IMU,248766426168433,-1.3064811,5.5226345,7.8197446,-1.1526275,5.6776857,7.912378,-0.016951498,-0.06383537,-0.050090913
IMU,248766428376558,-1.4261223,5.4125648,7.771888,-1.1529682,5.6760545,7.9134984,-0.030390523,-0.07116575,-0.0537561
IMU,248766430584735,-1.3782659,5.4891353,7.733603,-1.1529682,5.6760545,7.9134984,-0.04016436,-0.0772744,-0.05742129
IMU,248766432792860,-1.3208381,5.613562,7.6713896,-1.153433,5.673733,7.9150953,-0.053603385,-0.083383046,-0.05864302
IMU,248766435001038,-1.2777673,5.709275,7.628319,-1.153433,5.673733,7.9150953,-0.06582068,-0.088269964,-0.06108648
IMU,248766437209215,-1.253839,5.7667027,7.570891,-1.153433,5.673733,7.9150953,-0.076816246,-0.09682207,-0.05986475
IMU,248766439417340,-1.2777673,5.771488,7.5469627,-1.153433,5.673733,7.9150953,-0.08170316,-0.11270455,-0.05986475
IMU,248766441625517,-1.3160524,5.7379885,7.5661054,-1.152555,5.672039,7.9164367,-0.082924895,-0.13347395,-0.05742129
IMU,248766443833694,-1.3734802,5.704489,7.6139617,-1.1505221,5.670227,7.9180307,-0.076816246,-0.14935644,-0.05131264
IMU,248766446041819,-1.4069797,5.666204,7.661818,-1.1505221,5.670227,7.9180307,-0.069485866,-0.16157374,-0.041538805
IMU,248766448249996,-1.430908,5.6374903,7.6953177,-1.1475043,5.6682158,7.9199076,-0.06093376,-0.17134757,-0.03054324
IMU,248766450458173,-1.4404793,5.6039906,7.7623167,-1.1475043,5.6682158,7.9199076,-0.051159926,-0.17379104,-0.020769402
IMU,248766452666298,-1.4691931,5.5800624,7.7814593,-1.1475043,5.6682158,7.9199076,-0.04138609,-0.17379104,-0.008552107
IMU,248766454874475,-1.4548361,5.5657053,7.834101,-1.1437708,5.6663694,7.921769,-0.03161225,-0.16768238,0.0048869182
IMU,248766457082652,-1.4452649,5.5800624,7.853244,-1.1437708,5.6663694,7.921769,-0.024281874,-0.15668681,0.017104214
IMU,248766459290777,-1.416551,5.5944195,7.8723865,-1.1437708,5.6663694,7.921769,-0.014508039,-0.14202607,0.02932151
IMU,248766461498954,-1.3686945,5.5944195,7.8723865,-1.1397597,5.6650543,7.923288,-0.008399391,-0.12370012,0.041538805
IMU,248766463707131,-1.3304094,5.6374903,7.8580294,-1.135809,5.664702,7.9241066,-0.0010690134,-0.10537417,0.05131264
IMU,248766465915256,-1.2873386,5.666204,7.838887,-1.135809,5.664702,7.9241066,0.0025961753,-0.08460477,0.05864302
IMU,248766468123433,-1.2251252,5.7140603,7.800602,-1.1322575,5.665523,7.924029,0.006261364,-0.06383537,0.06475167
IMU,248766470331610,-1.1820544,5.7379885,7.7910304,-1.1322575,5.665523,7.924029,0.009926553,-0.046731155,0.06963859
IMU,248766472539735,-1.1437693,5.7667027,7.757531,-1.1322575,5.665523,7.924029,0.013591741,-0.028405212,0.07086031
IMU,248766474747913,-1.1246266,5.7762737,7.728817,-1.1292045,5.667391,7.923129,0.012370012,-0.013744458,0.07208204
IMU,248766476956038,-1.119841,5.771488,7.7096744,-1.1292045,5.667391,7.923129,0.014813471,0.0021380268,0.07208204
IMU,248766479164215,-1.0959128,5.7667027,7.6713896,-1.1271724,5.6697516,7.921729,0.016035201,0.016798781,0.06963859
IMU,248766481372392,-1.1102697,5.771488,7.6570325,-1.1271724,5.6697516,7.921729,0.016035201,0.029016078,0.068416856
IMU,248766483580517,-1.0959128,5.7523456,7.6139617,-1.1263692,5.67236,7.9199753,0.016035201,0.040011644,0.06597339
IMU,248766485788694,-1.1150553,5.733203,7.580462,-1.1263692,5.67236,7.9199753,0.011148282,0.04734202,0.062308207
IMU,248766487996871,-1.119841,5.709275,7.556534,-1.1266735,5.674734,7.918232,0.006261364,0.053450666,0.06108648
IMU,248766490204996,-1.119841,5.6997037,7.5230346,-1.1266735,5.674734,7.918232,0.0025961753,0.05589413,0.05986475
IMU,248766492413173,-1.1150553,5.6757755,7.4943204,-1.1266735,5.674734,7.918232,-0.002290743,0.060781047,0.05742129
IMU,248766494621350,-1.1150553,5.680561,7.470392,-1.1275532,5.6767125,7.916688,-0.00962112,0.062002774,0.05742129
IMU,248766496829475,-1.0863415,5.6614184,7.475178,-1.1275532,5.6767125,7.916688,-0.019394957,0.058337588,0.05497783
IMU,248766499037652,-1.0863415,5.651847,7.470392,-1.1284236,5.6780233,7.915624,-0.029168794,0.05589413,0.0537561
IMU,248766501245829,-1.1006985,5.651847,7.475178,-1.1284236,5.6780233,7.915624,-0.0377209,0.053450666,0.0537561
IMU,248766503454006,-1.0959128,5.651847,7.489535,-1.1290406,5.6783543,7.9152975,-0.048716467,0.04856375,0.0537561
IMU,248766505662131,-1.1102697,5.642276,7.489535,-1.1290406,5.6783543,7.9152975,-0.059712034,0.042455103,0.05253437
IMU,248766507870308,-1.119841,5.6470613,7.503892,-1.1290406,5.6783543,7.9152975,-0.06826414,0.037568185,0.0537561
IMU,248766510078433,-1.119841,5.642276,7.503892,-1.1293346,5.6776586,7.9157553,-0.08048143,0.030237807,0.05497783
IMU,248766512286610,-1.1485549,5.6327047,7.513463,-1.1293346,5.6776586,7.9157553,-0.09025527,0.021685699,0.05497783
IMU,248766514494735,-1.1629118,5.6279187,7.537391,-1.12914,5.6759267,7.9170237,-0.09880738,0.015577052,0.056199558
IMU,248766516702913,-1.1485549,5.6374903,7.5756764,-1.12914,5.6759267,7.9170237,-0.09880738,0.015577052,0.056199558
IMU,248766518911090,-1.1581261,5.6470613,7.594819,-1.1284139,5.6732635,7.919037,-0.1122464,0.0033597562,0.05986475
IMU,248766521119267,-1.1581261,5.666204,7.623533,-1.1284139,5.6732635,7.919037,-0.12079851,-0.0051923506,0.05864302
IMU,248766523327392,-1.1485549,5.6614184,7.661818,-1.1284139,5.6732635,7.919037,-0.12079851,-0.0051923506,0.05864302
IMU,248766525535569,-1.1437693,5.6757755,7.7096744,-1.1269966,5.6698637,7.921673,-0.13301581,-0.012522728,0.06108648
IMU,248766527743694,-1.134198,5.704489,7.776674,-1.1269966,5.6698637,7.921673,-0.13912445,-0.017409647,0.062308207
IMU,248766529951871,-1.1629118,5.6949177,7.8197446,-1.1269966,5.6698637,7.921673,-0.1452331,-0.019853106,0.06352994
IMU,248766532160048,-1.1724831,5.690132,7.8963146,-1.1249341,5.6657014,7.9249444,-0.14767656,-0.021074835,0.062308207
IMU,248766534368173,-1.1629118,5.709275,7.9393854,-1.1227367,5.6606736,7.9288473,-0.14889829,-0.021074835,0.06352994
IMU,248766536576350,-1.1772687,5.6997037,7.9968133,-1.1227367,5.6606736,7.9288473,-0.15378521,-0.019853106,0.06475167
IMU,248766538784475,-1.2059826,5.709275,8.054241,-1.1205035,5.655058,7.9331694,-0.15256348,-0.019853106,0.06597339
IMU,248766540992652,-1.2203395,5.704489,8.097312,-1.1205035,5.655058,7.9331694,-0.15256348,-0.017409647,0.067195125
IMU,248766543200829,-1.2346965,5.6997037,8.111669,-1.118579,5.649155,7.9376445,-0.1452331,-0.017409647,0.06963859
IMU,248766545408954,-1.2251252,5.6614184,8.116454,-1.118579,5.649155,7.9376445,-0.14034618,-0.017409647,0.07086031
IMU,248766547617131,-1.2394822,5.6614184,8.149954,-1.118579,5.649155,7.9376445,-0.13301581,-0.017409647,0.073303774
IMU,248766549825308,-1.2394822,5.6614184,8.145168,-1.118579,5.649155,7.9376445,-0.13301581,-0.017409647,0.073303774
IMU,248766552033433,-1.2299109,5.6374903,8.140383,-1.1166551,5.6434584,7.941967,-0.11835505,-0.019853106,0.07696896
IMU,248766554241610,-1.2203395,5.6279187,8.1738825,-1.1145205,5.6382995,7.9459305,-0.1122464,-0.023518294,0.07941242
IMU,248766556449788,-1.2299109,5.642276,8.145168,-1.1145205,5.6382995,7.9459305,-0.10491603,-0.027183482,0.080634154
IMU,248766558657913,-1.2059826,5.6279187,8.154739,-1.1118876,5.6337023,7.9495587,-0.09880738,-0.032070402,0.08307761
IMU,248766560866090,-1.1964114,5.6183476,8.183454,-1.1118876,5.6337023,7.9495587,-0.09025527,-0.032070402,0.08307761
IMU,248766563074267,-1.2011969,5.608776,8.202596,-1.1118876,5.6337023,7.9495587,-0.09025527,-0.032070402,0.08307761
IMU,248766565282392,-1.1772687,5.6039906,8.226524,-1.1088052,5.6296144,7.952884,-0.076816246,-0.03573559,0.08429934
IMU,248766567490569,-1.1772687,5.599205,8.255239,-1.1088052,5.6296144,7.952884,-0.0707076,-0.03573559,0.08552107
IMU,248766569698746,-1.1676974,5.5944195,8.303095,-1.1054051,5.6258907,7.9559927,-0.063377224,-0.03573559,0.086742796
IMU,248766571906871,-1.1820544,5.584848,8.327023,-1.1054051,5.6258907,7.9559927,-0.056046844,-0.03329213,0.08918626
IMU,248766574115048,-1.1676974,5.5704913,8.322237,-1.1019149,5.6224647,7.9588985,-0.056046844,-0.03329213,0.08918626
IMU,248766576323225,-1.1294123,5.575277,8.331808,-1.1019149,5.6224647,7.9588985,-0.04138609,-0.03084867,0.09040799
IMU,248766578531350,-1.1294123,5.5465627,8.336594,-1.0982696,5.619575,7.9614425,-0.03405571,-0.029626941,0.09040799
IMU,248766580739527,-1.105484,5.556134,8.327023,-1.0982696,5.619575,7.9614425,-0.025503604,-0.029626941,0.09040799
IMU,248766582947652,-1.0911272,5.5657053,8.3174515,-1.0943938,5.617393,7.963516,-0.025503604,-0.029626941,0.09040799
IMU,248766585155829,-1.0624132,5.5465627,8.288737,-1.0943938,5.617393,7.963516,-0.00962112,-0.032070402,0.08796453
IMU,248766587364006,-1.0432707,5.5369916,8.274381,-1.0943938,5.617393,7.963516,-0.0035124724,-0.03451386,0.08918626
IMU,248766589572131,-1.0049855,5.5465627,8.255239,-1.0900676,5.616001,7.9650908,0.0025961753,-0.03940078,0.086742796
IMU,248766591780308,-0.9954142,5.541777,8.2456665,-1.0900676,5.616001,7.9650908,0.011148282,-0.043065965,0.08429934
IMU,248766593988485,-0.9762716,5.541777,8.216953,-1.0850619,5.615388,7.966206,0.01725693,-0.050396346,0.080634154
IMU,248766596196610,-0.9619147,5.532206,8.193025,-1.0850619,5.615388,7.966206,0.024587307,-0.05650499,0.07819069
IMU,248766598404788,-0.94277215,5.517849,8.149954,-1.0850619,5.615388,7.966206,0.024587307,-0.05650499,0.07819069
IMU,248766600612965,-0.9284152,5.517849,8.106883,-1.0794765,5.615494,7.96689,0.034361143,-0.06994402,0.07208204
IMU,248766602821090,-0.90448695,5.4987063,8.063812,-1.0732903,5.6162596,7.967187,0.038026333,-0.07849612,0.06597339
IMU,248766605029267,-0.8805587,5.4795637,8.039884,-1.0732903,5.6162596,7.967187,0.041691523,-0.083383046,0.062308207
IMU,248766607237444,-0.8757731,5.4699926,7.982456,-1.0732903,5.6162596,7.967187,0.044134982,-0.09193515,0.05864302
IMU,248766609445569,-0.86141616,5.465207,7.9537425,-1.0665629,5.6174283,7.967267,0.04657844,-0.09560034,0.0537561
IMU,248766611653746,-0.8566305,5.465207,7.9154572,-1.0665629,5.6174283,7.967267,0.04657844,-0.100487255,0.05131264
IMU,248766613861871,-0.8566305,5.474778,7.920243,-1.0595739,5.6189117,7.967153,0.044134982,-0.10537417,0.046425723
IMU,248766616070048,-0.8470592,5.4795637,7.905886,-1.0595739,5.6189117,7.967153,0.041691523,-0.107817635,0.043982264
IMU,248766618278225,-0.85184485,5.4795637,7.9011,-1.0525337,5.6202865,7.9671164,0.038026333,-0.109039366,0.037873615
IMU,248766620486350,-0.81834537,5.503492,7.891529,-1.0525337,5.6202865,7.9671164,0.038026333,-0.109039366,0.037873615
IMU,248766622694527,-0.8327023,5.5130634,7.8723865,-1.0525337,5.6202865,7.9671164,0.031917684,-0.10537417,0.03176497
IMU,248766624902548,-0.83748794,5.541777,7.881958,-1.0457002,5.6215777,7.967105,0.027030766,-0.10537417,0.028099779
IMU,248766627110829,-0.8279166,5.541777,7.838887,-1.0457002,5.6215777,7.967105,0.022143848,-0.10415245,0.02443459
IMU,248766629319006,-0.8422736,5.5513487,7.8053875,-1.0392236,5.622727,7.9671416,0.01847866,-0.10293072,0.021991132
IMU,248766631527183,-0.8279166,5.5657053,7.800602,-1.0392236,5.622727,7.9671416,0.01725693,-0.101708986,0.019547673
IMU,248766633735308,-0.8422736,5.5704913,7.8053875,-1.0392236,5.622727,7.9671416,0.012370012,-0.10293072,0.017104214
IMU,248766635943485,-0.85184485,5.5657053,7.776674,-1.0331016,5.623863,7.967136,0.0074830935,-0.101708986,0.014660755
IMU,248766638151663,-0.8422736,5.56092,7.7623167,-1.0331016,5.623863,7.967136,0.0074830935,-0.101708986,0.014660755
IMU,248766640359788,-0.85184485,5.584848,7.7623167,-1.0273244,5.6247373,7.967265,0.003817905,-0.09560034,0.010995566
IMU,248766642567965,-0.83748794,5.5704913,7.771888,-1.0273244,5.6247373,7.967265,0.003817905,-0.09560034,0.010995566
IMU,248766644776090,-0.85184485,5.575277,7.757531,-1.0220033,5.62548,7.967426,-0.0035124724,-0.08949169,0.0061086477
IMU,248766646984267,-0.83748794,5.5896335,7.743174,-1.0220033,5.62548,7.967426,-0.007177661,-0.08460477,0.0061086477
IMU,248766649192444,-0.83748794,5.584848,7.7479596,-1.0171702,5.625948,7.9677134,-0.0108428495,-0.07849612,0.0048869182
IMU,248766651400569,-0.83748794,5.599205,7.7814593,-1.0171702,5.625948,7.9677134,-0.013286309,-0.068722285,0.0012217296
IMU,248766653608746,-0.81834537,5.5944195,7.8149586,-1.0130122,5.6260333,7.968184,-0.019394957,-0.062613636,0.0
IMU,248766655816871,-0.8279166,5.5944195,7.795816,-1.0130122,5.6260333,7.968184,-0.021838415,-0.054061532,-0.0012217296
IMU,248766658025048,-0.8279166,5.599205,7.82453,-1.0130122,5.6260333,7.968184,-0.021838415,-0.054061532,-0.0012217296
IMU,248766660233225,-0.8422736,5.6039906,7.8580294,-1.0096059,5.6256514,7.9688854,-0.029168794,-0.03573559,-0.0036651888
IMU,248766662441350,-0.85184485,5.5944195,7.8867435,-1.0096059,5.6256514,7.9688854,-0.030390523,-0.025961753,-0.0048869182
IMU,248766664649527,-0.8757731,5.5704913,7.9011,-1.0096059,5.6256514,7.9688854,-0.03161225,-0.016187917,-0.0048869182
IMU,248766666857704,-0.8805587,5.5896335,7.925029,-1.007265,5.6247706,7.969803,-0.029168794,-0.00641408,-0.0048869182
IMU,248766669065881,-0.89491564,5.584848,7.9393854,-1.0060651,5.623584,7.9707923,-0.029168794,-3.054324E-4,-0.0048869182
IMU,248766671274006,-0.89491564,5.584848,7.9633136,-1.0060651,5.623584,7.9707923,-0.026725333,0.0070249448,-0.0036651888
IMU,248766673482183,-0.90448695,5.5896335,7.958528,-1.0056098,5.622424,7.971668,-0.024281874,0.013133593,-0.0048869182
IMU,248766675690308,-0.90448695,5.5896335,7.9968133,-1.0056098,5.622424,7.971668,-0.020616686,0.01802051,-0.0036651888
IMU,248766677898485,-0.90448695,5.599205,7.9776707,-1.0056466,5.621467,7.9723377,-0.018173227,0.021685699,-0.0036651888
IMU,248766680106610,-0.91884387,5.608776,7.9968133,-1.0056466,5.621467,7.9723377,-0.014508039,0.024129158,-0.0036651888
IMU,248766682314788,-0.9092726,5.6183476,8.006385,-1.0056466,5.621467,7.9723377,-0.0108428495,0.02535089,-0.0048869182
IMU,248766684522965,-0.9092726,5.608776,8.035098,-1.0059702,5.620863,7.972722,-0.004734202,0.026572619,-0.0048869182
IMU,248766686731142,-0.90448695,5.6183476,8.049456,-1.0059702,5.620863,7.972722,-0.0035124724,0.029016078,-0.0061086477
IMU,248766688939267,-0.90448695,5.6279187,8.04467,-1.0064018,5.6204705,7.972945,0.0013744457,0.030237807,-0.008552107
IMU,248766691147444,-0.91884387,5.6183476,8.078169,-1.0064018,5.6204705,7.972945,0.0025961753,0.030237807,-0.008552107
IMU,248766693355621,-0.91405827,5.6183476,8.092526,-1.0070248,5.620253,7.9730196,0.0074830935,0.031459536,-0.0097738365
IMU,248766695563746,-0.9236295,5.6039906,8.111669,-1.0070248,5.620253,7.9730196,0.0074830935,0.031459536,-0.0097738365
IMU,248766697771923,-0.94277215,5.5944195,8.092526,-1.0070248,5.620253,7.9730196,0.01725693,0.038789913,-0.015882485
IMU,248766699980048,-0.94277215,5.5704913,8.106883,-1.0081645,5.620198,7.972915,0.01847866,0.041233372,-0.017104214
IMU,248766702188225,-0.9619147,5.5896335,8.126026,-1.0081645,5.620198,7.972915,0.023365578,0.04367683,-0.017104214
IMU,248766704396402,-0.94755775,5.6039906,8.130812,-1.0097996,5.6202145,7.972696,0.025809037,0.04612029,-0.019547673
IMU,248766706604527,-0.9523434,5.6039906,8.159525,-1.0097996,5.6202145,7.972696,0.027030766,0.04856375,-0.020769402
IMU,248766708812704,-0.9667004,5.6039906,8.140383,-1.011674,5.620446,7.9722953,0.028252495,0.04856375,-0.020769402
IMU,248766711020881,-0.95712906,5.6039906,8.169097,-1.011674,5.620446,7.9722953,0.033139415,0.04734202,-0.021991132
IMU,248766713229006,-0.9810573,5.6039906,8.154739,-1.0136287,5.6208634,7.9717526,0.035582874,0.044898562,-0.021991132
IMU,248766715437183,-0.9810573,5.6183476,8.135597,-1.0136287,5.6208634,7.9717526,0.035582874,0.044898562,-0.02443459
IMU,248766717645360,-1.0001999,5.6279187,8.140383,-1.0136287,5.6208634,7.9717526,0.03924806,0.038789913,-0.023212861
IMU,248766719853485,-1.0049855,5.6183476,8.135597,-1.0156204,5.62158,7.970994,0.041691523,0.035124727,-0.02443459
IMU,248766722061663,-1.0097711,5.6039906,8.106883,-1.0156204,5.62158,7.970994,0.04657844,0.026572619,-0.02565632
IMU,248766724269788,-1.0336994,5.608776,8.106883,-1.0156204,5.62158,7.970994,0.04657844,0.026572619,-0.02565632
IMU,248766726477965,-1.038485,5.5896335,8.087741,-1.0172904,5.6225863,7.97007,0.053908817,0.010690134,-0.02565632
IMU,248766728686142,-1.0576276,5.5800624,8.087741,-1.0172904,5.6225863,7.97007,0.056352276,0.0033597562,-0.02443459
IMU,248766730894319,-1.052842,5.5704913,8.063812,-1.0185184,5.623901,7.968986,0.061239194,-0.003970621,-0.02443459
IMU,248766733102444,-1.0576276,5.5800624,8.063812,-1.019253,5.6255713,7.9677134,0.066126116,-0.010079269,-0.02565632
IMU,248766735310621,-1.0480564,5.5657053,8.04467,-1.019253,5.6255713,7.9677134,0.0697913,-0.016187917,-0.02565632
IMU,248766737518746,-1.038485,5.575277,8.015956,-1.019253,5.6255713,7.9677134,0.07223476,-0.022296565,-0.02565632
IMU,248766739726923,-1.0241281,5.5800624,8.020741,-1.0193866,5.627674,7.966211,0.07223476,-0.029626941,-0.028099779
IMU,248766741935100,-0.9954142,5.5896335,8.015956,-1.0193866,5.627674,7.966211,0.07467822,-0.029626941,-0.028099779
IMU,248766744143225,-0.9906286,5.5896335,8.001599,-1.0193866,5.627674,7.966211,0.07345649,-0.03573559,-0.03054324
IMU,248766746351402,-0.9906286,5.599205,8.01117,-1.0188626,5.6300035,7.9646316,0.07589995,-0.03329213,-0.034208428
IMU,248766748559579,-0.971486,5.6183476,8.020741,-1.0188626,5.6300035,7.9646316,0.07345649,-0.03695732,-0.036651887
IMU,248766750767704,-0.9523434,5.623133,8.025527,-1.0181429,5.6324472,7.962997,0.077121675,-0.032070402,-0.039095346
IMU,248766752975881,-0.98584294,5.6279187,8.015956,-1.0175216,5.6350245,7.9612517,0.077121675,-0.032070402,-0.041538805
IMU,248766755184006,-0.9762716,5.613562,8.01117,-1.0175216,5.6350245,7.9612517,0.07956514,-0.028405212,-0.045203995
IMU,248766757392183,-0.971486,5.6183476,7.9968133,-1.0175216,5.6350245,7.9612517,0.08078687,-0.028405212,-0.047647454
IMU,248766759600360,-0.9762716,5.599205,7.9776707,-1.0173373,5.63772,7.959367,0.084452055,-0.025961753,-0.050090913
IMU,248766761808485,-0.98584294,5.584848,7.944171,-1.0173373,5.63772,7.959367,0.084452055,-0.027183482,-0.05131264
IMU,248766764016663,-0.9810573,5.584848,7.925029,-1.0174856,5.640584,7.9573193,0.08689552,-0.022296565,-0.0537561
IMU,248766766224840,-0.9810573,5.5896335,7.8867435,-1.0174856,5.640584,7.9573193,0.08689552,-0.022296565,-0.0537561
IMU,248766768432965,-0.9810573,5.584848,7.867601,-1.0178913,5.643705,7.955054,0.08689552,-0.022296565,-0.05497783
IMU,248766770641142,-1.0001999,5.6039906,7.8293157,-1.0178913,5.643705,7.955054,0.08933897,-0.021074835,-0.05497783
IMU,248766772849267,-0.98584294,5.623133,7.8149586,-1.0185889,5.647239,7.9524555,0.08933897,-0.016187917,-0.056199558
IMU,248766775057444,-0.98584294,5.6183476,7.8053875,-1.0185889,5.647239,7.9524555,0.08689552,-0.016187917,-0.05497783
IMU,248766777265621,-0.9906286,5.623133,7.8053875,-1.0185889,5.647239,7.9524555,0.08933897,-0.014966187,-0.05497783
IMU,248766779473746,-0.9906286,5.623133,7.786245,-1.0185889,5.647239,7.9524555,0.08933897,-0.014966187,-0.05497783
IMU,248766781681923,-0.9810573,5.6327047,7.7814593,-1.0193971,5.6508603,7.9497795,0.08078687,-0.011300999,-0.056199558
IMU,248766783890100,-0.9762716,5.642276,7.757531,-1.0193971,5.6508603,7.9497795,0.07956514,-0.010079269,-0.056199558
IMU,248766786098225,-0.9906286,5.642276,7.7623167,-1.0203627,5.65436,7.9471664,0.07589995,-0.00641408,-0.056199558
IMU,248766788306402,-0.9810573,5.6327047,7.7383885,-1.0203627,5.65436,7.9471664,0.07345649,-0.003970621,-0.05742129
IMU,248766790514579,-0.9906286,5.642276,7.733603,-1.0215497,5.6577435,7.944606,0.0697913,-0.003970621,-0.05742129
IMU,248766792722704,-0.9906286,5.6374903,7.704889,-1.0215497,5.6577435,7.944606,0.06734784,-0.0027488915,-0.05986475
IMU,248766794930881,-1.0145568,5.656633,7.6953177,-1.0229613,5.660932,7.9421525,0.062460925,-0.0015271619,-0.05986475
IMU,248766797139006,-1.0049855,5.651847,7.7096744,-1.0229613,5.660932,7.9421525,0.058795735,-0.0027488915,-0.05986475
IMU,248766799347183,-0.9954142,5.6470613,7.7001033,-1.0246216,5.663894,7.939826,0.056352276,-0.0015271619,-0.06108648
IMU,248766801555360,-1.0145568,5.651847,7.704889,-1.0246216,5.663894,7.939826,0.050243627,-0.0027488915,-0.05986475
IMU,248766803763485,-1.0336994,5.6614184,7.719246,-1.026283,5.666423,7.937807,0.044134982,-0.0027488915,-0.06108648
IMU,248766805971663,-1.0336994,5.6709895,7.7383885,-1.026283,5.666423,7.937807,0.04046979,-0.0027488915,-0.06108648
IMU,248766808179840,-1.0432707,5.680561,7.752745,-1.0281154,5.668453,7.9361205,0.035582874,-0.0027488915,-0.06108648
IMU,248766810387965,-1.038485,5.6614184,7.771888,-1.0281154,5.668453,7.9361205,0.030695954,-0.0027488915,-0.062308207
IMU,248766812596142,-1.0432707,5.6757755,7.795816,-1.0281154,5.668453,7.9361205,0.025809037,-0.0027488915,-0.062308207
IMU,248766814804319,-1.052842,5.6757755,7.82453,-1.0281154,5.668453,7.9361205,0.020922119,-0.0051923506,-0.06108648
IMU,248766817012444,-1.0719845,5.6853466,7.8484583,-1.0299693,5.6698575,7.934877,0.020922119,-0.003970621,-0.05986475
IMU,248766819220621,-1.0815558,5.690132,7.8580294,-1.0318376,5.67079,7.933967,0.01970039,-0.0027488915,-0.05986475
IMU,248766821428798,-1.105484,5.6757755,7.8867435,-1.0318376,5.67079,7.933967,0.01847866,-0.0015271619,-0.05864302
IMU,248766823636923,-1.1006985,5.6709895,7.881958,-1.0318376,5.67079,7.933967,0.01847866,-0.0015271619,-0.05864302
IMU,248766825845100,-1.105484,5.666204,7.867601,-1.0339638,5.6714773,7.933199,0.01725693,-0.003970621,-0.056199558
IMU,248766828053225,-1.119841,5.6853466,7.891529,-1.0359979,5.6720924,7.9324946,0.01847866,-0.003970621,-0.05131264
IMU,248766830261402,-1.134198,5.680561,7.8867435,-1.0359979,5.6720924,7.9324946,0.01970039,-0.0051923506,-0.050090913
IMU,248766832469579,-1.1294123,5.680561,7.9106717,-1.0359979,5.6720924,7.9324946,0.01847866,-0.00641408,-0.047647454
IMU,248766834677704,-1.1533405,5.6949177,7.9298143,-1.0379366,5.6727304,7.9317846,0.01970039,-0.00763581,-0.045203995
IMU,248766836885881,-1.134198,5.6949177,7.920243,-1.0379366,5.6727304,7.9317846,0.01970039,-0.008857539,-0.041538805
IMU,248766839094058,-1.1437693,5.704489,7.9298143,-1.0396665,5.6733766,7.931096,0.01847866,-0.008857539,-0.039095346
IMU,248766841302183,-1.1294123,5.7188463,7.925029,-1.0396665,5.6733766,7.931096,0.01970039,-0.008857539,-0.037873615
IMU,248766843510360,-1.1246266,5.709275,7.948957,-1.041135,5.6741257,7.930367,0.020922119,-0.00763581,-0.035430156
IMU,248766845718485,-1.1246266,5.704489,7.944171,-1.041135,5.6741257,7.930367,0.023365578,-0.00763581,-0.034208428
IMU,248766847926663,-1.134198,5.7188463,7.9346,-1.0425049,5.675001,7.92956,0.024587307,-0.0051923506,-0.03176497
IMU,248766850134840,-1.119841,5.709275,7.9106717,-1.0425049,5.675001,7.92956,0.025809037,-0.0051923506,-0.03054324
IMU,248766852342965,-1.1294123,5.6853466,7.8963146,-1.0425049,5.675001,7.92956,0.028252495,-0.003970621,-0.03054324
IMU,248766854551142,-1.1102697,5.6853466,7.8628154,-1.0425049,5.675001,7.92956,0.028252495,-0.0015271619,-0.028099779
IMU,248766856759319,-1.1006985,5.6853466,7.867601,-1.04388,5.6760917,7.928599,0.028252495,-3.054324E-4,-0.02565632
IMU,248766858967444,-1.0959128,5.6853466,7.8436728,-1.0451599,5.6773562,7.927524,0.029474225,0.0021380268,-0.02565632
IMU,248766861175621,-1.0911272,5.6757755,7.82453,-1.0451599,5.6773562,7.927524,0.029474225,0.004581486,-0.023212861
IMU,248766863383798,-1.0863415,5.6757755,7.800602,-1.0464599,5.6787815,7.926333,0.029474225,0.0058032153,-0.023212861
IMU,248766865591923,-1.0815558,5.6757755,7.795816,-1.0464599,5.6787815,7.926333,0.027030766,0.009468404,-0.020769402
IMU,248766867800100,-1.0815558,5.680561,7.795816,-1.0478424,5.680198,7.925134,0.025809037,0.010690134,-0.021991132
IMU,248766870008225,-1.0815558,5.690132,7.795816,-1.0478424,5.680198,7.925134,0.023365578,0.013133593,-0.018325943
IMU,248766872216402,-1.0863415,5.680561,7.795816,-1.0478424,5.680198,7.925134,0.022143848,0.016798781,-0.014660755
IMU,248766874424579,-1.1006985,5.6709895,7.776674,-1.0478424,5.680198,7.925134,0.022143848,0.016798781,-0.014660755
IMU,248766876632704,-1.119841,5.690132,7.771888,-1.0493085,5.681508,7.924002,0.01970039,0.02046397,-0.014660755
IMU,248766878840881,-1.1246266,5.680561,7.752745,-1.0493085,5.681508,7.924002,0.012370012,0.027794348,-0.0097738365
IMU,248766881049058,-1.1246266,5.6853466,7.757531,-1.0512214,5.682659,7.922922,0.011148282,0.030237807,-0.0048869182
IMU,248766883257183,-1.1389836,5.690132,7.7671022,-1.0533285,5.683644,7.9219365,0.0074830935,0.033902995,-0.0012217296
IMU,248766885465360,-1.1772687,5.6374903,7.7240314,-1.0533285,5.683644,7.9219365,0.0025961753,0.038789913,0.0012217296
IMU,248766887673485,-1.7659031,5.139783,6.8482585,-1.0533285,5.683644,7.9219365,0.0074830935,0.051007207,0.0024434591
IMU,248766889881663,-2.6799614,5.326423,5.087141,-1.0586996,5.6844916,7.9206114,0.013591741,0.12186752,0.0024434591
IMU,248766892089840,-2.656033,6.1495543,4.3836513,-1.0586996,5.6844916,7.9206114,0.014813471,0.2403753,-0.0012217296
IMU,248766894297965,-2.158326,6.4462643,4.7425747,-1.0818979,5.696868,7.908577,-0.0010690134,0.30024004,0.0012217296
IMU,248766896506142,-1.727618,6.216553,5.4221363,-1.0818979,5.696868,7.908577,-0.026725333,0.2782489,0.018325943
IMU,248766898714319,-1.5122639,5.9820566,6.1495543,-1.0996207,5.7088566,7.8974795,-0.053603385,0.20983206,0.05253437
IMU,248766900922444,-1.5074782,5.9246287,6.8865438,-1.0996207,5.7088566,7.8974795,-0.06704241,0.14630212,0.09529491
IMU,248766903130621,-1.5409778,5.938986,7.456035,-1.1063662,5.711751,7.8944435,-0.06704241,0.14630212,0.09529491
IMU,248766905338746,-1.5888343,5.9820566,7.786245,-1.1063662,5.711751,7.8944435,-0.09269873,0.13652828,0.17592905
IMU,248766907546923,-1.5553347,5.9581285,8.01117,-1.1063662,5.711751,7.8944435,-0.09269873,0.13652828,0.17592905
IMU,248766909755100,-1.5074782,5.910272,8.082955,-1.1110419,5.709961,7.8950815,-0.15012002,0.23548837,0.21135922
IMU,248766911963225,-1.4500505,5.919843,8.087741,-1.1110419,5.709961,7.8950815,-0.18555018,0.2953531,0.21624613
IMU,248766914171402,-1.3734802,5.9150577,8.04467,-1.1187645,5.7043266,7.8980637,-0.22464553,0.3478875,0.21380267
IMU,248766916379579,-1.3160524,5.9007006,7.925029,-1.1187645,5.7043266,7.8980637,-0.25885394,0.3857611,0.21013749
IMU,248766918587704,-1.253839,5.895915,7.786245,-1.1293461,5.69613,7.9024725,-0.29184064,0.40408704,0.20647229
IMU,248766920795881,-1.1581261,5.9007006,7.685746,-1.1293461,5.69613,7.9024725,-0.31383178,0.40042186,0.20402883
IMU,248766923004058,-1.0911272,5.9150577,7.623533,-1.1391164,5.6867704,7.9078097,-0.33093598,0.3735438,0.20158538
IMU,248766925212183,-1.0145568,5.895915,7.647461,-1.1391164,5.6867704,7.9078097,-0.34559676,0.3234529,0.19669846
IMU,248766927420360,-0.9762716,5.8624153,7.7479596,-1.1391164,5.6867704,7.9078097,-0.34926194,0.25747952,0.194255
IMU,248766929628485,-0.9954142,5.8241305,7.9011,-1.1436849,5.6762743,7.9146876,-0.34070984,0.1915061,0.19181155
IMU,248766931836663,-1.0097711,5.7379885,8.097312,-1.1436849,5.6762743,7.9146876,-0.33215773,0.116980605,0.18936808
IMU,248766934044840,-1.0624132,5.6327047,8.322237,-1.14217,5.6643915,7.923415,-0.31994042,0.051007207,0.18570289
IMU,248766936252965,-1.134198,5.532206,8.52802,-1.14217,5.6643915,7.923415,-0.30527967,-0.00641408,0.18081598
IMU,248766938461142,-1.1533405,5.4317074,8.700303,-1.13607,5.650545,7.934171,-0.28939718,-0.054061532,0.17959425
IMU,248766940669319,-1.1629118,5.359923,8.829515,-1.13607,5.650545,7.934171,-0.2698495,-0.082161315,0.17592905
IMU,248766942877444,-1.1485549,5.316852,8.958728,-1.1272726,5.6359663,7.9457865,-0.2490801,-0.10415245,0.16982041
IMU,248766945085621,-1.105484,5.288138,8.997013,-1.1272726,5.6359663,7.9457865,-0.22953244,-0.11636974,0.16615522
IMU,248766947293746,-1.0432707,5.2833524,9.001799,-1.1272726,5.6359663,7.9457865,-0.20998476,-0.120034926,0.16004658
IMU,248766949501923,-0.9619147,5.2977095,9.01137,-1.1170084,5.6222897,7.9569182,-0.19165882,-0.12370012,0.15515965
IMU,248766951710100,-0.8853444,5.326423,8.963513,-1.1170084,5.6222897,7.9569182,-0.17211115,-0.12125666,0.15027274
IMU,248766953918225,-0.79920274,5.3647084,8.915657,-1.105642,5.6106806,7.966694,-0.15500695,-0.120034926,0.14416409
IMU,248766956126402,-0.74177504,5.3982077,8.930014,-1.105642,5.6106806,7.966694,-0.13057235,-0.11636974,0.13683371
IMU,248766958334579,-0.7082755,5.4317074,8.9013,-1.0937395,5.6017084,7.9746466,-0.107359484,-0.113926284,0.12828161
IMU,248766960542704,-0.67477596,5.4699926,8.886943,-1.0937395,5.6017084,7.9746466,-0.09269873,-0.11636974,0.12339468
IMU,248766962750881,-0.67477596,5.493921,8.848659,-1.0937395,5.6017084,7.9746466,-0.06704241,-0.11759147,0.11362085
IMU,248766964959058,-0.6987042,5.508278,8.839087,-1.0817925,5.595167,7.9808664,-0.045051277,-0.1188132,0.10506874
IMU,248766967167183,-0.71306115,5.517849,8.810373,-1.0817925,5.595167,7.9808664,-0.020616686,-0.113926284,0.09773836
IMU,248766969375360,-0.74177504,5.532206,8.776874,-1.0707439,5.5910277,7.9852557,-0.020616686,-0.113926284,0.09773836
IMU,248766971583485,-0.7704889,5.5274205,8.719446,-1.0707439,5.5910277,7.9852557,0.022143848,-0.101708986,0.08307761
IMU,248766973791663,-0.7752745,5.508278,8.628518,-1.0612643,5.589187,7.98781,0.04291325,-0.094378605,0.07574723
IMU,248766975999840,-0.7896315,5.493921,8.537591,-1.0612643,5.589187,7.98781,0.061239194,-0.08460477,0.06963859
IMU,248766978208017,-0.75613195,5.4795637,8.41795,-1.0533082,5.5896134,7.9885635,0.07589995,-0.07971785,0.06597339
IMU,248766980416142,-0.72741807,5.4556355,8.336594,-1.0533082,5.5896134,7.9885635,0.08689552,-0.07116575,0.06108648
IMU,248766982624319,-0.70348984,5.465207,8.250452,-1.0533082,5.5896134,7.9885635,0.09544762,-0.062613636,0.056199558
IMU,248766984832444,-0.6987042,5.465207,8.188239,-1.0461199,5.5917373,7.988021,0.102778,-0.054061532,0.050090913
IMU,248766987040621,-0.70348984,5.45085,8.116454,-1.0461199,5.5917373,7.988021,0.10399973,-0.050396346,0.042760536
IMU,248766989248798,-0.6891329,5.4412785,8.04467,-1.0399703,5.594888,7.9866185,0.10644319,-0.040622506,0.040317077
IMU,248766991456923,-0.6795616,5.4412785,8.015956,-1.0399703,5.594888,7.9866185,0.108886644,-0.03329213,0.035430156
IMU,248766993665100,-0.6843473,5.4412785,7.9633136,-1.0347943,5.598526,7.984741,0.10644319,-0.027183482,0.02932151
IMU,248766995873225,-0.66999036,5.4412785,7.9298143,-1.0347943,5.598526,7.984741,0.10644319,-0.022296565,0.02565632
IMU,248766998081350,-0.6652047,5.4317074,7.9154572,-1.0304401,5.602282,7.9826694,0.102778,-0.016187917,0.020769402
IMU,248767000289579,-0.67477596,5.4221363,7.8963146,-1.0304401,5.602282,7.9826694,0.09911281,-0.008857539,0.015882485
IMU,248767002497704,-0.6652047,5.4221363,7.8723865,-1.0304401,5.602282,7.9826694,0.09422589,-0.003970621,0.013439025
IMU,248767004705881,-0.67477596,5.4125648,7.834101,-1.0269777,5.6057262,7.9806976,0.09422589,0.0021380268,0.0073303776
IMU,248767006914058,-0.66999036,5.426922,7.853244,-1.0269777,5.6057262,7.9806976,0.08811724,0.0070249448,0.0024434591
IMU,248767009122183,-0.66041905,5.407779,7.82453,-1.0243541,5.6089463,7.978772,0.083230324,0.008246674,-0.0024434591
IMU,248767011330360,-0.64606214,5.4125648,7.8197446,-1.0243541,5.6089463,7.978772,0.08078687,0.011911863,-0.0061086477
IMU,248767013538485,-0.6556334,5.4317074,7.8436728,-1.02212,5.611741,7.977093,0.07467822,0.013133593,-0.0097738365
IMU,248767015746663,-0.64606214,5.4556355,7.8580294,-1.02212,5.611741,7.977093,0.07467822,0.013133593,-0.0097738365
IMU,248767017954840,-0.65084773,5.436493,7.8723865,-1.0201598,5.6140914,7.9756904,0.06734784,0.011911863,-0.019547673
IMU,248767020162965,-0.6412765,5.4795637,7.8963146,-1.0201598,5.6140914,7.9756904,0.061239194,0.010690134,-0.02565632
IMU,248767022371142,-0.6412765,5.493921,7.9298143,-1.0201598,5.6140914,7.9756904,0.055130545,0.010690134,-0.03054324
IMU,248767024579319,-0.6412765,5.493921,7.948957,-1.018375,5.615942,7.974616,0.053908817,0.013133593,-0.036651887
IMU,248767026787444,-0.66041905,5.508278,7.958528,-1.018375,5.615942,7.974616,0.052687086,0.016798781,-0.042760536
IMU,248767028995621,-0.70348984,5.508278,7.9633136,-1.0172268,5.617414,7.973725,0.0490219,0.015577052,-0.047647454
IMU,248767031203746,-0.7082755,5.517849,7.972885,-1.0172268,5.617414,7.973725,0.050243627,0.02046397,-0.05497783
IMU,248767033411923,-0.7369894,5.508278,7.987242,-1.0171417,5.6187057,7.9728255,0.052687086,0.024129158,-0.06108648
IMU,248767035620100,-0.7609176,5.5130634,7.9776707,-1.0171417,5.6187057,7.9728255,0.053908817,0.029016078,-0.06475167
IMU,248767037828225,-0.7752745,5.5130634,7.9633136,-1.0171417,5.6187057,7.9728255,0.053908817,0.029016078,-0.06475167
IMU,248767040036402,-0.8039884,5.5226345,7.9633136,-1.0180944,5.6200037,7.97179,0.053908817,0.032681264,-0.07208204
IMU,248767042244527,-0.80877405,5.5226345,7.9968133,-1.0180944,5.6200037,7.97179,0.055130545,0.035124727,-0.073303774
IMU,248767044452704,-0.8279166,5.5369916,8.01117,-1.0197711,5.621318,7.9706483,0.055130545,0.037568185,-0.07574723
IMU,248767046660881,-0.8470592,5.5513487,8.035098,-1.0197711,5.621318,7.9706483,0.056352276,0.041233372,-0.07819069
IMU,248767048869006,-0.8805587,5.575277,8.054241,-1.0221233,5.6226172,7.96943,0.058795735,0.04612029,-0.080634154
IMU,248767051077183,-0.8997013,5.6039906,8.082955,-1.0221233,5.6226172,7.96943,0.060017463,0.04856375,-0.08185588
IMU,248767053285360,-0.91884387,5.623133,8.097312,-1.0253036,5.6240954,7.967979,0.061239194,0.05222894,-0.08429934
IMU,248767055493485,-0.93320084,5.6374903,8.1020975,-1.0253036,5.6240954,7.967979,0.062460925,0.05589413,-0.08307761
IMU,248767057701663,-0.95712906,5.651847,8.111669,-1.0253036,5.6240954,7.967979,0.06368265,0.059559315,-0.08429934
IMU,248767059909840,-0.9810573,5.656633,8.111669,-1.029112,5.6257644,7.9663086,0.06734784,0.062002774,-0.086742796
IMU,248767062117965,-1.0241281,5.6757755,8.126026,-1.029112,5.6257644,7.9663086,0.07101303,0.065667965,-0.08918626
IMU,248767064326142,-1.0241281,5.6709895,8.126026,-1.0337381,5.6277175,7.9643307,0.07345649,0.0632245,-0.08918626
IMU,248767066534267,-1.052842,5.6709895,8.111669,-1.0337381,5.6277175,7.9643307,0.077121675,0.065667965,-0.09040799
IMU,248767068742444,-1.0671989,5.680561,8.082955,-1.0337381,5.6277175,7.9643307,0.07956514,0.066889696,-0.08918626
IMU,248767070950621,-1.0911272,5.6757755,8.049456,-1.0387802,5.6299605,7.9620895,0.084452055,0.07177661,-0.08796453
IMU,248767073158746,-1.1150553,5.6614184,8.006385,-1.0444689,5.6328206,7.959322,0.091782436,0.0754418,-0.08796453
IMU,248767075366923,-1.134198,5.6614184,7.972885,-1.0444689,5.6328206,7.959322,0.08689552,0.07666353,-0.08552107
IMU,248767077575048,-1.134198,5.6709895,7.944171,-1.0444689,5.6328206,7.959322,0.083230324,0.07666353,-0.08307761
IMU,248767079783225,-1.1676974,5.6709895,7.9537425,-1.0444689,5.6328206,7.959322,0.08078687,0.07299834,-0.08307761
IMU,248767081991402,-1.1820544,5.6709895,7.948957,-1.0505438,5.63586,7.95637,0.090560704,0.0754418,-0.08185588
IMU,248767084199527,-1.18684,5.6853466,7.9537425,-1.0567608,5.6389694,7.953343,0.084452055,0.07177661,-0.07941242
IMU,248767086407704,-1.2107682,5.6949177,7.9633136,-1.0567608,5.6389694,7.953343,0.090560704,0.0754418,-0.07941242
IMU,248767088615881,-1.2251252,5.6853466,7.958528,-1.0631003,5.6422753,7.9501534,0.09300416,0.07422007,-0.07941242
IMU,248767090824006,-1.2251252,5.6853466,7.925029,-1.0631003,5.6422753,7.9501534,0.09422589,0.07422007,-0.07941242
IMU,248767093032183,-1.2346965,5.690132,7.920243,-1.0694292,5.6457047,7.9468694,0.08811724,0.066889696,-0.07574723
IMU,248767095240360,-1.253839,5.690132,7.8963146,-1.0694292,5.6457047,7.9468694,0.08933897,0.06444623,-0.074525505
IMU,248767097448485,-1.2490535,5.666204,7.8628154,-1.0694292,5.6457047,7.9468694,0.090560704,0.062002774,-0.06963859
IMU,248767099656663,-1.253839,5.651847,7.834101,-1.0754404,5.64921,7.9435663,0.091782436,0.057115857,-0.06963859
IMU,248767101864788,-1.2634103,5.6757755,7.8149586,-1.0754404,5.64921,7.9435663,0.090560704,0.05222894,-0.06475167
IMU,248767104072965,-1.2634103,5.656633,7.795816,-1.0809596,5.652928,7.9401712,0.09422589,0.04734202,-0.05986475
IMU,248767106281142,-1.2777673,5.656633,7.7910304,-1.0809596,5.652928,7.9401712,0.090560704,0.040011644,-0.056199558
IMU,248767108489267,-1.2729816,5.6757755,7.771888,-1.085844,5.656828,7.936727,0.09544762,0.038789913,-0.0537561
IMU,248767110697444,-1.2777673,5.6757755,7.7623167,-1.085844,5.656828,7.936727,0.09422589,0.036346454,-0.047647454
IMU,248767112905621,-1.2777673,5.690132,7.7479596,-1.0902156,5.6609263,7.9332047,0.08933897,0.032681264,-0.043982264
IMU,248767115113746,-1.268196,5.709275,7.7383885,-1.0902156,5.6609263,7.9332047,0.090560704,0.035124727,-0.039095346
IMU,248767117321923,-1.2634103,5.7188463,7.7144604,-1.0902156,5.6609263,7.9332047,0.08689552,0.033902995,-0.034208428
IMU,248767119530048,-1.253839,5.7427745,7.7001033,-1.0941678,5.665196,7.9296117,0.0820086,0.033902995,-0.03176497
IMU,248767121738225,-1.2634103,5.761917,7.6809607,-1.0941678,5.665196,7.9296117,0.07834341,0.033902995,-0.028099779
IMU,248767123946402,-1.268196,5.757131,7.676175,-1.0978361,5.6694994,7.9260283,0.077121675,0.037568185,-0.02443459
IMU,248767126154527,-1.2586247,5.74756,7.652247,-1.0978361,5.6694994,7.9260283,0.07589995,0.040011644,-0.021991132
IMU,248767128362704,-1.2873386,5.74756,7.63789,-1.1014798,5.6737065,7.9225116,0.0697913,0.036346454,-0.015882485
IMU,248767130570881,-1.2969099,5.7523456,7.647461,-1.1014798,5.6737065,7.9225116,0.06856957,0.037568185,-0.013439025
IMU,248767132779006,-1.3112668,5.709275,7.609176,-1.1014798,5.6737065,7.9225116,0.066126116,0.038789913,-0.010995566
IMU,248767134987183,-1.3112668,5.7284174,7.5996046,-1.1051602,5.677656,7.919168,0.066126116,0.038789913,-0.010995566
IMU,248767137195360,-1.2969099,5.6997037,7.5756764,-1.1051602,5.677656,7.919168,0.056352276,0.040011644,-0.0036651888
IMU,248767139403485,-1.3016955,5.709275,7.5613194,-1.1087294,5.6812334,7.9161034,0.0490219,0.040011644,-0.0024434591
IMU,248767141611663,-1.2921243,5.704489,7.580462,-1.1087294,5.6812334,7.9161034,0.04291325,0.040011644,0.0012217296
IMU,248767143819788,-1.2777673,5.709275,7.5756764,-1.1120609,5.6843305,7.913412,0.038026333,0.040011644,0.0024434591
IMU,248767146027965,-1.2729816,5.6949177,7.5996046,-1.1120609,5.6843305,7.913412,0.031917684,0.040011644,0.0036651888
IMU,248767148236142,-1.2586247,5.704489,7.5996046,-1.1150857,5.6867876,7.91122,0.024587307,0.040011644,0.0024434591
IMU,248767150444267,-1.268196,5.709275,7.618747,-1.1150857,5.6867876,7.91122,0.01725693,0.037568185,0.0024434591
IMU,248767152652444,-1.2729816,5.7140603,7.623533,-1.1179258,5.688584,7.909529,0.008704823,0.032681264,0.0012217296
IMU,248767154860621,-1.2729816,5.709275,7.628319,-1.1179258,5.688584,7.909529,0.008704823,0.032681264,0.0012217296
IMU,248767157068746,-1.268196,5.6997037,7.6426754,-1.1179258,5.688584,7.909529,0.0013744457,0.026572619,0.0012217296
IMU,248767159276923,-1.268196,5.6853466,7.6713896,-1.1204529,5.6898026,7.9082956,-0.002290743,0.02046397,0.0012217296
IMU,248767161485048,-1.2586247,5.680561,7.7001033,-1.1204529,5.6898026,7.9082956,-0.004734202,0.016798781,0.0
IMU,248767163693173,-1.2394822,5.680561,7.7144604,-1.1223663,5.690303,7.9076633,-0.0108428495,0.009468404,0.0
IMU,248767165901402,-1.2490535,5.6853466,7.733603,-1.1223663,5.690303,7.9076633,-0.013286309,0.0058032153,0.0012217296
IMU,248767168109475,-1.2586247,5.6853466,7.786245,-1.1236132,5.690253,7.9075227,-0.018173227,-0.0015271619,0.0036651888
IMU,248767170317704,-1.2442678,5.6757755,7.834101,-1.1236132,5.690253,7.9075227,-0.020616686,-0.0051923506,0.0036651888
IMU,248767172525829,-1.253839,5.690132,7.838887,-1.1236132,5.690253,7.9075227,-0.023060145,-0.010079269,0.0036651888
IMU,248767174734006,-1.2777673,5.7140603,7.8580294,-1.1243037,5.689601,7.907893,-0.026725333,-0.014966187,0.0061086477
IMU,248767176942183,-1.2634103,5.709275,7.891529,-1.1243037,5.689601,7.907893,-0.027947064,-0.016187917,0.008552107
IMU,248767179150308,-1.2634103,5.709275,7.925029,-1.1246704,5.688713,7.9084797,-0.029168794,-0.017409647,0.0097738365
IMU,248767181358485,-1.2729816,5.7188463,7.948957,-1.1246704,5.688713,7.9084797,-0.030390523,-0.022296565,0.010995566
IMU,248767183566610,-1.2394822,5.6949177,7.948957,-1.1245816,5.687543,7.9093337,-0.027947064,-0.025961753,0.012217295
IMU,248767185774788,-1.2634103,5.6997037,7.958528,-1.1245816,5.687543,7.9093337,-0.027947064,-0.03084867,0.013439025
IMU,248767187982965,-1.2586247,5.7188463,7.9393854,-1.1240073,5.686393,7.910242,-0.027947064,-0.03329213,0.014660755
IMU,248767190191090,-1.2490535,5.6853466,7.920243,-1.1240073,5.686393,7.910242,-0.025503604,-0.038179047,0.014660755
IMU,248767192399267,-1.2490535,5.666204,7.9298143,-1.1240073,5.686393,7.910242,-0.024281874,-0.040622506,0.014660755
IMU,248767194607444,-1.2203395,5.6709895,7.8963146,-1.123065,5.685332,7.911138,-0.021838415,-0.043065965,0.015882485
IMU,248767196815569,-1.2107682,5.6470613,7.8963146,-1.123065,5.685332,7.911138,-0.021838415,-0.050396346,0.014660755
IMU,248767199023746,-1.2011969,5.6327047,7.8867435,-1.1215477,5.684418,7.91201,-0.020616686,-0.050396346,0.013439025
IMU,248767201231871,-1.1916257,5.642276,7.9011,-1.1215477,5.684418,7.91201,-0.020616686,-0.054061532,0.013439025
IMU,248767203440048,-1.2011969,5.623133,7.8867435,-1.1197054,5.683437,7.9129767,-0.020616686,-0.057726722,0.012217295
IMU,248767205648225,-1.2107682,5.6374903,7.9011,-1.1197054,5.683437,7.9129767,-0.019394957,-0.057726722,0.013439025
IMU,248767207856402,-1.18684,5.6279187,7.920243,-1.117793,5.6824336,7.913967,-0.019394957,-0.057726722,0.010995566
IMU,248767210064527,-1.1772687,5.6374903,7.9154572,-1.117793,5.6824336,7.913967,-0.020616686,-0.05650499,0.013439025
IMU,248767212272704,-1.1724831,5.6470613,7.9393854,-1.117793,5.6824336,7.913967,-0.021838415,-0.054061532,0.014660755
IMU,248767214480829,-1.1724831,5.6614184,7.9346,-1.115716,5.6813593,7.915032,-0.024281874,-0.051618073,0.018325943
IMU,248767216689006,-1.1724831,5.656633,7.9011,-1.115716,5.6813593,7.915032,-0.024281874,-0.046731155,0.020769402
IMU,248767218897183,-1.1485549,5.651847,7.881958,-1.1137179,5.6803718,7.916022,-0.024281874,-0.044287696,0.023212861
IMU,248767221105308,-1.134198,5.666204,7.8723865,-1.1137179,5.6803718,7.916022,-0.021838415,-0.038179047,0.02687805
IMU,248767223313485,-1.1150553,5.6709895,7.838887,-1.1116575,5.6796865,7.916803,-0.025503604,-0.03451386,0.03054324
IMU,248767225521610,-1.1006985,5.6709895,7.8484583,-1.1116575,5.6796865,7.916803,-0.024281874,-0.029626941,0.034208428
IMU,248767227729788,-1.0815558,5.6614184,7.8197446,-1.1116575,5.6796865,7.916803,-0.023060145,-0.024740024,0.037873615
IMU,248767229937965,-1.0624132,5.6709895,7.800602,-1.1116575,5.6796865,7.916803,-0.023060145,-0.024740024,0.037873615
IMU,248767232146090,-1.0719845,5.6709895,7.8053875,-1.1095027,5.679211,7.917446,-0.021838415,-0.021074835,0.039095346
IMU,248767234354267,-1.0480564,5.6757755,7.834101,-1.1072955,5.678957,7.9179373,-0.023060145,-0.014966187,0.046425723
IMU,248767236562444,-1.0336994,5.6709895,7.8580294,-1.1072955,5.678957,7.9179373,-0.020616686,-0.011300999,0.046425723
IMU,248767238770569,-1.0145568,5.680561,7.8484583,-1.1049855,5.6786685,7.918468,-0.020616686,-0.008857539,0.047647454
IMU,248767240978746,-1.0097711,5.6709895,7.8580294,-1.1049855,5.6786685,7.918468,-0.019394957,-0.003970621,0.047647454
IMU,248767243186871,-1.0145568,5.6614184,7.867601,-1.1028352,5.6784167,7.918947,-0.018173227,9.162972E-4,0.046425723
IMU,248767245395048,-1.0145568,5.656633,7.8723865,-1.1028352,5.6784167,7.918947,-0.018173227,9.162972E-4,0.046425723
IMU,248767247603225,-1.0193424,5.6279187,7.8580294,-1.1028352,5.6784167,7.918947,-0.015729768,0.0058032153,0.043982264
IMU,248767249811350,-1.0241281,5.6279187,7.8628154,-1.1011324,5.6780877,7.91942,-0.014508039,0.009468404,0.042760536
IMU,248767252019527,-1.0145568,5.608776,7.838887,-1.1011324,5.6780877,7.91942,-0.012064579,0.011911863,0.040317077
IMU,248767254227652,-1.0001999,5.608776,7.853244,-1.0998042,5.677786,7.919822,-0.0108428495,0.011911863,0.039095346
IMU,248767256435829,-0.9810573,5.5944195,7.8293157,-1.0998042,5.677786,7.919822,-0.012064579,0.013133593,0.037873615
IMU,248767258644006,-0.971486,5.599205,7.8149586,-1.0984176,5.6774783,7.920234,-0.013286309,0.013133593,0.035430156
IMU,248767260852131,-0.9523434,5.6183476,7.82453,-1.0984176,5.6774783,7.920234,-0.0108428495,0.013133593,0.034208428
IMU,248767263060308,-0.9379865,5.613562,7.82453,-1.096878,5.6772833,7.9205875,-0.013286309,0.013133593,0.032986697
IMU,248767265268485,-0.9379865,5.6183476,7.8580294,-1.096878,5.6772833,7.9205875,-0.016951498,0.010690134,0.03054324
IMU,248767267476610,-0.94277215,5.6614184,7.8723865,-1.096878,5.6772833,7.9205875,-0.018173227,0.011911863,0.02687805
IMU,248767269684788,-0.9236295,5.656633,7.877172,-1.0952893,5.676837,7.9211273,-0.021838415,0.011911863,0.02443459
IMU,248767271892913,-0.93320084,5.666204,7.8628154,-1.0952893,5.676837,7.9211273,-0.023060145,0.010690134,0.023212861
IMU,248767274101090,-0.93320084,5.6757755,7.9106717,-1.0952893,5.676837,7.9211273,-0.023060145,0.010690134,0.023212861
IMU,248767276309267,-0.9284152,5.6757755,7.905886,-1.0937306,5.67625,7.9217625,-0.027947064,0.008246674,0.018325943
IMU,248767278517392,-0.94755775,5.680561,7.9106717,-1.0922333,5.675399,7.9225793,-0.029168794,0.0070249448,0.015882485
IMU,248767280725569,-0.94277215,5.6757755,7.9298143,-1.0908282,5.674343,7.9235296,-0.030390523,0.004581486,0.013439025
IMU,248767282933746,-0.9523434,5.666204,7.9298143,-1.0908282,5.674343,7.9235296,-0.030390523,0.004581486,0.013439025
IMU,248767285141871,-0.94755775,5.651847,7.9393854,-1.0908282,5.674343,7.9235296,-0.03405571,9.162972E-4,0.012217295
IMU,248767287350048,-0.94755775,5.666204,7.948957,-1.0908282,5.674343,7.9235296,-0.032833982,-0.0015271619,0.012217295
IMU,248767289558173,-0.94277215,5.666204,7.958528,-1.0892749,5.673016,7.9246936,-0.032833982,-0.0027488915,0.012217295
IMU,248767291766350,-0.9379865,5.6614184,7.987242,-1.0892749,5.673016,7.9246936,-0.032833982,-0.0051923506,0.010995566
IMU,248767293974527,-0.9284152,5.666204,8.01117,-1.0874914,5.6716104,7.925944,-0.032833982,-0.00641408,0.010995566
IMU,248767296182652,-0.94277215,5.666204,8.020741,-1.0874914,5.6716104,7.925944,-0.032833982,-0.00763581,0.0073303776
IMU,248767298390829,-0.95712906,5.6757755,8.059027,-1.0857098,5.6700416,7.9273095,-0.03161225,-0.00763581,0.0061086477
IMU,248767300599006,-0.9523434,5.6709895,8.1020975,-1.0857098,5.6700416,7.9273095,-0.029168794,-0.00763581,0.0036651888
IMU,248767302807131,-0.971486,5.6709895,8.12124,-1.0841596,5.668397,7.928698,-0.029168794,-0.00763581,0.0036651888
IMU,248767305015256,-0.9762716,5.6470613,8.145168,-1.0841596,5.668397,7.928698,-0.020616686,-0.00641408,0.0
IMU,248767307223433,-0.9954142,5.642276,8.149954,-1.0841596,5.668397,7.928698,-0.015729768,-0.0051923506,-0.0012217296
IMU,248767309431610,-0.9810573,5.642276,8.145168,-1.0829934,5.6667824,7.930012,-0.012064579,-0.0051923506,-0.0036651888
IMU,248767311639788,-1.0049855,5.6279187,8.16431,-1.0829934,5.6667824,7.930012,-0.004734202,-0.003970621,-0.0061086477
IMU,248767313847913,-1.0336994,5.6374903,8.154739,-1.0821978,5.6655254,7.9310184,0.0013744457,-3.054324E-4,-0.0097738365
IMU,248767316056090,-1.0576276,5.613562,8.149954,-1.0821978,5.6655254,7.9310184,0.0074830935,-3.054324E-4,-0.008552107
IMU,248767318264215,-1.0624132,5.6279187,8.145168,-1.0820949,5.6647344,7.9315968,0.012370012,0.0021380268,-0.0097738365
IMU,248767320472392,-1.0863415,5.6279187,8.116454,-1.0820949,5.6647344,7.9315968,0.020922119,0.0021380268,-0.010995566
IMU,248767322680569,-1.1150553,5.6279187,8.097312,-1.0820949,5.6647344,7.9315968,0.027030766,0.0021380268,-0.010995566
IMU,248767324888694,-1.1389836,5.6327047,8.082955,-1.0824786,5.664693,7.931575,0.034361143,0.0021380268,-0.012217295
IMU,248767327096871,-1.1437693,5.6327047,8.054241,-1.0824786,5.664693,7.931575,0.03924806,-0.0015271619,-0.014660755
IMU,248767329304996,-1.134198,5.642276,8.059027,-1.0832496,5.665372,7.930985,0.044134982,-0.0015271619,-0.013439025
IMU,248767331513173,-1.1581261,5.656633,8.059027,-1.0832496,5.665372,7.930985,0.04780017,-0.0051923506,-0.014660755
IMU,248767333721350,-1.1676974,5.656633,8.030313,-1.0839674,5.6665783,7.930024,0.05146536,-0.00641408,-0.017104214
IMU,248767335929423,-1.1964114,5.6470613,8.015956,-1.0839674,5.6665783,7.930024,0.056352276,-0.00763581,-0.015882485
IMU,248767338137652,-1.1916257,5.623133,8.006385,-1.0839674,5.6665783,7.930024,0.061239194,-0.0051923506,-0.015882485
IMU,248767340345829,-1.2059826,5.6374903,7.987242,-1.0849713,5.6682286,7.928707,0.062460925,-0.003970621,-0.017104214
IMU,248767342553954,-1.18684,5.6279187,7.9298143,-1.0849713,5.6682286,7.928707,0.064904384,-3.054324E-4,-0.014660755
IMU,248767344762131,-1.1964114,5.623133,7.8867435,-1.0862408,5.6702514,7.927088,0.066126116,0.0021380268,-0.012217295
IMU,248767346970308,-1.2011969,5.608776,7.8436728,-1.0862408,5.6702514,7.927088,0.066126116,0.004581486,-0.0097738365
IMU,248767349178433,-1.2011969,5.608776,7.786245,-1.0876902,5.672686,7.925146,0.064904384,0.0058032153,-0.0073303776
IMU,248767351386610,-1.2011969,5.623133,7.7479596,-1.0876902,5.672686,7.925146,0.064904384,0.008246674,-0.0048869182
IMU,248767353594735,-1.1820544,5.6279187,7.719246,-1.0891815,5.6754885,7.9229345,0.062460925,0.008246674,-0.0024434591
IMU,248767355802913,-1.1772687,5.6614184,7.704889,-1.0891815,5.6754885,7.9229345,0.058795735,0.009468404,0.0012217296
IMU,248767358011038,-1.1629118,5.6709895,7.6713896,-1.0903679,5.678502,7.920613,0.055130545,0.009468404,0.0036651888
IMU,248767360219215,-1.1485549,5.6997037,7.6713896,-1.0903679,5.678502,7.920613,0.050243627,0.009468404,0.0048869182
IMU,248767362427392,-1.1485549,5.6614184,7.6331043,-1.0903679,5.678502,7.920613,0.04657844,0.009468404,0.0061086477
IMU,248767364635569,-1.1437693,5.6853466,7.628319,-1.0912786,5.681425,7.91839,0.03924806,0.010690134,0.0061086477
IMU,248767366843694,-1.1294123,5.6853466,7.623533,-1.0912786,5.681425,7.91839,0.033139415,0.010690134,0.0073303776
IMU,248767369051871,-1.1294123,5.6757755,7.5900335,-1.0920753,5.683952,7.916467,0.027030766,0.009468404,0.008552107
IMU,248767371259996,-1.134198,5.6757755,7.594819,-1.0920753,5.683952,7.916467,0.020922119,0.011911863,0.008552107
IMU,248767373468173,-1.134198,5.666204,7.5661054,-1.0928525,5.685986,7.914899,0.013591741,0.010690134,0.008552107
IMU,248767375676298,-1.134198,5.6470613,7.556534,-1.0928525,5.685986,7.914899,0.006261364,0.009468404,0.0097738365
IMU,248767377884475,-1.119841,5.642276,7.5661054,-1.0935374,5.687352,7.9138227,1.527162E-4,0.009468404,0.0097738365
IMU,248767380092652,-1.1102697,5.6279187,7.556534,-1.0935374,5.687352,7.9138227,-0.008399391,0.009468404,0.012217295
IMU,248767382300777,-1.1246266,5.642276,7.5613194,-1.0935374,5.687352,7.9138227,-0.014508039,0.009468404,0.012217295
IMU,248767384508954,-1.105484,5.642276,7.5996046,-1.0940545,5.6880107,7.913278,-0.023060145,0.009468404,0.013439025
IMU,248767386717079,-1.0959128,5.651847,7.585248,-1.0940545,5.6880107,7.913278,-0.029168794,0.009468404,0.014660755
IMU,248767388925256,-1.0863415,5.642276,7.618747,-1.0943135,5.6879625,7.913276,-0.03649917,0.009468404,0.015882485
IMU,248767391133433,-1.0959128,5.6614184,7.63789,-1.0943135,5.6879625,7.913276,-0.045051277,0.008246674,0.014660755
IMU,248767393341558,-1.0863415,5.690132,7.6666036,-1.0943135,5.6879625,7.913276,-0.051159926,0.013133593,0.015882485
IMU,248767395549735,-1.0719845,5.690132,7.704889,-1.0944716,5.6871915,7.9138093,-0.058490302,0.010690134,0.017104214
IMU,248767397757860,-1.0863415,5.7188463,7.719246,-1.0944716,5.6871915,7.9138093,-0.06459895,0.010690134,0.015882485
IMU,248767399966038,-1.0767702,5.704489,7.757531,-1.0944647,5.6857905,7.914816,-0.06826414,0.013133593,0.014660755
IMU,248767402174215,-1.0959128,5.7188463,7.7671022,-1.0944647,5.6857905,7.914816,-0.0707076,0.010690134,0.013439025
IMU,248767404382340,-1.0815558,5.709275,7.8053875,-1.0945733,5.683876,7.9161754,-0.0707076,0.011911863,0.012217295
IMU,248767406590517,-1.0815558,5.704489,7.82453,-1.0945733,5.683876,7.9161754,-0.07192933,0.010690134,0.013439025
IMU,248767408798694,-1.0815558,5.6853466,7.838887,-1.094589,5.6816425,7.917777,-0.0707076,0.009468404,0.012217295
IMU,248767411006819,-1.0719845,5.680561,7.8484583,-1.094589,5.6816425,7.917777,-0.07315106,0.010690134,0.013439025
IMU,248767413214996,-1.0815558,5.666204,7.877172,-1.0945402,5.679114,7.919599,-0.07192933,0.011911863,0.014660755
IMU,248767415423121,-1.0815558,5.6757755,7.8963146,-1.0945402,5.679114,7.919599,-0.0707076,0.010690134,0.014660755
IMU,248767417631298,-1.0767702,5.690132,7.9154572,-1.0945402,5.679114,7.919599,-0.069485866,0.013133593,0.015882485
IMU,248767419839475,-1.0767702,5.704489,7.9680996,-1.0944626,5.676526,7.921464,-0.0707076,0.009468404,0.014660755
IMU,248767422047600,-1.0815558,5.7188463,7.9968133,-1.0944626,5.676526,7.921464,-0.06582068,0.010690134,0.013439025
IMU,248767424255777,-1.0863415,5.7379885,8.054241,-1.0942701,5.6739283,7.923352,-0.06093376,0.009468404,0.013439025
IMU,248767426463954,-1.0863415,5.7284174,8.097312,-1.0942701,5.6739283,7.923352,-0.058490302,0.0058032153,0.012217295
IMU,248767428672079,-1.1006985,5.723632,8.106883,-1.0942701,5.6739283,7.923352,-0.058490302,0.0058032153,0.012217295
IMU,248767430880256,-1.1102697,5.7284174,8.130812,-1.0940057,5.6714473,7.925164,-0.045051277,0.0021380268,0.0061086477
IMU,248767433088381,-1.119841,5.7140603,8.16431,-1.0938494,5.6692505,7.9267573,-0.0377209,-3.054324E-4,0.0048869182
IMU,248767435296506,-1.1006985,5.6853466,8.169097,-1.0938494,5.6692505,7.9267573,-0.029168794,-0.003970621,0.0036651888
IMU,248767437504735,-1.1150553,5.6614184,8.178668,-1.0938494,5.6692505,7.9267573,-0.020616686,-0.008857539,0.0024434591
IMU,248767439712860,-1.119841,5.623133,8.16431,-1.093441,5.667381,7.9281507,-0.012064579,-0.013744458,0.0
IMU,248767441921038,-1.1246266,5.623133,8.159525,-1.093441,5.667381,7.9281507,-0.002290743,-0.016187917,-0.0012217296
IMU,248767444129215,-1.1150553,5.608776,8.16431,-1.0929351,5.6660037,7.9292045,0.003817905,-0.018631376,-0.0036651888
IMU,248767446337340,-1.1006985,5.5944195,8.154739,-1.0929351,5.6660037,7.9292045,0.008704823,-0.024740024,-0.0036651888
IMU,248767448545517,-1.1102697,5.6039906,8.126026,-1.0920913,5.6651053,7.929962,0.013591741,-0.027183482,-0.0048869182
IMU,248767450753642,-1.0911272,5.608776,8.116454,-1.0920913,5.6651053,7.929962,0.01725693,-0.032070402,-0.0048869182
IMU,248767452961819,-1.0863415,5.6183476,8.1020975,-1.0920913,5.6651053,7.929962,0.01725693,-0.032070402,-0.0048869182
IMU,248767455169944,-1.0815558,5.6279187,8.092526,-1.0908667,5.664814,7.93034,0.027030766,-0.03573559,-0.0061086477
IMU,248767457378121,-1.0959128,5.6279187,8.078169,-1.0908667,5.664814,7.93034,0.029474225,-0.03695732,-0.0048869182
IMU,248767459586298,-1.0624132,5.6470613,8.059027,-1.0894678,5.6650763,7.930344,0.028252495,-0.03940078,-0.0048869182
IMU,248767461794423,-1.0624132,5.6614184,8.020741,-1.0894678,5.6650763,7.930344,0.030695954,-0.041844238,-0.0048869182
IMU,248767464002600,-1.0480564,5.651847,8.01117,-1.0876614,5.6657867,7.9300847,0.033139415,-0.043065965,-0.0036651888
IMU,248767466210777,-1.038485,5.656633,7.958528,-1.0876614,5.6657867,7.9300847,0.031917684,-0.044287696,-0.0024434591
IMU,248767468418902,-1.0432707,5.6614184,7.9106717,-1.0855974,5.666866,7.9295964,0.030695954,-0.045509428,-0.0024434591
IMU,248767470627340,-1.0193424,5.6470613,7.8963146,-1.0855974,5.666866,7.9295964,0.028252495,-0.045509428,-0.0024434591
IMU,248767472835204,-1.0193424,5.6374903,7.853244,-1.0833701,5.6680765,7.929035,0.028252495,-0.046731155,-0.0012217296
IMU,248767475043381,-1.0097711,5.6327047,7.838887,-1.0833701,5.6680765,7.929035,0.025809037,-0.046731155,-0.0024434591
IMU,248767477251558,-0.9906286,5.6374903,7.8053875,-1.0833701,5.6680765,7.929035,0.020922119,-0.047952887,-0.0012217296
IMU,248767479459683,-0.9762716,5.6327047,7.795816,-1.0809741,5.6692405,7.9285307,0.01847866,-0.047952887,-0.0036651888
IMU,248767481667860,-0.98584294,5.6374903,7.800602,-1.0809741,5.6692405,7.9285307,0.013591741,-0.051618073,-0.0048869182
IMU,248767483876038,-1.0001999,5.608776,7.8197446,-1.0809741,5.6692405,7.9285307,0.009926553,-0.051618073,-0.0048869182
IMU,248767486084163,-1.0049855,5.599205,7.8197446,-1.0784303,5.6701107,7.9282546,0.0050396346,-0.051618073,-0.0048869182
IMU,248767488292340,-1.0001999,5.584848,7.82453,-1.0760844,5.6702747,7.928456,-0.0010690134,-0.050396346,-0.008552107
IMU,248767490500465,-1.0097711,5.575277,7.82453,-1.0760844,5.6702747,7.928456,-0.007177661,-0.049174614,-0.008552107
IMU,248767492708642,-1.0241281,5.584848,7.838887,-1.0760844,5.6702747,7.928456,-0.015729768,-0.050396346,-0.0097738365
IMU,248767494916819,-1.0241281,5.541777,7.838887,-1.0739927,5.669703,7.9291477,-0.018173227,-0.047952887,-0.0097738365
IMU,248767497124944,-1.0480564,5.5369916,7.800602,-1.0739927,5.669703,7.9291477,-0.025503604,-0.046731155,-0.010995566
IMU,248767499333121,-1.0432707,5.5274205,7.82453,-1.0722435,5.668449,7.9302807,-0.03161225,-0.049174614,-0.0097738365
IMU,248767501541246,-1.0624132,5.532206,7.838887,-1.0722435,5.668449,7.9302807,-0.03894263,-0.050396346,-0.010995566
IMU,248767503749423,-1.052842,5.5226345,7.867601,-1.0705221,5.666441,7.931949,-0.047494736,-0.052839804,-0.0097738365
IMU,248767505957600,-1.0480564,5.5226345,7.881958,-1.0705221,5.666441,7.931949,-0.054825112,-0.05650499,-0.0073303776
IMU,248767508165725,-1.0480564,5.5369916,7.9011,-1.0683849,5.663587,7.934275,-0.062155493,-0.062613636,-0.008552107
IMU,248767510373902,-1.0336994,5.56092,7.958528,-1.0683849,5.663587,7.934275,-0.07315106,-0.06994402,-0.0073303776
IMU,248767512582079,-1.0289137,5.5896335,7.972885,-1.0683849,5.663587,7.934275,-0.07437278,-0.076052666,-0.008552107
IMU,248767514790204,-1.0289137,5.608776,8.015956,-1.0683849,5.663587,7.934275,-0.08170316,-0.0858265,-0.0097738365
IMU,248767516998381,-1.0049855,5.6327047,8.04467,-1.0654665,5.660047,7.9371934,-0.08536835,-0.09560034,-0.008552107
IMU,248767519206506,-1.0097711,5.6614184,8.078169,-1.0615767,5.656089,7.9405355,-0.09269873,-0.1065959,-0.008552107
IMU,248767521414683,-1.0049855,5.690132,8.116454,-1.0615767,5.656089,7.9405355,-0.09392046,-0.11759147,-0.010995566
IMU,248767523622808,-1.0097711,5.74756,8.16431,-1.0566483,5.6519027,7.9441724,-0.09392046,-0.1273653,-0.012217295
IMU,248767525830985,-1.0097711,5.814559,8.193025,-1.0566483,5.6519027,7.9441724,-0.09269873,-0.14202607,-0.013439025
IMU,248767528039163,-1.0145568,5.962914,8.193025,-1.0506974,5.6483545,7.947485,-0.09269873,-0.15302163,-0.017104214
IMU,248767530247340,-1.0336994,6.111269,8.16431,-1.0506974,5.6483545,7.947485,-0.08781181,-0.16279547,-0.018325943
IMU,248767532455465,-1.0959128,6.0777693,8.19781,-1.0506974,5.6483545,7.947485,-0.08536835,-0.17379104,-0.019547673
IMU,248767534663590,-1.1820544,5.9294147,8.207381,-1.0442601,5.646361,7.9497504,-0.07925971,-0.18600832,-0.023212861
IMU,248767536871767,-1.2586247,5.790631,8.23131,-1.0442601,5.646361,7.9497504,-0.07315106,-0.19578215,-0.020769402
IMU,248767539079944,-1.3543376,5.666204,8.2456665,-1.038457,5.643311,7.9526744,-0.06093376,-0.205556,-0.017104214
IMU,248767541288069,-1.402194,5.5513487,8.255239,-1.038457,5.643311,7.9526744,-0.048716467,-0.21288638,-0.012217295
IMU,248767543496246,-1.430908,5.4795637,8.269595,-1.0331346,5.639643,7.9559684,-0.03527744,-0.21655156,-0.0048869182
IMU,248767545704423,-1.4691931,5.4173503,8.26481,-1.0331346,5.639643,7.9559684,-0.03527744,-0.21655156,-0.0048869182
IMU,248767547912548,-1.4979069,5.3886366,8.250452,-1.0331346,5.639643,7.9559684,-0.00962112,-0.21899502,0.014660755
IMU,248767550120725,-1.4883357,5.383851,8.193025,-1.0277678,5.636338,7.959006,0.0074830935,-0.21166465,0.02443459
IMU,248767552328850,-1.416551,5.3647084,8.126026,-1.0277678,5.636338,7.959006,0.01970039,-0.20066908,0.034208428
IMU,248767554537027,-1.3495519,5.407779,8.073383,-1.0223448,5.634638,7.9609084,0.034361143,-0.18723005,0.042760536
IMU,248767556745204,-1.2777673,5.436493,8.001599,-1.0223448,5.634638,7.9609084,0.04780017,-0.17134757,0.04886918
IMU,248767558953329,-1.2011969,5.474778,7.9346,-1.0164776,5.6351676,7.961284,0.058795735,-0.15790854,0.056199558
IMU,248767561161506,-1.1485549,5.5369916,7.8867435,-1.0164776,5.6351676,7.961284,0.06856957,-0.1395826,0.05986475
IMU,248767563369683,-1.0719845,5.5800624,7.8197446,-1.0105152,5.6378427,7.96015,0.07467822,-0.12492185,0.062308207
IMU,248767565577808,-1.0001999,5.6279187,7.757531,-1.0105152,5.6378427,7.96015,0.083230324,-0.10537417,0.062308207
IMU,248767567785985,-0.9667004,5.656633,7.7096744,-1.0050224,5.6423798,7.9576287,0.091782436,-0.08460477,0.062308207
IMU,248767569994110,-0.9284152,5.6949177,7.6331043,-1.0050224,5.6423798,7.9576287,0.084452055,-0.074830934,0.06108648
IMU,248767572202288,-0.8997013,5.7188463,7.594819,-1.0050224,5.6423798,7.9576287,0.08811724,-0.054061532,0.056199558
IMU,248767574410465,-0.8662018,5.7188463,7.537391,-1.0004468,5.647787,7.954369,0.0820086,-0.038179047,0.0537561
IMU,248767576618590,-0.85184485,5.7188463,7.4847493,-1.0004468,5.647787,7.954369,0.083230324,-0.022296565,0.050090913
IMU,248767578826767,-0.8327023,5.723632,7.446464,-0.9972218,5.6535163,7.9507036,0.07956514,-0.003970621,0.047647454
IMU,248767581034892,-0.8279166,5.7188463,7.4177504,-0.9972218,5.6535163,7.9507036,0.062460925,0.0033597562,0.043982264
IMU,248767583243069,-0.83748794,5.6997037,7.3746796,-0.9953724,5.658812,7.947168,0.061239194,0.022907428,0.040317077
IMU,248767585451194,-0.8279166,5.6949177,7.3363943,-0.9953724,5.658812,7.947168,0.05146536,0.030237807,0.040317077
IMU,248767587659371,-0.8135597,5.6709895,7.3172517,-0.9953724,5.658812,7.947168,0.0368046,0.036346454,0.037873615
IMU,248767589867548,-0.8279166,5.656633,7.283752,-0.9953724,5.658812,7.947168,0.0368046,0.036346454,0.037873615
IMU,248767592075673,-0.8279166,5.651847,7.3028946,-0.99456406,5.663382,7.9440126,0.008704823,0.042455103,0.034208428
IMU,248767594283850,-0.83748794,5.642276,7.322037,-0.99433345,5.6667356,7.94165,0.0013744457,0.04734202,0.034208428
IMU,248767596491975,-0.8422736,5.642276,7.3172517,-0.99433345,5.6667356,7.94165,-0.014508039,0.04734202,0.032986697
IMU,248767598700152,-0.8422736,5.651847,7.3603225,-0.9943972,5.6686697,7.9402604,-0.030390523,0.04367683,0.03054324
IMU,248767600908329,-0.85184485,5.6614184,7.4033933,-0.9943972,5.6686697,7.9402604,-0.045051277,0.036346454,0.02932151
IMU,248767603116454,-0.86141616,5.6614184,7.446464,-0.9943972,5.6686697,7.9402604,-0.045051277,0.036346454,0.02932151
IMU,248767605324631,-0.85184485,5.6757755,7.4943204,-0.994245,5.669,7.9400444,-0.069485866,0.030237807,0.021991132
IMU,248767607532808,-0.8709874,5.6614184,7.52782,-0.994245,5.669,7.9400444,-0.082924895,0.021685699,0.019547673
IMU,248767609740933,-0.8709874,5.6757755,7.5996046,-0.9938764,5.6678486,7.9409122,-0.09269873,0.015577052,0.015882485
IMU,248767611949110,-0.8709874,5.6709895,7.6331043,-0.9938764,5.6678486,7.9409122,-0.101250835,0.004581486,0.012217295
IMU,248767614157288,-0.89013004,5.6709895,7.6713896,-0.9938764,5.6678486,7.9409122,-0.101250835,0.004581486,0.012217295
IMU,248767616365413,-0.8997013,5.6709895,7.743174,-0.99300605,5.6653438,7.942809,-0.115911596,-0.013744458,0.0036651888
IMU,248767618573590,-0.93320084,5.656633,7.8053875,-0.99170876,5.6616898,7.9455748,-0.12079851,-0.024740024,0.0012217296
IMU,248767620781715,-0.9379865,5.6279187,7.8436728,-0.99170876,5.6616898,7.9455748,-0.12324197,-0.032070402,0.0
IMU,248767622989892,-0.971486,5.6279187,7.8723865,-0.99170876,5.6616898,7.9455748,-0.12324197,-0.032070402,0.0
IMU,248767625198017,-0.9667004,5.6183476,7.9106717,-0.9900562,5.657076,7.949068,-0.1244637,-0.047952887,-0.0048869182
IMU,248767627406194,-0.971486,5.599205,7.9680996,-0.9900562,5.657076,7.949068,-0.12324197,-0.054061532,-0.0048869182
IMU,248767629614371,-0.971486,5.608776,7.9968133,-0.9900562,5.657076,7.949068,-0.12324197,-0.054061532,-0.0048869182
IMU,248767631822496,-0.98584294,5.6279187,8.063812,-0.9880215,5.651969,7.9529524,-0.11957678,-0.06139191,-0.0048869182
IMU,248767634030673,-0.9906286,5.6327047,8.111669,-0.9856236,5.646677,7.9570065,-0.11835505,-0.06383537,-0.0024434591
IMU,248767636238798,-0.98584294,5.6374903,8.145168,-0.9856236,5.646677,7.9570065,-0.11713332,-0.06383537,-0.0036651888
IMU,248767638446975,-0.98584294,5.656633,8.183454,-0.9831003,5.641345,7.9611,-0.11102467,-0.06383537,-0.0048869182
IMU,248767640655152,-0.9762716,5.680561,8.236095,-0.9831003,5.641345,7.9611,-0.10491603,-0.06139191,-0.0012217296
IMU,248767642863277,-0.9810573,5.6757755,8.255239,-0.9831003,5.641345,7.9611,-0.10491603,-0.06139191,-0.0012217296
IMU,248767645071454,-0.9810573,5.6614184,8.303095,-0.9804888,5.636369,7.964947,-0.091477,-0.05650499,0.0012217296
IMU,248767647279579,-0.9906286,5.656633,8.312666,-0.9804888,5.636369,7.964947,-0.082924895,-0.05650499,0.0024434591
IMU,248767649487756,-1.0001999,5.6374903,8.30788,-0.9804888,5.636369,7.964947,-0.082924895,-0.05650499,0.0024434591
IMU,248767651695933,-0.9810573,5.6470613,8.327023,-0.97801924,5.6317754,7.9684987,-0.06704241,-0.051618073,0.0061086477
IMU,248767653904058,-0.98584294,5.6470613,8.322237,-0.97801924,5.6317754,7.9684987,-0.06704241,-0.051618073,0.0061086477
IMU,248767656112235,-1.0001999,5.6279187,8.327023,-0.9756884,5.627842,7.9715633,-0.045051277,-0.043065965,0.010995566
IMU,248767658320360,-0.9954142,5.613562,8.34138,-0.9756884,5.627842,7.9715633,-0.03649917,-0.040622506,0.012217295
IMU,248767660528538,-0.9762716,5.6039906,8.34138,-0.97359383,5.624772,7.973985,-0.021838415,-0.03573559,0.012217295
IMU,248767662736715,-0.9619147,5.5944195,8.303095,-0.97359383,5.624772,7.973985,-0.014508039,-0.03329213,0.013439025
IMU,248767664944840,-0.94755775,5.608776,8.303095,-0.97359383,5.624772,7.973985,-0.014508039,-0.03329213,0.013439025
IMU,248767667153017,-0.94755775,5.599205,8.274381,-0.9716309,5.622585,7.975767,0.0025961753,-0.028405212,0.018325943
IMU,248767669361194,-0.91884387,5.584848,8.26481,-0.96954733,5.6213408,7.9768972,0.0074830935,-0.027183482,0.018325943
IMU,248767671569319,-0.90448695,5.5800624,8.255239,-0.96954733,5.6213408,7.9768972,0.013591741,-0.025961753,0.018325943
IMU,248767673777496,-0.89013004,5.584848,8.226524,-0.96954733,5.6213408,7.9768972,0.013591741,-0.025961753,0.018325943
IMU,248767675985621,-0.8805587,5.584848,8.221739,-0.96736276,5.6207204,7.977599,0.027030766,-0.023518294,0.017104214
IMU,248767678193798,-0.8757731,5.556134,8.1738825,-0.96736276,5.6207204,7.977599,0.033139415,-0.017409647,0.015882485
IMU,248767680401975,-0.8757731,5.5465627,8.140383,-0.96523094,5.6208277,7.977783,0.0368046,-0.019853106,0.014660755
IMU,248767682610100,-0.8805587,5.5369916,8.1020975,-0.96523094,5.6208277,7.977783,0.0368046,-0.019853106,0.014660755
IMU,248767684818277,-0.8709874,5.5369916,8.059027,-0.96327657,5.62145,7.9775805,0.04046979,-0.019853106,0.013439025
IMU,248767687026402,-0.8566305,5.503492,8.04467,-0.96327657,5.62145,7.9775805,0.04780017,-0.012522728,0.0097738365
IMU,248767689234579,-0.8422736,5.4987063,7.9920278,-0.96327657,5.62145,7.9775805,0.0490219,-0.012522728,0.008552107
IMU,248767691442756,-0.83748794,5.493921,7.972885,-0.96161664,5.622564,7.9769964,0.04657844,-0.016187917,0.0061086477
IMU,248767693650881,-0.81834537,5.4891353,7.9154572,-0.9598807,5.6238513,7.9762964,0.04780017,-0.014966187,0.0036651888
IMU,248767695859058,-0.79441714,5.503492,7.905886,-0.9598807,5.6238513,7.9762964,0.04535671,-0.013744458,0.0024434591
IMU,248767698067183,-0.7896315,5.503492,7.877172,-0.95811564,5.625349,7.975453,0.04535671,-0.011300999,-0.0012217296
IMU,248767700275360,-0.7752745,5.508278,7.867601,-0.95811564,5.625349,7.975453,0.041691523,-0.011300999,-0.0036651888
IMU,248767702483485,-0.76570326,5.5226345,7.8293157,-0.95811564,5.625349,7.975453,0.03924806,-0.011300999,-0.0073303776
IMU,248767704691663,-0.76570326,5.508278,7.8484583,-0.95641655,5.626859,7.9745917,0.033139415,-0.013744458,-0.010995566
IMU,248767706899840,-0.76570326,5.532206,7.838887,-0.95641655,5.626859,7.9745917,0.030695954,-0.011300999,-0.013439025
IMU,248767709107965,-0.7800602,5.5226345,7.8149586,-0.95488423,5.6280375,7.973943,0.028252495,-0.010079269,-0.017104214
IMU,248767711316142,-0.75613195,5.5130634,7.8197446,-0.95488423,5.6280375,7.973943,0.023365578,-0.008857539,-0.019547673
IMU,248767713524319,-0.7609176,5.503492,7.8293157,-0.95488423,5.6280375,7.973943,0.023365578,-0.0051923506,-0.02443459
IMU,248767715732444,-0.7465607,5.4987063,7.8053875,-0.9537283,5.628958,7.973432,0.01847866,-0.00641408,-0.028099779
IMU,248767717940621,-0.76570326,5.4987063,7.8197446,-0.9528815,5.6295567,7.9731107,0.01847866,-0.0027488915,-0.03054324
IMU,248767720148746,-0.7513463,5.4987063,7.8293157,-0.9528815,5.6295567,7.9731107,0.013591741,-3.054324E-4,-0.03176497
IMU,248767722356923,-0.7609176,5.508278,7.834101,-0.9528815,5.6295567,7.9731107,0.011148282,0.0021380268,-0.034208428
IMU,248767724565048,-0.74177504,5.517849,7.8723865,-0.9528815,5.6295567,7.9731107,0.0074830935,0.0058032153,-0.037873615
IMU,248767726773277,-0.7513463,5.5274205,7.9011,-0.9523966,5.629811,7.9729896,0.006261364,0.0070249448,-0.041538805
IMU,248767728981402,-0.7609176,5.517849,7.9154572,-0.9523013,5.6296906,7.9730864,0.006261364,0.014355322,-0.047647454
IMU,248767731189527,-0.7752745,5.556134,7.9680996,-0.9523013,5.6296906,7.9730864,0.003817905,0.01802051,-0.04886918
IMU,248767733397704,-0.7848458,5.5465627,7.987242,-0.9523013,5.6296906,7.9730864,0.0025961753,0.022907428,-0.04886918
IMU,248767735605881,-0.79920274,5.5657053,8.020741,-0.95297843,5.6292686,7.9733033,0.0025961753,0.022907428,-0.04886918
IMU,248767737814006,-0.81834537,5.5704913,8.059027,-0.95297843,5.6292686,7.9733033,0.0050396346,0.029016078,-0.056199558
IMU,248767740022183,-0.8279166,5.5704913,8.068598,-0.9543134,5.628667,7.9735675,0.008704823,0.030237807,-0.05986475
IMU,248767742230308,-0.8422736,5.5704913,8.063812,-0.9543134,5.628667,7.9735675,0.009926553,0.033902995,-0.06108648
IMU,248767744438485,-0.8757731,5.5704913,8.097312,-0.9562644,5.6281347,7.9737096,0.009926553,0.033902995,-0.06108648
IMU,248767746646610,-0.89491564,5.56092,8.116454,-0.9562644,5.6281347,7.9737096,0.01970039,0.032681264,-0.06352994
IMU,248767748854788,-0.90448695,5.556134,8.111669,-0.958743,5.6277337,7.973695,0.024587307,0.033902995,-0.06597339
IMU,248767751062965,-0.9379865,5.5657053,8.111669,-0.958743,5.6277337,7.973695,0.029474225,0.032681264,-0.067195125
IMU,248767753271090,-0.9523434,5.5704913,8.126026,-0.9616516,5.627723,7.973352,0.034361143,0.033902995,-0.067195125
IMU,248767755479267,-0.9523434,5.5657053,8.140383,-0.9616516,5.627723,7.973352,0.03924806,0.032681264,-0.068416856
IMU,248767757687444,-0.971486,5.5800624,8.140383,-0.9616516,5.627723,7.973352,0.04535671,0.030237807,-0.068416856
IMU,248767759895569,-0.971486,5.5800624,8.159525,-0.9647086,5.628108,7.972712,0.04535671,0.027794348,-0.06963859
IMU,248767762103746,-0.9667004,5.599205,8.154739,-0.9647086,5.628108,7.972712,0.04535671,0.027794348,-0.06963859
IMU,248767764311871,-0.9810573,5.599205,8.145168,-0.9647086,5.628108,7.972712,0.050243627,0.026572619,-0.06963859
IMU,248767766520048,-0.9954142,5.613562,8.154739,-0.9676698,5.628766,7.971888,0.056352276,0.02535089,-0.07208204
IMU,248767768728225,-0.9954142,5.6279187,8.154739,-0.97077066,5.6298594,7.9707384,0.061239194,0.022907428,-0.07574723
IMU,248767770936350,-1.0097711,5.6279187,8.140383,-0.97077066,5.6298594,7.9707384,0.066126116,0.022907428,-0.07574723
IMU,248767773144527,-1.0193424,5.623133,8.116454,-0.97393805,5.6314363,7.9692383,0.06856957,0.01924224,-0.07574723
IMU,248767775352652,-1.0241281,5.613562,8.087741,-0.97393805,5.6314363,7.9692383,0.07223476,0.01802051,-0.07574723
IMU,248767777560829,-1.0289137,5.6039906,8.063812,-0.97393805,5.6314363,7.9692383,0.07589995,0.014355322,-0.07696896
IMU,248767779768954,-1.0241281,5.599205,8.054241,-0.97393805,5.6314363,7.9692383,0.07834341,0.011911863,-0.07819069
IMU,248767781977131,-1.038485,5.6039906,8.049456,-0.9770705,5.6334195,7.967452,0.08567379,0.011911863,-0.07696896
IMU,248767784185308,-1.0241281,5.623133,8.039884,-0.98006994,5.635798,7.9654026,0.08567379,0.008246674,-0.07574723
IMU,248767786393433,-1.038485,5.6183476,8.035098,-0.98006994,5.635798,7.9654026,0.08811724,0.0058032153,-0.07574723
IMU,248767788601610,-1.0289137,5.6183476,8.006385,-0.98006994,5.635798,7.9654026,0.090560704,0.0070249448,-0.074525505
IMU,248767790809788,-1.0480564,5.642276,8.001599,-0.982832,5.6385503,7.963114,0.091782436,0.0033597562,-0.073303774
IMU,248767793017913,-1.0336994,5.6374903,8.006385,-0.982832,5.6385503,7.963114,0.091782436,0.0033597562,-0.073303774
IMU,248767795226090,-1.0289137,5.651847,7.987242,-0.985466,5.641645,7.960596,0.09544762,9.162972E-4,-0.073303774
IMU,248767797434215,-1.0145568,5.651847,7.9920278,-0.985466,5.641645,7.960596,0.09666935,-3.054324E-4,-0.07208204
IMU,248767799642392,-1.0193424,5.656633,7.9633136,-0.985466,5.641645,7.960596,0.10033454,-0.0027488915,-0.07208204
IMU,248767801850517,-1.0193424,5.666204,7.982456,-0.987783,5.645005,7.957926,0.10033454,-0.0027488915,-0.07208204
IMU,248767804058694,-0.9954142,5.666204,7.9680996,-0.987783,5.645005,7.957926,0.102778,-0.003970621,-0.07208204
IMU,248767806266715,-1.0097711,5.656633,7.958528,-0.9899024,5.6486554,7.9550714,0.10399973,-0.0027488915,-0.073303774
IMU,248767808474996,-0.9810573,5.651847,7.925029,-0.9899024,5.6486554,7.9550714,0.10399973,-0.003970621,-0.073303774
IMU,248767810683173,-0.9954142,5.651847,7.9106717,-0.99187636,5.6524453,7.9521337,0.10399973,-0.0027488915,-0.073303774
IMU,248767812891298,-0.98584294,5.656633,7.9154572,-0.99390435,5.656403,7.9490657,0.10399973,-0.0027488915,-0.073303774
IMU,248767815099475,-0.971486,5.6614184,7.9154572,-0.99390435,5.656403,7.9490657,0.11133011,0.004581486,-0.07696896
IMU,248767817307652,-0.9619147,5.6327047,7.8963146,-0.99390435,5.656403,7.9490657,0.108886644,-0.0015271619,-0.07696896
IMU,248767819515777,-0.971486,5.656633,7.881958,-0.99594396,5.660488,7.945902,0.108886644,9.162972E-4,-0.07819069
IMU,248767821723954,-0.95712906,5.6614184,7.8723865,-0.99594396,5.660488,7.945902,0.108886644,9.162972E-4,-0.07819069
IMU,248767823932079,-0.9619147,5.680561,7.8580294,-0.9979755,5.6646547,7.9426775,0.10522146,-0.0027488915,-0.080634154
IMU,248767826140204,-0.9667004,5.6757755,7.8580294,-0.9979755,5.6646547,7.9426775,0.10522146,-0.0027488915,-0.08307761
IMU,248767828348433,-0.8997013,5.623133,7.867601,-0.9999914,5.6687555,7.939497,0.10766492,0.0070249448,-0.08552107
IMU,248767830556558,-1.0193424,5.6470613,7.7479596,-0.9999914,5.6687555,7.939497,0.10399973,0.04612029,-0.08918626
IMU,248767832764735,-1.3064811,5.761917,7.350751,-0.9999914,5.6687555,7.939497,0.08811724,0.13897173,-0.09040799
IMU,248767834972913,-1.3639089,5.962914,6.7764735,-0.9999914,5.6687555,7.939497,0.055130545,0.29657486,-0.08429934
IMU,248767837181038,-1.2729816,5.8911295,5.9342003,-1.007263,5.673459,7.935216,0.022143848,0.4517345,-0.07086031
IMU,248767839389215,-1.1724831,6.096912,5.0344987,-1.0283463,5.6819863,7.926406,0.022143848,0.4517345,-0.07086031
IMU,248767841597340,-1.1389836,6.704689,4.814359,-1.0283463,5.6819863,7.926406,0.060017463,0.45051277,-0.03054324
IMU,248767843805517,-1.2921243,6.8195443,5.393422,-1.0495363,5.7001963,7.9105377,0.12965605,0.33933538,-0.02443459
IMU,248767846013642,-1.5218352,6.5084777,6.087341,-1.0495363,5.7001963,7.9105377,0.17363831,0.2525926,-0.020769402
IMU,248767848221819,-1.7084754,6.0825553,6.6329045,-1.064815,5.7180724,7.8955817,0.18829907,0.2196059,-0.012217295
IMU,248767850429996,-1.8233309,5.6853466,7.015756,-1.064815,5.7180724,7.8955817,0.17119485,0.23182319,0.0
IMU,248767852638121,-1.8329022,5.3742795,7.2646093,-1.064815,5.7180724,7.8955817,0.13454297,0.27947062,0.014660755
IMU,248767854846298,-1.7515461,5.139783,7.365108,-1.0815445,5.7262487,7.887378,0.08078687,0.34910923,0.032986697
IMU,248767857054423,-1.5936198,5.020142,7.4129643,-1.0815445,5.7262487,7.887378,0.01725693,0.422413,0.04886918
IMU,248767859262600,-1.416551,5.0392847,7.393822,-1.1015658,5.72577,7.8849535,-0.056046844,0.481056,0.05864302
IMU,248767861470777,-1.2346965,5.1158547,7.3268228,-1.1015658,5.72577,7.8849535,-0.12812889,0.5238165,0.062308207
IMU,248767863678902,-1.0671989,5.2929235,7.207182,-1.1221932,5.719865,7.8863316,-0.19288056,0.5384773,0.05986475
IMU,248767865887079,-0.9379865,5.4987063,7.1162543,-1.1221932,5.719865,7.8863316,-0.19288056,0.5384773,0.05986475
IMU,248767868095204,-0.8470592,5.6470613,7.0731835,-1.1399416,5.712112,7.889404,-0.28206682,0.47861254,0.035430156
IMU,248767870303381,-0.8135597,5.7667027,7.1162543,-1.1399416,5.712112,7.889404,-0.3016145,0.40775225,0.013439025
IMU,248767872511506,-0.8135597,5.814559,7.2789664,-1.1399416,5.712112,7.889404,-0.31261006,0.31734425,-0.008552107
IMU,248767874719683,-0.85184485,5.7858453,7.5086775,-1.1517203,5.703401,7.8939943,-0.31261006,0.31734425,-0.008552107
IMU,248767876927860,-0.9236295,5.733203,7.7910304,-1.1517203,5.703401,7.8939943,-0.31383178,0.1291979,-0.04886918
IMU,248767879135985,-1.0097711,5.656633,8.1020975,-1.1567944,5.692032,7.9014544,-0.31261006,0.04612029,-0.06475167
IMU,248767881344163,-1.0959128,5.575277,8.374879,-1.1567944,5.692032,7.9014544,-0.3065014,-0.022296565,-0.074525505
IMU,248767883552340,-1.18684,5.4891353,8.63809,-1.1570607,5.6772695,7.9120293,-0.30405796,-0.07849612,-0.07941242
IMU,248767885760465,-1.2729816,5.4317074,8.853444,-1.1570607,5.6772695,7.9120293,-0.29794928,-0.12125666,-0.07696896
IMU,248767887968642,-1.3256238,5.3886366,9.030513,-1.1570607,5.6772695,7.9120293,-0.29184064,-0.15057817,-0.073303774
IMU,248767890176767,-1.3830515,5.3647084,9.15494,-1.1544244,5.659998,7.9247785,-0.28451028,-0.17012584,-0.068416856
IMU,248767892384944,-1.402194,5.359923,9.226724,-1.1544244,5.659998,7.9247785,-0.27473643,-0.18356487,-0.05864302
IMU,248767894593121,-1.3830515,5.407779,9.265009,-1.1502665,5.6419992,7.9382067,-0.27473643,-0.18356487,-0.05864302
IMU,248767896801246,-1.3686945,5.436493,9.284152,-1.1502665,5.6419992,7.9382067,-0.2441932,-0.20066908,-0.039095346
IMU,248767899009423,-1.3351951,5.4843497,9.322437,-1.1443869,5.6255507,7.9507194,-0.2234238,-0.205556,-0.02932151
IMU,248767901217548,-1.3256238,5.5226345,9.332008,-1.1443869,5.6255507,7.9507194,-0.20021093,-0.21288638,-0.020769402
IMU,248767903425725,-1.2586247,5.575277,9.355937,-1.1368986,5.611698,7.9615765,-0.17088942,-0.21777329,-0.014660755
IMU,248767905633850,-1.2394822,5.623133,9.341579,-1.1368986,5.611698,7.9615765,-0.14156792,-0.22021675,-0.0097738365
IMU,248767907842027,-1.2346965,5.666204,9.375079,-1.1280732,5.6012363,7.9701943,-0.07315106,-0.22510368,0.0
IMU,248767910050204,-1.2155539,5.6949177,9.379865,-1.1280732,5.6012363,7.9701943,-0.07315106,-0.22510368,0.0
IMU,248767912258329,-1.2394822,5.704489,9.375079,-1.1280732,5.6012363,7.9701943,-0.03649917,-0.22388195,0.0024434591
IMU,248767914466506,-1.268196,5.7140603,9.346365,-1.1188715,5.5943465,7.9763274,-0.002290743,-0.21899502,0.0036651888
IMU,248767916674631,-1.268196,5.680561,9.30808,-1.1188715,5.5943465,7.9763274,0.034361143,-0.20922118,0.0048869182
IMU,248767918882808,-1.282553,5.6614184,9.236296,-1.1106167,5.590902,7.979895,0.06856957,-0.19578215,0.0097738365
IMU,248767921090985,-1.282553,5.6470613,9.150154,-1.1106167,5.590902,7.979895,0.10033454,-0.17989968,0.012217295
IMU,248767923299110,-1.2442678,5.599205,9.020942,-1.1106167,5.590902,7.979895,0.12965605,-0.1640172,0.013439025
IMU,248767925507288,-1.2346965,5.5800624,8.891729,-1.1037018,5.5908427,7.9808955,0.1565341,-0.14691298,0.018325943
IMU,248767927715413,-1.1964114,5.5226345,8.738588,-1.1037018,5.5908427,7.9808955,0.18096869,-0.12614357,0.020769402
IMU,248767929923590,-1.1676974,5.5130634,8.6141615,-1.0980586,5.5939875,7.979471,0.20295982,-0.10537417,0.02443459
IMU,248767932131715,-1.1246266,5.517849,8.456235,-1.0980586,5.5939875,7.979471,0.22250749,-0.08460477,0.02932151
IMU,248767934339892,-1.0815558,5.4891353,8.303095,-1.0937077,5.6001043,7.9757767,0.23838998,-0.0650571,0.035430156
IMU,248767936548069,-1.038485,5.474778,8.16431,-1.0937077,5.6001043,7.9757767,0.24816382,-0.045509428,0.041538805
IMU,248767938756194,-1.0049855,5.4843497,8.039884,-1.0903196,5.6086144,7.9702597,0.2554942,-0.024740024,0.043982264
IMU,248767940964371,-0.9762716,5.508278,7.891529,-1.0903196,5.6086144,7.9702597,0.2554942,-0.0027488915,0.04886918
IMU,248767943172496,-0.91884387,5.517849,7.7479596,-1.0881296,5.61872,7.963438,0.25060728,0.01924224,0.0537561
IMU,248767945380673,-0.8805587,5.5369916,7.618747,-1.0881296,5.61872,7.963438,0.25305074,0.04856375,0.05742129
IMU,248767947588850,-0.86141616,5.56092,7.499106,-1.0881296,5.61872,7.963438,0.24205516,0.07177661,0.05986475
IMU,248767949796975,-0.8422736,5.584848,7.3842506,-1.087458,5.6299686,7.955582,0.22861615,0.08888082,0.05986475
IMU,248767952005152,-0.7896315,5.608776,7.2646093,-1.087458,5.6299686,7.955582,0.21639885,0.1084285,0.06108648
IMU,248767954213277,-0.7752745,5.6470613,7.159325,-1.087458,5.6299686,7.955582,0.20295982,0.11942407,0.05986475
IMU,248767956421454,-0.7465607,5.6470613,7.092326,-1.088066,5.641392,7.947402,0.18219042,0.1291979,0.05864302
IMU,248767958629631,-0.74177504,5.656633,7.0301127,-1.088066,5.641392,7.947402,0.16630794,0.13775001,0.05497783
IMU,248767960837756,-0.7082755,5.642276,6.9822564,-1.089431,5.652409,7.9393835,0.14676027,0.14019346,0.05253437
IMU,248767963045933,-0.6939186,5.6327047,6.987042,-1.0910774,5.662055,7.932281,0.12721258,0.14019346,0.050090913
IMU,248767965254058,-0.67477596,5.6327047,7.001399,-1.0910774,5.662055,7.932281,0.10766492,0.13775001,0.041538805
IMU,248767967462235,-0.67477596,5.6470613,7.01097,-1.0910774,5.662055,7.932281,0.08689552,0.13530655,0.036651887
IMU,248767969670413,-0.66999036,5.6279187,7.04447,-1.0926433,5.66975,7.9265666,0.06734784,0.13408482,0.03176497
IMU,248767971878538,-0.66041905,5.6039906,7.092326,-1.0926433,5.66975,7.9265666,0.04657844,0.13164136,0.02443459
IMU,248767974086715,-0.6843473,5.608776,7.1545396,-1.0942862,5.675116,7.9224987,0.028252495,0.13041963,0.015882485
IMU,248767976294840,-0.67477596,5.6327047,7.2358956,-1.0942862,5.675116,7.9224987,0.009926553,0.13041963,0.0073303776
IMU,248767978503017,-0.6843473,5.642276,7.3268228,-1.0962946,5.67813,7.9200606,0.009926553,0.13041963,0.0073303776
IMU,248767980711142,-0.6987042,5.6374903,7.379465,-1.0962946,5.67813,7.9200606,-0.023060145,0.124310985,-0.0097738365
IMU,248767982919319,-0.72263247,5.6470613,7.4512496,-1.0986782,5.6790595,7.919064,-0.03527744,0.124310985,-0.014660755
IMU,248767985127860,-0.75613195,5.6470613,7.513463,-1.0986782,5.6790595,7.919064,-0.046273008,0.118202336,-0.020769402
IMU,248767987335621,-0.8039884,5.6709895,7.609176,-1.0986782,5.6790595,7.919064,-0.054825112,0.11331542,-0.03054324
IMU,248767989543798,-0.82313097,5.6757755,7.6713896,-1.1015753,5.678378,7.919151,-0.059712034,0.10720677,-0.036651887
IMU,248767991751975,-0.8853444,5.6709895,7.7623167,-1.1015753,5.678378,7.919151,-0.06093376,0.10109812,-0.041538805
IMU,248767993960100,-0.9284152,5.6757755,7.82453,-1.1049232,5.6766114,7.9199495,-0.06093376,0.09498947,-0.04886918
IMU,248767996168277,-0.9810573,5.6614184,7.881958,-1.1049232,5.6766114,7.9199495,-0.059712034,0.091324285,-0.05131264
IMU,248767998376402,-1.0432707,5.6949177,7.972885,-1.1088653,5.6741714,7.9211483,-0.056046844,0.07666353,-0.05742129
IMU,248768000584579,-1.0815558,5.704489,8.030313,-1.1132278,5.671443,7.9224906,-0.052381653,0.07299834,-0.05986475
IMU,248768002792704,-1.1294123,5.7188463,8.082955,-1.1132278,5.671443,7.9224906,-0.052381653,0.07299834,-0.05986475
IMU,248768005000881,-1.1820544,5.7379885,8.116454,-1.1132278,5.671443,7.9224906,-0.045051277,0.066889696,-0.05864302
IMU,248768007209058,-1.2299109,5.74756,8.154739,-1.1132278,5.671443,7.9224906,-0.045051277,0.066889696,-0.05864302
IMU,248768009417183,-1.2586247,5.761917,8.193025,-1.1178916,5.668936,7.923628,-0.03649917,0.05222894,-0.06108648
IMU,248768011625360,-1.282553,5.7762737,8.221739,-1.1178916,5.668936,7.923628,-0.030390523,0.04612029,-0.06108648
IMU,248768013833485,-1.3208381,5.771488,8.236095,-1.1224828,5.6667733,7.924525,-0.020616686,0.040011644,-0.06108648
IMU,248768016041663,-1.3447664,5.757131,8.236095,-1.1224828,5.6667733,7.924525,-0.014508039,0.031459536,-0.05986475
IMU,248768018249788,-1.3591232,5.771488,8.250452,-1.1268729,5.665099,7.9250994,-0.00962112,0.02535089,-0.05864302
IMU,248768020457965,-1.3830515,5.74756,8.260024,-1.1268729,5.665099,7.9250994,-0.00962112,0.02535089,-0.05864302
IMU,248768022666142,-1.402194,5.74756,8.269595,-1.1268729,5.665099,7.9250994,0.011148282,0.015577052,-0.05497783
IMU,248768024874267,-1.4213367,5.7284174,8.274381,-1.13098,5.6640587,7.925257,0.01970039,0.009468404,-0.050090913
IMU,248768027082444,-1.4261223,5.7379885,8.269595,-1.13098,5.6640587,7.925257,0.025809037,0.0033597562,-0.047647454
IMU,248768029290569,-1.4213367,5.7379885,8.236095,-1.1346307,5.663635,7.925039,0.034361143,-0.0027488915,-0.045203995
IMU,248768031498746,-1.4069797,5.733203,8.216953,-1.1346307,5.663635,7.925039,0.04046979,-0.00763581,-0.041538805
IMU,248768033706923,-1.3782659,5.7379885,8.221739,-1.1346307,5.663635,7.925039,0.04535671,-0.013744458,-0.039095346
IMU,248768035915048,-1.3782659,5.7379885,8.202596,-1.137458,5.6640587,7.92433,0.05146536,-0.017409647,-0.034208428
IMU,248768038123225,-1.3830515,5.723632,8.178668,-1.137458,5.6640587,7.92433,0.05146536,-0.017409647,-0.034208428
IMU,248768040331350,-1.3686945,5.709275,8.154739,-1.1394489,5.665134,7.923277,0.064904384,-0.023518294,-0.02932151
IMU,248768042539527,-1.3591232,5.709275,8.12124,-1.1394489,5.665134,7.923277,0.066126116,-0.024740024,-0.02687805
IMU,248768044747652,-1.3399807,5.680561,8.087741,-1.1409538,5.6668367,7.921842,0.066126116,-0.024740024,-0.02687805
IMU,248768046955829,-1.3351951,5.6853466,8.063812,-1.1409538,5.6668367,7.921842,0.077121675,-0.027183482,-0.018325943
IMU,248768049163954,-1.3304094,5.656633,7.9968133,-1.1419646,5.669129,7.920056,0.0820086,-0.025961753,-0.015882485
IMU,248768051372131,-1.3208381,5.6614184,7.944171,-1.1419646,5.669129,7.920056,0.084452055,-0.024740024,-0.012217295
IMU,248768053580308,-1.3208381,5.6470613,7.867601,-1.1428465,5.672111,7.9177933,0.08689552,-0.022296565,-0.0097738365
IMU,248768055788433,-1.2969099,5.623133,7.8197446,-1.1428465,5.672111,7.9177933,0.08811724,-0.021074835,-0.0073303776
IMU,248768057996610,-1.268196,5.6327047,7.7623167,-1.1435657,5.6756907,7.915124,0.090560704,-0.017409647,-0.0024434591
IMU,248768060204788,-1.2442678,5.6374903,7.7144604,-1.1435657,5.6756907,7.915124,0.08689552,-0.019853106,0.0
IMU,248768062412913,-1.2251252,5.6327047,7.6713896,-1.1435657,5.6756907,7.915124,0.08689552,-0.016187917,0.0
IMU,248768064621090,-1.2059826,5.642276,7.63789,-1.1438258,5.679664,7.9122353,0.084452055,-0.013744458,0.0024434591
IMU,248768066829215,-1.18684,5.642276,7.594819,-1.1438258,5.679664,7.9122353,0.07956514,-0.012522728,0.0036651888
IMU,248768069037392,-1.1772687,5.651847,7.5756764,-1.1439514,5.6837687,7.909269,0.07467822,-0.008857539,0.0
IMU,248768071245517,-1.1676974,5.6614184,7.5517483,-1.1439514,5.6837687,7.909269,0.06856957,-0.0051923506,0.0024434591
IMU,248768073453694,-1.1629118,5.6470613,7.5182486,-1.144204,5.687613,7.9064684,0.058795735,-0.0027488915,0.0024434591
IMU,248768075661871,-1.1629118,5.6470613,7.5182486,-1.144204,5.687613,7.9064684,0.053908817,-3.054324E-4,-0.0012217296
IMU,248768077869996,-1.1629118,5.6470613,7.489535,-1.144204,5.687613,7.9064684,0.04535671,-3.054324E-4,-0.0012217296
IMU,248768080078173,-1.1772687,5.651847,7.479964,-1.1446996,5.6909027,7.90403,0.038026333,0.0033597562,-0.0012217296
IMU,248768082286298,-1.18684,5.6279187,7.499106,-1.1446996,5.6909027,7.90403,0.029474225,0.0058032153,-0.0036651888
IMU,248768084494475,-1.1916257,5.623133,7.470392,-1.1456178,5.6934843,7.902037,0.023365578,0.0070249448,-0.0036651888
IMU,248768086702652,-1.1964114,5.6183476,7.4847493,-1.1456178,5.6934843,7.902037,0.014813471,0.0058032153,-0.0012217296
IMU,248768088910777,-1.2059826,5.642276,7.489535,-1.1466994,5.695328,7.9005504,0.0074830935,0.004581486,-0.0024434591
IMU,248768091118954,-1.2107682,5.6327047,7.499106,-1.1466994,5.695328,7.9005504,1.527162E-4,0.0058032153,-0.0012217296
IMU,248768093327079,-1.2155539,5.651847,7.5230346,-1.1478227,5.696478,7.899558,-0.008399391,0.0070249448,0.0012217296
IMU,248768095535256,-1.2251252,5.6614184,7.542177,-1.1478227,5.696478,7.899558,-0.016951498,0.0070249448,0.0024434591
IMU,248768097743381,-1.2203395,5.6853466,7.5613194,-1.1478227,5.696478,7.899558,-0.021838415,0.0070249448,0.0036651888
IMU,248768099951558,-1.2203395,5.704489,7.60439,-1.1478227,5.696478,7.899558,-0.027947064,0.0058032153,0.0048869182
IMU,248768102159735,-1.2346965,5.7284174,7.623533,-1.148915,5.6969433,7.8990636,-0.03649917,0.0058032153,0.0061086477
IMU,248768104367860,-1.2394822,5.723632,7.685746,-1.1498309,5.6968203,7.8990197,-0.04382955,0.004581486,0.008552107
IMU,248768106576038,-1.2442678,5.74756,7.7001033,-1.1498309,5.6968203,7.8990197,-0.047494736,0.0058032153,0.010995566
IMU,248768108784163,-1.2490535,5.733203,7.7479596,-1.1498309,5.6968203,7.8990197,-0.052381653,0.0021380268,0.012217295
IMU,248768110992340,-1.268196,5.733203,7.8053875,-1.1506085,5.695941,7.8995404,-0.056046844,0.0033597562,0.012217295
IMU,248768113200517,-1.2777673,5.7379885,7.8293157,-1.1513518,5.6943727,7.9005637,-0.057268575,0.0021380268,0.014660755
IMU,248768115408642,-1.268196,5.7284174,7.8628154,-1.1513518,5.6943727,7.9005637,-0.06093376,9.162972E-4,0.017104214
IMU,248768117616819,-1.268196,5.7188463,7.881958,-1.1513518,5.6943727,7.9005637,-0.059712034,9.162972E-4,0.019547673
IMU,248768119824944,-1.2729816,5.709275,7.905886,-1.1513518,5.6943727,7.9005637,-0.059712034,9.162972E-4,0.019547673
IMU,248768122033121,-1.253839,5.7140603,7.944171,-1.1518561,5.692357,7.9019423,-0.058490302,-3.054324E-4,0.02565632
IMU,248768124241246,-1.2490535,5.704489,7.9680996,-1.1518561,5.692357,7.9019423,-0.057268575,-0.0027488915,0.02565632
IMU,248768126449423,-1.2490535,5.704489,8.001599,-1.1520743,5.690157,7.9034944,-0.054825112,-0.003970621,0.03054324
IMU,248768128657600,-1.2394822,5.709275,8.030313,-1.1517876,5.6878705,7.905183,-0.051159926,-0.003970621,0.032986697
IMU,248768130865725,-1.253839,5.6997037,8.04467,-1.1517876,5.6878705,7.905183,-0.048716467,-0.0051923506,0.035430156
IMU,248768133073902,-1.253839,5.704489,8.059027,-1.1512998,5.6857343,7.9067893,-0.048716467,-0.0051923506,0.035430156
IMU,248768135282027,-1.253839,5.704489,8.073383,-1.1512998,5.6857343,7.9067893,-0.03894263,-0.00641408,0.039095346
IMU,248768137490204,-1.2586247,5.704489,8.087741,-1.1512998,5.6857343,7.9067893,-0.032833982,-0.00763581,0.039095346
IMU,248768139698329,-1.2346965,5.680561,8.073383,-1.1506295,5.683937,7.908179,-0.027947064,-0.008857539,0.042760536
IMU,248768141906506,-1.2251252,5.6949177,8.054241,-1.1506295,5.683937,7.908179,-0.023060145,-0.011300999,0.043982264
IMU,248768144114683,-1.2011969,5.666204,8.054241,-1.1506295,5.683937,7.908179,-0.023060145,-0.011300999,0.043982264
IMU,248768146322808,-1.1772687,5.666204,8.039884,-1.1494741,5.682636,7.909282,-0.014508039,-0.014966187,0.043982264
IMU,248768148530985,-1.1629118,5.656633,8.025527,-1.1477846,5.6818686,7.9100785,-0.004734202,-0.016187917,0.043982264
IMU,248768150739110,-1.1581261,5.6327047,8.01117,-1.1477846,5.6818686,7.9100785,-0.0010690134,-0.018631376,0.043982264
IMU,248768152947288,-1.1246266,5.6327047,7.982456,-1.1457456,5.681517,7.9106274,0.0025961753,-0.019853106,0.043982264
IMU,248768155155465,-1.0959128,5.6327047,7.9633136,-1.1457456,5.681517,7.9106274,0.0050396346,-0.021074835,0.042760536
IMU,248768157363590,-1.0624132,5.642276,7.972885,-1.1457456,5.681517,7.9106274,0.0074830935,-0.022296565,0.039095346
IMU,248768159571767,-1.0719845,5.6470613,7.9537425,-1.1431894,5.681564,7.910962,0.008704823,-0.022296565,0.039095346
IMU,248768161779892,-1.052842,5.656633,7.9633136,-1.1431894,5.681564,7.910962,0.008704823,-0.021074835,0.039095346
IMU,248768163988069,-1.052842,5.6614184,7.948957,-1.1431894,5.681564,7.910962,0.008704823,-0.022296565,0.036651887
IMU,248768166196246,-1.0480564,5.6614184,7.9537425,-1.1405524,5.6818314,7.9111524,0.008704823,-0.021074835,0.034208428
IMU,248768168404371,-1.038485,5.6614184,7.944171,-1.1379883,5.682135,7.9113035,0.0074830935,-0.019853106,0.03176497
IMU,248768170612548,-1.0432707,5.642276,7.920243,-1.1379883,5.682135,7.9113035,0.008704823,-0.019853106,0.03054324
IMU,248768172820673,-1.052842,5.6327047,7.891529,-1.1355859,5.68249,7.911393,0.009926553,-0.021074835,0.03054324
IMU,248768175028850,-1.052842,5.623133,7.881958,-1.1355859,5.68249,7.911393,0.009926553,-0.021074835,0.028099779
IMU,248768177236975,-1.0576276,5.613562,7.853244,-1.1355859,5.68249,7.911393,0.012370012,-0.019853106,0.028099779
IMU,248768179445152,-1.0576276,5.6183476,7.8436728,-1.1333939,5.682947,7.911379,0.011148282,-0.021074835,0.028099779
IMU,248768181653329,-1.0432707,5.599205,7.82453,-1.1333939,5.682947,7.911379,0.012370012,-0.023518294,0.028099779
IMU,248768183861454,-1.0289137,5.6039906,7.8293157,-1.131064,5.68349,7.911322,0.009926553,-0.025961753,0.02932151
IMU,248768186069631,-1.038485,5.6039906,7.834101,-1.131064,5.68349,7.911322,0.008704823,-0.024740024,0.028099779
IMU,248768188277756,-1.052842,5.6327047,7.838887,-1.128666,5.683954,7.9113317,0.008704823,-0.023518294,0.02687805
IMU,248768190485933,-1.038485,5.642276,7.8436728,-1.128666,5.683954,7.9113317,0.006261364,-0.023518294,0.02687805
IMU,248768192694110,-1.038485,5.651847,7.853244,-1.128666,5.683954,7.9113317,0.0025961753,-0.025961753,0.02565632
IMU,248768194902235,-1.0671989,5.6614184,7.881958,-1.1263024,5.6843624,7.911375,0.0013744457,-0.022296565,0.02443459
IMU,248768197110413,-1.0719845,5.6709895,7.891529,-1.1263024,5.6843624,7.911375,1.527162E-4,-0.018631376,0.020769402
IMU,248768199318538,-1.0767702,5.6949177,7.8963146,-1.1244496,5.6845245,7.911522,-0.0035124724,-0.017409647,0.020769402
IMU,248768201526715,-1.0815558,5.680561,7.9154572,-1.1244496,5.6845245,7.911522,-0.004734202,-0.016187917,0.017104214
IMU,248768203734840,-1.0719845,5.6757755,7.9154572,-1.1229211,5.68451,7.91175,-0.0035124724,-0.014966187,0.017104214
IMU,248768205943017,-1.0863415,5.6709895,7.9011,-1.1229211,5.68451,7.91175,-0.004734202,-0.013744458,0.015882485
IMU,248768208151194,-1.1006985,5.656633,7.867601,-1.1216391,5.684371,7.912031,-0.007177661,-0.016187917,0.013439025
IMU,248768210359319,-1.1102697,5.656633,7.8867435,-1.1216391,5.684371,7.912031,-0.007177661,-0.014966187,0.013439025
IMU,248768212567496,-1.0959128,5.6470613,7.8867435,-1.1216391,5.684371,7.912031,-0.004734202,-0.013744458,0.013439025
IMU,248768214775621,-1.0863415,5.6327047,7.891529,-1.1205779,5.684155,7.912336,-0.0035124724,-0.013744458,0.013439025
IMU,248768216983798,-1.0959128,5.6374903,7.881958,-1.1193913,5.6839085,7.912681,-0.004734202,-0.016187917,0.015882485
IMU,248768219191923,-1.1102697,5.642276,7.9106717,-1.1193913,5.6839085,7.912681,-0.004734202,-0.016187917,0.015882485
IMU,248768221400100,-1.0959128,5.651847,7.9106717,-1.1193913,5.6839085,7.912681,-0.004734202,-0.016187917,0.015882485
IMU,248768223608225,-1.119841,5.666204,7.9346,-1.1193913,5.6839085,7.912681,-0.0059559317,-0.019853106,0.017104214
IMU,248768225816402,-1.1102697,5.680561,7.9393854,-1.1179947,5.683584,7.9131126,-0.0059559317,-0.027183482,0.018325943
IMU,248768228024579,-1.1102697,5.6853466,7.9680996,-1.11633,5.6832685,7.913574,-0.007177661,-0.027183482,0.019547673
IMU,248768230232704,-1.0911272,5.7140603,8.001599,-1.11633,5.6832685,7.913574,-0.0059559317,-0.032070402,0.019547673
IMU,248768232440881,-1.0911272,5.7188463,8.04467,-1.11633,5.6832685,7.913574,-0.0059559317,-0.03329213,0.019547673
IMU,248768234649006,-1.0863415,5.704489,8.068598,-1.1141895,5.6829014,7.914139,-0.00962112,-0.03695732,0.020769402
IMU,248768236857183,-1.0815558,5.704489,8.1020975,-1.1141895,5.6829014,7.914139,-0.00962112,-0.043065965,0.021991132
IMU,248768239065308,-1.0767702,5.709275,8.130812,-1.1115499,5.6820884,7.915095,-0.0108428495,-0.044287696,0.02443459
IMU,248768241273485,-1.0671989,5.723632,8.169097,-1.1115499,5.6820884,7.915095,-0.014508039,-0.054061532,0.02565632
IMU,248768243481663,-1.0624132,5.7379885,8.188239,-1.108168,5.680941,7.9163923,-0.016951498,-0.06017018,0.02443459
IMU,248768245689788,-1.0576276,5.761917,8.212168,-1.108168,5.680941,7.9163923,-0.018173227,-0.06750056,0.02687805
IMU,248768247897965,-1.0432707,5.7858453,8.250452,-1.1038042,5.679549,7.9180007,-0.025503604,-0.082161315,0.02565632
IMU,248768250106090,-1.0289137,5.828916,8.269595,-1.1038042,5.679549,7.9180007,-0.030390523,-0.094378605,0.02565632
IMU,248768252314267,-1.0624132,5.8767724,8.3174515,-1.1038042,5.679549,7.9180007,-0.032833982,-0.11148282,0.021991132
IMU,248768254522392,-1.0911272,5.938986,8.322237,-1.0981588,5.67793,7.9199467,-0.0377209,-0.1310305,0.015882485
IMU,248768256730569,-1.1389836,5.9820566,8.255239,-1.0981588,5.67793,7.9199467,-0.04138609,-0.15546508,0.010995566
IMU,248768258938746,-1.2251252,5.895915,8.23131,-1.0981588,5.67793,7.9199467,-0.04138609,-0.15546508,0.010995566
IMU,248768261146871,-1.2729816,5.8097734,8.226524,-1.0917494,5.6765447,7.921825,-0.03161225,-0.205556,-0.013439025
IMU,248768263355048,-1.2969099,5.7523456,8.216953,-1.0850964,5.674886,7.923928,-0.019394957,-0.22754712,-0.020769402
IMU,248768265563173,-1.3112668,5.613562,8.202596,-1.0850964,5.674886,7.923928,-0.007177661,-0.23609924,-0.019547673
IMU,248768267771350,-1.3208381,5.4843497,8.169097,-1.0850964,5.674886,7.923928,0.003817905,-0.24342962,-0.014660755
IMU,248768269979475,-1.3351951,5.393422,8.188239,-1.0779067,5.673028,7.9262376,0.016035201,-0.24709481,-0.008552107
IMU,248768272187652,-1.3447664,5.3359947,8.193025,-1.0779067,5.673028,7.9262376,0.030695954,-0.24709481,0.0036651888
IMU,248768274395829,-1.3351951,5.312066,8.183454,-1.0703789,5.6711955,7.92857,0.04535671,-0.23609924,0.014660755
IMU,248768276603954,-1.3112668,5.312066,8.178668,-1.0703789,5.6711955,7.92857,0.060017463,-0.22388195,0.028099779
IMU,248768278812131,-1.268196,5.3647084,8.149954,-1.062874,5.670641,7.9299755,0.07467822,-0.205556,0.039095346
IMU,248768281020256,-1.2251252,5.4221363,8.12124,-1.062874,5.670641,7.9299755,0.090560704,-0.18723005,0.04886918
IMU,248768283228433,-1.1629118,5.4699926,8.116454,-1.0555493,5.672381,7.9297094,0.10644319,-0.16523892,0.05986475
IMU,248768285436610,-1.0911272,5.5465627,8.087741,-1.0555493,5.672381,7.9297094,0.12232567,-0.14080434,0.06597339
IMU,248768287644735,-1.0336994,5.6327047,8.059027,-1.0555493,5.672381,7.9297094,0.1357647,-0.1188132,0.068416856
IMU,248768289852913,-0.9954142,5.6757755,8.082955,-1.0486634,5.6766586,7.9275618,0.15164718,-0.09682207,0.06963859
IMU,248768292061038,-0.91405827,5.7140603,8.097312,-1.0486634,5.6766586,7.9275618,0.16752967,-0.07238748,0.068416856
IMU,248768294269215,-0.89013004,5.7523456,8.126026,-1.0427477,5.6829534,7.923832,0.16752967,-0.07238748,0.068416856
IMU,248768296477340,-0.8566305,5.7762737,8.1738825,-1.0427477,5.6829534,7.923832,0.19318599,-0.022296565,0.062308207
IMU,248768298685517,-0.8422736,5.7523456,8.169097,-1.0427477,5.6829534,7.923832,0.20784675,9.162972E-4,0.05742129
IMU,248768300893642,-0.83748794,5.761917,8.154739,-1.0384691,5.6905255,7.9189568,0.22006404,0.02535089,0.05131264
IMU,248768303101819,-0.8470592,5.757131,8.154739,-1.0384691,5.6905255,7.9189568,0.2310596,0.044898562,0.04886918
IMU,248768305309996,-0.8566305,5.7379885,8.111669,-1.0363871,5.699083,7.913073,0.24449863,0.06444623,0.043982264
IMU,248768307518121,-0.8662018,5.709275,8.097312,-1.0363871,5.699083,7.913073,0.25305074,0.08277218,0.042760536
IMU,248768309726298,-0.8662018,5.709275,8.049456,-1.0364723,5.7085524,7.9062343,0.26160285,0.097432934,0.039095346
IMU,248768311934423,-0.8709874,5.6853466,8.001599,-1.0364723,5.7085524,7.9062343,0.2689332,0.1084285,0.035430156
IMU,248768314142600,-0.8853444,5.6709895,7.944171,-1.0364723,5.7085524,7.9062343,0.27137667,0.11453715,0.03176497
IMU,248768316350725,-0.89013004,5.6949177,7.9346,-1.0381361,5.7187586,7.898638,0.27504188,0.118202336,0.02932151
IMU,248768318558902,-0.9092726,5.690132,7.920243,-1.0407093,5.7294235,7.8905654,0.27748534,0.11942407,0.02687805
IMU,248768320767079,-0.94755775,5.690132,7.948957,-1.0407093,5.7294235,7.8905654,0.2762636,0.12064579,0.023212861
IMU,248768322975204,-0.9667004,5.6949177,7.9920278,-1.0439309,5.739947,7.8824873,0.27748534,0.118202336,0.020769402
IMU,248768325183381,-1.0001999,5.666204,8.025527,-1.0439309,5.739947,7.8824873,0.27748534,0.11575887,0.019547673
IMU,248768327391506,-1.0576276,5.680561,8.04467,-1.0439309,5.739947,7.8824873,0.27870706,0.11331542,0.019547673
IMU,248768329599683,-1.0767702,5.6949177,8.039884,-1.0476052,5.749977,7.8746853,0.27748534,0.1084285,0.019547673
IMU,248768331807860,-1.1294123,5.7140603,8.073383,-1.0476052,5.749977,7.8746853,0.27870706,0.10231985,0.020769402
IMU,248768334015985,-1.1676974,5.709275,8.111669,-1.0476052,5.749977,7.8746853,0.27870706,0.10231985,0.020769402
IMU,248768336224163,-1.2107682,5.7140603,8.159525,-1.0514321,5.7599387,7.8668914,0.27992877,0.091324285,0.02565632
IMU,248768338432288,-1.2586247,5.733203,8.19781,-1.0553328,5.769628,7.8592653,0.28603745,0.08643737,0.028099779
IMU,248768340640465,-1.2969099,5.7523456,8.212168,-1.0553328,5.769628,7.8592653,0.28970262,0.08032872,0.03176497
IMU,248768342848590,-1.3064811,5.761917,8.23131,-1.0591279,5.779541,7.851468,0.28970262,0.08032872,0.03176497
IMU,248768345056767,-1.3686945,5.7810597,8.240881,-1.0591279,5.779541,7.851468,0.29947644,0.06811142,0.039095346
IMU,248768347264892,-1.3734802,5.7762737,8.2456665,-1.0591279,5.779541,7.851468,0.30436337,0.062002774,0.043982264
IMU,248768349473069,-1.3686945,5.7954164,8.250452,-1.0591279,5.779541,7.851468,0.30436337,0.062002774,0.043982264
IMU,248768351681246,-1.3495519,5.790631,8.255239,-1.0626768,5.7898464,7.843391,0.3178024,0.053450666,0.05497783
IMU,248768353889371,-1.3447664,5.800202,8.2456665,-1.0626768,5.7898464,7.843391,0.3178024,0.053450666,0.05497783
IMU,248768356097548,-1.2969099,5.828916,8.293523,-1.0653366,5.8007736,7.834952,0.33246315,0.04856375,0.05986475
IMU,248768358305673,-1.3160524,5.8241305,8.322237,-1.0672083,5.8122597,7.826179,0.33979353,0.051007207,0.06475167
IMU,248768360513850,-1.2777673,5.828916,8.303095,-1.0672083,5.8122597,7.826179,0.34956738,0.054672398,0.068416856
IMU,248768362722027,-1.2777673,5.838487,8.331808,-1.0672083,5.8122597,7.826179,0.35567603,0.060781047,0.068416856
IMU,248768364930152,-1.2921243,5.881558,8.331808,-1.0688857,5.824332,7.8169703,0.36300638,0.066889696,0.07086031
IMU,248768367138329,-1.2777673,5.910272,8.327023,-1.0688857,5.824332,7.8169703,0.37278023,0.07910699,0.074525505
IMU,248768369346454,-1.282553,5.9437714,8.312666,-1.0688857,5.824332,7.8169703,0.38499752,0.09010255,0.07574723
IMU,248768371554631,-1.2346965,5.9820566,8.293523,-1.0710632,5.8373218,7.8069763,0.39354962,0.098654665,0.07696896
IMU,248768373762756,-1.18684,6.020342,8.221739,-1.0736089,5.851691,7.7958617,0.40210176,0.10354158,0.07819069
IMU,248768375970933,-1.1916257,6.020342,8.19781,-1.0736089,5.851691,7.7958617,0.41309732,0.10720677,0.07819069
IMU,248768378179110,-1.1389836,6.04427,8.1738825,-1.0759368,5.8674383,7.783695,0.42164943,0.110871956,0.07941242
IMU,248768380387235,-1.1581261,6.087341,8.207381,-1.0759368,5.8674383,7.783695,0.4338667,0.11575887,0.07696896
IMU,248768382595413,-1.18684,6.0921264,8.169097,-1.0759368,5.8674383,7.783695,0.44486228,0.118202336,0.07574723
IMU,248768384803538,-1.1724831,6.0825553,8.087741,-1.0785652,5.884307,7.7705865,0.45585784,0.116980605,0.074525505
IMU,248768387011715,-1.2107682,6.053841,8.001599,-1.0785652,5.884307,7.7705865,0.46563166,0.11575887,0.073303774
IMU,248768389219840,-1.2873386,6.053841,7.9393854,-1.0815516,5.9023747,7.7564554,0.47296205,0.11453715,0.074525505
IMU,248768391428017,-1.2873386,6.058627,7.877172,-1.0815516,5.9023747,7.7564554,0.48151416,0.11453715,0.074525505
IMU,248768393636142,-1.282553,6.0394845,7.800602,-1.0852066,5.9214168,7.7414165,0.48517936,0.110871956,0.07696896
IMU,248768395844319,-1.2634103,6.04427,7.800602,-1.0852066,5.9214168,7.7414165,0.4876228,0.10720677,0.080634154
IMU,248768398052496,-1.2634103,6.0777693,7.7671022,-1.0883139,5.9410133,7.7259517,0.491288,0.10598504,0.08307761
IMU,248768400260621,-1.2921243,6.087341,7.704889,-1.0883139,5.9410133,7.7259517,0.49739665,0.10476331,0.08307761
IMU,248768402468798,-1.3016955,6.101698,7.60439,-1.0883139,5.9410133,7.7259517,0.49861836,0.10109812,0.08429934
IMU,248768404676923,-1.3399807,6.125626,7.52782,-1.0914042,5.961457,7.7097507,0.49861836,0.09376775,0.086742796
IMU,248768406885100,-1.3782659,6.178268,7.618747,-1.0914042,5.961457,7.7097507,0.49617493,0.085215636,0.08796453
IMU,248768409093225,-1.416551,6.192625,7.6426754,-1.094383,5.9822907,7.6931725,0.49617493,0.08155045,0.08796453
IMU,248768411301402,-1.4452649,6.1974106,7.5996046,-1.094383,5.9822907,7.6931725,0.49373147,0.07299834,0.09040799
IMU,248768413509527,-1.4787644,6.1878395,7.5661054,-1.0972333,6.0028534,7.6767325,0.49373147,0.07299834,0.09040799
IMU,248768415717704,-1.5553347,6.206982,7.628319,-1.0972333,6.0028534,7.6767325,0.48640108,0.051007207,0.09773836
IMU,248768417925881,-1.5457634,6.192625,7.5326056,-1.0997351,6.0230465,7.6605406,0.48640108,0.04367683,0.098960094
IMU,248768420134006,-1.5696917,6.2117677,7.5230346,-1.0997351,6.0230465,7.6605406,0.4754055,0.027794348,0.10140356
IMU,248768422342183,-1.6031911,6.216553,7.5613194,-1.0997351,6.0230465,7.6605406,0.4705186,0.014355322,0.1075122
IMU,248768424550308,-1.6462619,6.2261243,7.513463,-1.1012714,6.04269,7.6448336,0.45952302,-0.0015271619,0.11117739
IMU,248768426758485,-1.6654046,6.2261243,7.6139617,-1.1012714,6.04269,7.6448336,0.4497492,-0.016187917,0.11484258
IMU,248768428966610,-1.6462619,6.2261243,7.7144604,-1.1018076,6.0612373,7.630059,0.4375319,-0.021074835,0.12339468
IMU,248768431174788,-1.7084754,6.235696,7.8149586,-1.1018076,6.0612373,7.630059,0.42775807,-0.029626941,0.12828161
IMU,248768433382913,-1.7036897,6.250053,7.8867435,-1.1014346,6.077933,7.616821,0.41920596,-0.03084867,0.13316852
IMU,248768435591090,-1.7180467,6.259624,8.030313,-1.1014346,6.077933,7.616821,0.40698865,-0.03573559,0.14416409
IMU,248768437799267,-1.7419748,6.259624,8.226524,-1.1014346,6.077933,7.616821,0.3996583,-0.03695732,0.15515965
IMU,248768440007392,-1.7994026,6.283552,8.269595,-1.1002549,6.0926867,7.6051955,0.39721483,-0.043065965,0.16493349
IMU,248768442215569,-1.7946169,6.326623,8.236095,-1.1002549,6.0926867,7.6051955,0.40210176,-0.052839804,0.17592905
IMU,248768444423694,-1.8376877,6.4175506,8.283952,-1.098188,6.1067653,7.5941944,0.39599308,-0.076052666,0.19181155
IMU,248768446631871,-1.8424734,6.498906,8.3174515,-1.098188,6.1067653,7.5941944,0.3923279,-0.11270455,0.21135922
IMU,248768448839996,-1.7563318,6.661618,8.331808,-1.0929085,6.1215234,7.5830665,0.40576693,-0.14569125,0.22968516
IMU,248768451048173,-1.6223338,6.8913293,8.30788,-1.0929085,6.1215234,7.5830665,0.4167625,-0.20066908,0.24556763
IMU,248768453256350,-1.6414764,6.910472,8.475378,-1.0808336,6.13897,7.5706825,0.4424188,-0.2715294,0.2614501
IMU,248768455464475,-1.5840486,6.9152575,8.56152,-1.0808336,6.13897,7.5706825,0.46807513,-0.33139414,0.27977607
IMU,248768457672600,-1.5457634,6.9248285,8.571091,-1.0808336,6.13897,7.5706825,0.49250972,-0.3839285,0.2944368
IMU,248768459880777,-1.5122639,6.943971,8.719446,-1.0616573,6.1581793,7.557785,0.51327914,-0.43157595,0.3103193
IMU,248768462088954,-1.4356936,7.01097,8.925228,-1.0616573,6.1581793,7.557785,0.5328268,-0.47067133,0.3274235
IMU,248768464297131,-1.3782659,7.0540414,9.073584,-1.0366437,6.1783895,7.5447507,0.55115277,-0.49632764,0.343306
IMU,248768466505256,-1.3399807,7.1449685,9.255438,-1.0366437,6.1783895,7.5447507,0.568257,-0.5109884,0.3555233
IMU,248768468713381,-1.2729816,7.240681,9.489935,-1.007612,6.1991987,7.5316033,0.5829177,-0.51465356,0.36896232
IMU,248768470921558,-1.1676974,7.322037,9.628718,-1.007612,6.1991987,7.5316033,0.59513503,-0.51221013,0.38117963
IMU,248768473129735,-1.0815558,7.432107,9.834501,-0.9761948,6.2203913,7.5182548,0.6061306,-0.4987711,0.39461866
IMU,248768475337860,-1.0289137,7.499106,10.01157,-0.9761948,6.2203913,7.5182548,0.6207913,-0.47800168,0.40683594
IMU,248768477546038,-0.9236295,7.556534,10.226924,-0.9761948,6.2203913,7.5182548,0.62934345,-0.4486802,0.41905323
IMU,248768479754110,-0.89013004,7.623533,10.49492,-0.94409513,6.241686,7.5046935,0.6378955,-0.41202828,0.43127054
IMU,248768481962340,-0.83748794,7.6570325,10.662417,-0.94409513,6.241686,7.5046935,0.6513346,-0.36193737,0.44470957
IMU,248768484170517,-0.83748794,7.628319,10.829915,-0.9134858,6.26229,7.491304,0.6659953,-0.30207264,0.45692685
IMU,248768486378642,-0.8709874,7.5996046,10.925629,-0.88697076,6.2821975,7.4778123,0.67821264,-0.18356487,0.4874701
IMU,248768488586819,-0.9284152,7.5517483,10.916057,-0.88697076,6.2821975,7.4778123,0.69531685,-0.11636974,0.5033526
IMU,248768490794944,-1.0432707,7.52782,10.916057,-0.88697076,6.2821975,7.4778123,0.69531685,-0.11636974,0.5033526
IMU,248768493003121,-1.1150553,7.489535,10.849058,-0.88697076,6.2821975,7.4778123,0.70997757,-0.050396346,0.51801336
IMU,248768495211246,-1.2251252,7.460821,10.844273,-0.8664255,6.3025417,7.4630866,0.7185297,0.0070249448,0.5338958
IMU,248768497419423,-1.3830515,7.4177504,10.767702,-0.8664255,6.3025417,7.4630866,0.72952527,0.06444623,0.54855657
IMU,248768499627548,-1.5409778,7.4033933,10.643275,-0.8510034,6.330631,7.441055,0.74052083,0.116980605,0.56077385
IMU,248768501835725,-1.6558332,7.3603225,10.427921,-0.8510034,6.330631,7.441055,0.7478512,0.1621846,0.5729912
IMU,248768504043850,-1.7946169,7.3363943,10.236495,-0.83914024,6.359575,7.4176846,0.7515164,0.18906265,0.5876519
IMU,248768506252027,-1.9477576,7.298109,9.963714,-0.83914024,6.359575,7.4176846,0.7515164,0.18906265,0.5876519
IMU,248768508460204,-2.120041,7.2550383,9.619147,-0.8287737,6.389049,7.3934817,0.7527381,0.21838416,0.6169734
IMU,248768510668329,-2.2444677,7.216753,9.236296,-0.8287737,6.389049,7.3934817,0.74418604,0.2073886,0.63896453
IMU,248768512876506,-2.3306093,7.164111,8.839087,-0.8166634,6.4182425,7.3695064,0.72463834,0.1744019,0.66339916
IMU,248768515084631,-2.4119651,7.135397,8.52802,-0.8166634,6.4182425,7.3695064,0.69531685,0.12186752,0.69272065
IMU,248768517292808,-2.4263222,7.1018977,8.274381,-0.8166634,6.4182425,7.3695064,0.69531685,0.12186752,0.69272065
IMU,248768519500933,-2.4023938,7.0731835,8.092526,-0.7983844,6.445452,7.3477287,0.61223924,-0.011300999,0.763581
IMU,248768521709110,-2.225325,7.0731835,7.9106717,-0.7983844,6.445452,7.3477287,0.56337005,-0.08949169,0.7965677
IMU,248768523917288,-2.0817556,7.097112,7.776674,-0.7983844,6.445452,7.3477287,0.56337005,-0.08949169,0.7965677
IMU,248768526125413,-1.8711873,7.0779696,7.7001033,-0.77145636,6.4693127,7.3296137,0.46318823,-0.24587308,0.8588759
IMU,248768528333590,-1.5840486,7.0875406,7.719246,-0.7352288,6.489182,7.31576,0.40576693,-0.3252855,0.88697565
IMU,248768530541715,-1.2729816,7.0779696,7.838887,-0.7352288,6.489182,7.31576,0.35201082,-0.39614582,0.9114103
IMU,248768532749892,-0.9906286,7.068398,8.049456,-0.7352288,6.489182,7.31576,0.2933678,-0.46334094,0.93217963
IMU,248768534958017,-0.6843473,7.04447,8.255239,-0.69031143,6.50436,7.306651,0.23594652,-0.5207622,0.9480621
IMU,248768537166194,-0.4019942,6.9583282,8.451449,-0.69031143,6.50436,7.306651,0.18219042,-0.56352276,0.9627229
IMU,248768539374371,-0.11006984,6.853044,8.609376,-0.638867,6.5144687,7.302324,0.12965605,-0.59284425,0.971275
IMU,248768541582496,0.16749759,6.719046,8.7673025,-0.638867,6.5144687,7.302324,0.07223476,-0.620944,0.98227054
IMU,248768543790673,0.41156548,6.599405,8.9348,-0.583464,6.5195317,7.302443,0.01970039,-0.63316137,0.9920444
IMU,248768545998798,0.70348984,6.4701924,9.131011,-0.583464,6.5195317,7.302443,-0.030390523,-0.6368265,1.0005965
IMU,248768548206975,0.93320084,6.364908,9.293723,-0.5260001,6.5196667,7.306685,-0.030390523,-0.6368265,1.0005965
IMU,248768550415100,1.1964114,6.2644095,9.518648,-0.5260001,6.5196667,7.306685,-0.13790272,-0.6221658,1.0225877
IMU,248768552623277,1.4644074,6.206982,9.743574,-0.5260001,6.5196667,7.306685,-0.18555018,-0.59284425,1.0299181
IMU,248768554831402,1.7467605,6.168697,9.944571,-0.4681667,6.5148306,7.3149285,-0.2283107,-0.5574141,1.0372484
IMU,248768557039579,2.0291135,6.15434,10.150353,-0.4681667,6.5148306,7.3149285,-0.2686278,-0.5085449,1.0421354
IMU,248768559247756,2.2971098,6.15434,10.322637,-0.41239843,6.5058684,7.3262534,-0.3016145,-0.45478883,1.0396918
IMU,248768561455881,2.565106,6.168697,10.451849,-0.41239843,6.5058684,7.3262534,-0.32971427,-0.3924806,1.0335832
IMU,248768563664058,2.7948167,6.1591253,10.518848,-0.36095643,6.493797,7.339667,-0.35292712,-0.33139414,1.0201442
IMU,248768565872183,3.010171,6.1734824,10.576276,-0.36095643,6.493797,7.339667,-0.36636615,-0.26419902,1.00304
IMU,248768568080360,3.1872396,6.168697,10.542776,-0.31550717,6.479881,7.3540454,-0.37614,-0.20066908,0.9786054
IMU,248768570288485,3.3547373,6.1495543,10.451849,-0.31550717,6.479881,7.3540454,-0.37491825,-0.13836087,0.9480621
IMU,248768572496663,3.4839497,6.1160545,10.356136,-0.31550717,6.479881,7.3540454,-0.37491825,-0.082161315,0.9138537
IMU,248768574704840,3.5605202,6.058627,10.226924,-0.27698734,6.4655166,7.3682265,-0.3602575,-0.021074835,0.87231493
IMU,248768576912965,3.6370904,5.9676995,10.116854,-0.27698734,6.4655166,7.3682265,-0.34926194,0.042455103,0.82588917
IMU,248768579121090,3.6658044,5.938986,9.858429,-0.24667385,6.451831,7.381288,-0.32971427,0.12553272,0.7684679
IMU,248768581329267,3.723232,5.986842,9.600004,-0.24667385,6.451831,7.381288,-0.31749696,0.21349724,0.7061597
IMU,248768583537444,3.7806597,6.1399827,9.518648,-0.22751963,6.4394693,7.3926897,-0.29794928,0.3026835,0.6365211
IMU,248768585745569,3.842873,6.2931237,9.408579,-0.22751963,6.4394693,7.3926897,-0.29550585,0.39920014,0.56321734
IMU,248768587953746,3.8907297,6.3457656,9.15494,-0.22151087,6.4279165,7.402918,-0.29672757,0.5042689,0.4838049
IMU,248768590161871,3.9577286,6.2979093,8.662018,-0.22151087,6.4279165,7.402918,-0.29917103,0.6044507,0.39828384
IMU,248768592370048,4.0151563,6.283552,8.025527,-0.22151087,6.4279165,7.402918,-0.30894485,0.68019795,0.31398448
IMU,248768594578173,4.1108694,6.1639113,7.834101,-0.22931652,6.4164095,7.412658,-0.31994042,0.74250615,0.23335035
IMU,248768596786350,4.1204405,5.9916277,7.8293157,-0.22931652,6.4164095,7.412658,-0.34070984,0.7999274,0.15515965
IMU,248768598994475,4.1108694,5.804988,7.609176,-0.24818246,6.4037385,7.423,-0.35292712,0.86712253,0.08429934
IMU,248768601202652,4.1108694,5.623133,7.2646093,-0.24818246,6.4037385,7.423,-0.37003133,0.92087865,0.020769402
IMU,248768603410829,4.1443686,5.474778,6.8578296,-0.27688906,6.389607,7.434154,-0.38591382,0.96974784,-0.040317077
IMU,248768605618954,4.168297,5.3312087,6.4797635,-0.27688906,6.389607,7.434154,-0.4017963,1.0027345,-0.09651663
IMU,248768607827131,4.211368,5.2259245,6.216553,-0.3126514,6.374126,7.4460154,-0.4225657,1.018617,-0.14416409
IMU,248768610035256,4.278367,5.1493545,5.9964137,-0.3126514,6.374126,7.4460154,-0.44333512,1.0271691,-0.19547673
IMU,248768612243433,4.273581,5.072784,5.8624153,-0.3126514,6.374126,7.4460154,-0.46043932,1.0222822,-0.24556763
IMU,248768614451610,4.2975097,5.0249276,5.7762737,-0.35250223,6.3569303,7.4589257,-0.48365217,1.0088432,-0.2932151
IMU,248768616659735,4.278367,4.991428,5.7523456,-0.35250223,6.3569303,7.4589257,-0.50197816,0.9966259,-0.343306
IMU,248768618867913,4.2831526,4.962714,5.608776,-0.3949119,6.3378067,7.4730606,-0.5227475,0.9819651,-0.3933969
IMU,248768621076038,4.2592244,4.8382874,5.3982077,-0.3949119,6.3378067,7.4730606,-0.5422952,0.9624175,-0.4422661
IMU,248768623284215,4.1635113,4.723432,5.316852,-0.43934855,6.3168025,7.4883494,-0.5593994,0.93309593,-0.48991355
IMU,248768625492340,4.106084,4.6899323,5.2498527,-0.43934855,6.3168025,7.4883494,-0.57894707,0.8988875,-0.5326741
IMU,248768627700517,4.0534415,4.6803613,5.168497,-0.43934855,6.3168025,7.4883494,-0.6046034,0.85857046,-0.569326
IMU,248768629908642,3.9960139,4.694718,5.1349974,-0.48423845,6.293757,7.5049667,-0.6253728,0.82069683,-0.6084213
IMU,248768632116819,3.9625144,4.7138605,5.130212,-0.5288212,6.2686524,7.5229473,-0.6620247,0.7510582,-0.6817251
IMU,248768634324944,3.9577286,4.8047876,5.0823555,-0.5288212,6.2686524,7.5229473,-0.6620247,0.7510582,-0.6817251
IMU,248768636533121,3.9098723,4.843073,5.111069,-0.5288212,6.2686524,7.5229473,-0.6864593,0.7082977,-0.7171553
IMU,248768638741246,3.8811584,4.8765726,5.063213,-0.57273704,6.241579,7.542218,-0.6998983,0.6740893,-0.7525854
IMU,248768640949423,3.885944,4.948357,5.0775695,-0.57273704,6.241579,7.542218,-0.72555465,0.62888527,-0.7867938
IMU,248768643157600,3.7998023,4.991428,5.259424,-0.6156363,6.212403,7.562899,-0.74388057,0.5861248,-0.82344574
IMU,248768645365725,3.7567315,5.0679984,5.4029937,-0.6156363,6.212403,7.562899,-0.7634283,0.54947287,-0.86131936
IMU,248768647573902,3.7280176,5.1349974,5.5226345,-0.6156363,6.212403,7.562899,-0.77564555,0.52626,-0.8979712
IMU,248768649782027,3.6897326,5.197211,5.6757755,-0.6580998,6.1811323,7.5849123,-0.79152805,0.5042689,-0.9346231
IMU,248768651990204,3.6514473,5.206782,5.800202,-0.6580998,6.1811323,7.5849123,-0.80741054,0.48716468,-0.97005326
IMU,248768654198329,3.6370904,5.235496,5.948557,-0.7013292,6.1479654,7.6079593,-0.82084954,0.47861254,-1.0067052
IMU,248768656406506,3.5509489,5.2498527,6.1878395,-0.7013292,6.1479654,7.6079593,-0.8306234,0.4761691,-1.0458004
IMU,248768658614631,3.4839497,5.259424,6.3696938,-0.7464915,6.112999,7.6318007,-0.83917546,0.47739083,-1.080009
IMU,248768660822808,3.3882368,5.259424,6.5754766,-0.7464915,6.112999,7.6318007,-0.84161896,0.4883864,-1.1142174
IMU,248768663030985,3.278167,5.245067,6.762117,-0.7946434,6.0766163,7.6559563,-0.850171,0.49938196,-1.1484258
IMU,248768665239058,3.129812,5.2163534,6.9056864,-0.7946434,6.0766163,7.6559563,-0.85627973,0.51648617,-1.1838559
IMU,248768667447288,3.0245278,5.168497,7.025327,-0.7946434,6.0766163,7.6559563,-0.8599449,0.53114694,-1.2180644
IMU,248768669655413,2.8761728,5.130212,7.216753,-0.8465731,6.038813,7.6802626,-0.85872316,0.54947287,-1.2522728
IMU,248768671863590,2.7182465,5.0919266,7.432107,-0.8465731,6.038813,7.6802626,-0.85505795,0.5677988,-1.2852595
IMU,248768674071715,2.603391,5.072784,7.7479596,-0.90254694,6.000118,7.7041802,-0.8440624,0.59345514,-1.3231331
IMU,248768676279892,2.3976083,5.005785,8.19781,-0.90254694,6.000118,7.7041802,-0.8269582,0.62644184,-1.3695588
IMU,248768678488069,2.1678972,4.910072,8.633304,-0.96419847,5.961345,7.7267756,-0.79274976,0.6826414,-1.4147629
IMU,248768680696194,1.9046868,4.8095737,9.044869,-0.96419847,5.961345,7.7267756,-0.74265885,0.7644973,-1.4575233
IMU,248768682904319,1.6414764,4.6755753,9.288938,-1.0353477,5.9247375,7.745704,-0.6827941,0.85857046,-1.4941752
IMU,248768685112496,1.3782659,4.508078,9.41815,-1.0353477,5.9247375,7.745704,-0.6058251,0.95630884,-1.5210533
IMU,248768687320673,1.1294123,4.3357944,9.399008,-1.0353477,5.9247375,7.745704,-0.5227475,1.0430516,-1.5344924
IMU,248768689528798,0.95712906,4.182654,9.2793665,-1.116685,5.893211,7.7584453,-0.43600473,1.1041381,-1.535714
IMU,248768691736975,0.81834537,4.0390844,9.178867,-1.116685,5.893211,7.7584453,-0.34559676,1.1530073,-1.5308272
IMU,248768693945100,0.63170516,3.9673,9.006584,-1.203616,5.868562,7.7641277,-0.25396705,1.1896591,-1.5173881
IMU,248768696153277,0.4546363,3.9816568,8.743374,-1.203616,5.868562,7.7641277,-0.16478078,1.2006547,-1.4978404
IMU,248768698361454,0.2440679,4.0390844,8.413164,-1.291447,5.851489,7.762901,-0.082924895,1.1774418,-1.468519
IMU,248768700569579,0.07178468,4.130012,8.087741,-1.291447,5.851489,7.762901,-0.0035124724,1.1212423,-1.431867
IMU,248768702777704,-0.062213387,4.254439,7.82453,-1.291447,5.851489,7.762901,0.06856957,1.0320561,-1.3842196
IMU,248768704985881,-0.21535404,4.3740797,7.7144604,-1.3730152,5.8418093,7.75619,0.1357647,0.9123266,-1.3341287
IMU,248768707194058,-0.31585258,4.493721,7.652247,-1.3730152,5.8418093,7.75619,0.19929464,0.7840449,-1.2803726
IMU,248768709402183,-0.4354937,4.627719,7.609176,-1.4414548,5.8386974,7.7461095,0.2591594,0.6496547,-1.2229513
IMU,248768711610360,-0.55034924,4.790431,7.585248,-1.4414548,5.8386974,7.7461095,0.31535894,0.51404274,-1.16553
IMU,248768713818485,-0.6843473,4.9579287,7.60439,-1.4946179,5.8414907,7.733918,0.36422813,0.377209,-1.1105522
IMU,248768716026663,-0.7848458,5.1254263,7.6570325,-1.4946179,5.8414907,7.733918,0.41309732,0.24770567,-1.0580178
IMU,248768718234788,-0.8853444,5.2737813,7.690532,-1.5329541,5.8493495,7.7204633,0.45219266,0.124310985,-1.0091486
IMU,248768720442965,-0.9906286,5.4173503,7.733603,-1.5329541,5.8493495,7.7204633,0.49250972,0.013133593,-0.9676098
IMU,248768722651090,-1.0863415,5.5226345,7.7671022,-1.5329541,5.8493495,7.7204633,0.5254964,-0.0858265,-0.92729276
IMU,248768724859267,-1.1485549,5.5944195,7.7479596,-1.5587634,5.8613334,7.706194,0.5523745,-0.17012584,-0.89430606
IMU,248768727067392,-1.1820544,5.642276,7.7144604,-1.5587634,5.8613334,7.706194,0.57925254,-0.23854269,-0.8649845
IMU,248768729275569,-1.2155539,5.6614184,7.628319,-1.5754527,5.8763156,7.691375,0.5988002,-0.29474226,-0.84177166
IMU,248768731483746,-1.2155539,5.651847,7.5613194,-1.5754527,5.8763156,7.691375,0.6110175,-0.34361145,-0.822224
IMU,248768733691871,-1.2011969,5.613562,7.4177504,-1.5862237,5.8932886,7.67616,0.62934345,-0.37293294,-0.80389804
IMU,248768735900048,-1.1916257,5.5800624,7.288538,-1.5862237,5.8932886,7.67616,0.6330086,-0.40103272,-0.7855721
IMU,248768738108173,-1.1102697,5.5513487,7.1162543,-1.593315,5.9113927,7.660754,0.6354521,-0.4205804,-0.7684679
IMU,248768740316350,-0.971486,5.4843497,6.9726853,-1.593315,5.9113927,7.660754,0.62689996,-0.4401281,-0.7513637
IMU,248768742524475,-0.81834537,5.460421,6.829116,-1.593315,5.9113927,7.660754,0.6183479,-0.45478883,-0.7342595
IMU,248768744732652,-0.6364908,5.426922,6.7238317,-1.5974898,5.9294257,7.6459346,0.6073523,-0.46822786,-0.7208204
IMU,248768746940725,-0.47377887,5.4221363,6.6329045,-1.5974898,5.9294257,7.6459346,0.58413947,-0.4914407,-0.7073814
IMU,248768749148954,-0.33020952,5.4556355,6.5946193,-1.5989174,5.946506,7.63236,0.56092656,-0.51465356,-0.69638586
IMU,248768751357131,-0.2105684,5.474778,6.580262,-1.5989174,5.946506,7.63236,0.5328268,-0.5317578,-0.6853903
IMU,248768753565256,-0.086141616,5.508278,6.556334,-1.597551,5.9615917,7.620868,0.4998401,-0.5513055,-0.6780599
IMU,248768755773433,0.019142581,5.5513487,6.5659056,-1.597551,5.9615917,7.620868,0.46440995,-0.5708531,-0.6695078
IMU,248768757981558,0.13878371,5.56092,6.5898337,-1.5936978,5.973871,7.6120553,0.42409286,-0.59284425,-0.66339916
IMU,248768760189735,0.22492532,5.5657053,6.623333,-1.5936978,5.973871,7.6120553,0.3764454,-0.6172789,-0.65973395
IMU,248768762397860,0.29192436,5.5513487,6.647261,-1.5936978,5.973871,7.6120553,0.33124143,-0.6404917,-0.65851223
IMU,248768764606038,0.33499518,5.56092,6.666404,-1.5873879,5.982364,7.606702,0.28603745,-0.66248286,-0.65973395
IMU,248768766814163,0.37328035,5.5513487,6.652047,-1.5873879,5.982364,7.606702,0.23838998,-0.6869174,-0.66095567
IMU,248768769022340,0.40677986,5.556134,6.647261,-1.5790292,5.986843,7.6049166,0.18707734,-0.7150172,-0.6658426
IMU,248768771230465,0.44506502,5.5513487,6.6329045,-1.5790292,5.986843,7.6049166,0.1357647,-0.7467822,-0.6743947
IMU,248768773438642,0.5072784,5.5800624,6.5898337,-1.5684385,5.9868846,7.607076,0.083230324,-0.7822124,-0.6841686
IMU,248768775646819,0.55513483,5.5896335,6.556334,-1.5684385,5.9868846,7.607076,0.027030766,-0.82252944,-0.6976076
IMU,248768777854944,0.57906306,5.6183476,6.513263,-1.555164,5.9821076,7.6135564,-0.030390523,-0.86895514,-0.71349007
IMU,248768780063121,0.59342,5.6183476,6.4414787,-1.555164,5.9821076,7.6135564,-0.08048143,-0.9117157,-0.7342595
IMU,248768782271246,0.6221339,5.6327047,6.384051,-1.555164,5.9821076,7.6135564,-0.13912445,-0.96791524,-0.75502884
IMU,248768784479423,0.63170516,5.6374903,6.34098,-1.5389858,5.972449,7.6244197,-0.19776747,-1.0338887,-0.77946347
IMU,248768786687548,0.6269195,5.6374903,6.34098,-1.5389858,5.972449,7.6244197,-0.25152358,-1.1023055,-0.80511975
IMU,248768788895725,0.61734825,5.656633,6.3314085,-1.5186334,5.9575567,7.6401343,-0.3101666,-1.1817179,-0.8332196
IMU,248768791103850,0.5694918,5.642276,6.393622,-1.5186334,5.9575567,7.6401343,-0.35903576,-1.2599086,-0.8649845
IMU,248768793312027,0.51206404,5.6470613,6.4606214,-1.4933894,5.9375362,7.6606684,-0.41523534,-1.3454297,-0.8955278
IMU,248768795520152,0.4546363,5.608776,6.556334,-1.4933894,5.9375362,7.6606684,-0.46899143,-1.429729,-0.9285145
IMU,248768797728329,0.38285163,5.6279187,6.6759753,-1.4933894,5.9375362,7.6606684,-0.5239693,-1.5128067,-0.9627229
IMU,248768799936506,0.33020952,5.6279187,6.7764735,-1.4629633,5.9122114,7.6860833,-0.5716167,-1.5897756,-0.99815303
IMU,248768802144631,0.26799613,5.6470613,6.8721867,-1.4629633,5.9122114,7.6860833,-0.6192642,-1.6655228,-1.0335832
IMU,248768804352808,0.22492532,5.666204,6.977471,-1.4279034,5.8819757,7.715818,-0.6681334,-1.7400483,-1.0677916
IMU,248768806560933,0.19621146,5.6374903,7.111469,-1.4279034,5.8819757,7.715818,-0.71089387,-1.8072435,-1.1020001
IMU,248768808769110,0.18664017,5.6039906,7.3028946,-1.3884857,5.8470764,7.7494645,-0.75976306,-1.8781037,-1.1325433
IMU,248768810977235,0.17706887,5.5465627,7.513463,-1.3884857,5.8470764,7.7494645,-0.8000801,-1.9367468,-1.1618648
IMU,248768813185413,0.17706887,5.4795637,7.771888,-1.345076,5.807636,7.7866883,-0.8440624,-1.9892812,-1.1911863
IMU,248768815393538,0.19621146,5.393422,8.059027,-1.345076,5.807636,7.7866883,-0.88682294,-2.0332634,-1.2143992
IMU,248768817601715,0.21535404,5.2929235,8.379665,-1.345076,5.807636,7.7866883,-0.9185879,-2.0625849,-1.2363904
IMU,248768819809840,0.24885355,5.1924253,8.681161,-1.2987818,5.763901,7.8269415,-0.9552398,-2.089463,-1.2583815
IMU,248768822018017,0.27756742,5.0919266,8.949157,-1.2987818,5.763901,7.8269415,-0.98944825,-2.1065671,-1.274264
IMU,248768824226142,0.32063824,5.020142,9.23151,-1.2509066,5.71642,7.8694444,-1.0163263,-2.1175628,-1.2950333
IMU,248768826434319,0.3589234,4.9340005,9.437292,-1.2509066,5.71642,7.8694444,-1.035874,-2.121228,-1.314581
IMU,248768828642496,0.39720857,4.8622155,9.614362,-1.202671,5.666204,7.9131594,-1.0505347,-2.1200063,-1.3304635
IMU,248768830850621,0.44985065,4.7856455,9.810573,-1.202671,5.666204,7.9131594,-1.0639738,-2.1224496,-1.3487895
IMU,248768833058798,0.49292147,4.7377887,10.006784,-1.1546398,5.614407,7.957111,-1.0664172,-2.1200063,-1.3683372
IMU,248768835266923,0.526421,4.694718,10.212567,-1.1546398,5.614407,7.957111,-1.0651954,-2.111454,-1.3878847
IMU,248768837475100,0.5455636,4.6803613,10.3848505,-1.1546398,5.614407,7.957111,-1.0541999,-2.1016803,-1.4110976
IMU,248768839683225,0.55513483,4.642076,10.585847,-1.1076267,5.5623612,8.000231,-1.0383174,-2.0882413,-1.4355322
IMU,248768841891402,0.6221339,4.642076,10.729417,-1.1076267,5.5623612,8.000231,-1.0199915,-2.0735805,-1.4599668
IMU,248768844099527,0.6987042,4.6755753,10.887343,-1.06247,5.511441,8.041491,-0.9882265,-2.0589197,-1.4880666
IMU,248768846307704,0.8039884,4.74736,11.006984,-1.06247,5.511441,8.041491,-0.94913113,-2.0430372,-1.5186099
IMU,248768848515829,0.9236295,4.843073,11.16491,-1.0194793,5.463407,8.079742,-0.9014837,-2.0295982,-1.5515965
IMU,248768850724006,1.0049855,4.9292145,11.279766,-1.0194793,5.463407,8.079742,-0.850171,-2.0186026,-1.5870267
IMU,248768852932183,1.0624132,4.991428,11.356337,-0.97876835,5.42001,8.113933,-0.7817542,-2.007607,-1.6236786
IMU,248768855140308,1.0624132,5.015356,11.389835,-0.97876835,5.42001,8.113933,-0.7206677,-2.0051637,-1.6566653
IMU,248768857348485,1.0576276,5.0249276,11.375479,-0.97876835,5.42001,8.113933,-0.64492047,-2.00272,-1.6908737
IMU,248768859556610,0.9906286,4.962714,11.332408,-0.93989176,5.382576,8.143394,-0.57772535,-2.0088289,-1.721417
IMU,248768861764788,0.89491564,4.8765726,11.346765,-0.93989176,5.382576,8.143394,-0.50197816,-2.017381,-1.748295
IMU,248768863972913,0.8135597,4.7856455,11.341979,-0.90207005,5.3517275,8.167966,-0.4225657,-2.017381,-1.7715079
IMU,248768866181090,0.7082755,4.6803613,11.332408,-0.90207005,5.3517275,8.167966,-0.3431533,-2.0210462,-1.7886121
IMU,248768868389267,0.6125626,4.6037908,11.289337,-0.8649334,5.327968,8.187492,-0.3431533,-2.0210462,-1.7886121
IMU,248768870597392,0.55034924,4.5224347,11.265409,-0.8649334,5.327968,8.187492,-0.19654575,-2.034485,-1.8093815
IMU,248768872805517,0.47856453,4.4554358,11.1936245,-0.8277723,5.3111267,8.202263,-0.06093376,-2.044259,-1.8154901
IMU,248768875013694,0.44027936,4.4315076,11.126625,-0.8277723,5.3111267,8.202263,-0.06093376,-2.044259,-1.8154901
IMU,248768877221871,0.41635114,4.402794,11.059627,-0.8277723,5.3111267,8.202263,0.0050396346,-2.0418155,-1.8167119
IMU,248768879429996,0.41635114,4.398008,10.997413,-0.79047334,5.3008156,8.212605,0.06856957,-2.0381503,-1.8179336
IMU,248768881638173,0.40677986,4.3932223,10.9352,-0.79047334,5.3008156,8.212605,0.11866048,-2.034485,-1.8179336
IMU,248768883846298,0.40677986,4.3836513,10.877771,-0.7535849,5.2962832,8.218994,0.16508621,-2.0210462,-1.8191553
IMU,248768886054475,0.4019942,4.359723,10.782059,-0.7535849,5.2962832,8.218994,0.21395539,-1.9917246,-1.820377
IMU,248768888262600,0.37806597,4.3405805,10.695917,-0.7187407,5.296423,8.222026,0.25060728,-1.9611814,-1.8240422
IMU,248768890470777,0.37806597,4.2927237,10.585847,-0.7187407,5.296423,8.222026,0.27870706,-1.9306382,-1.8277074
IMU,248768892678902,0.38285163,4.26401,10.466207,-0.7187407,5.296423,8.222026,0.3019199,-1.8866559,-1.8313726
IMU,248768894887079,0.37328035,4.23051,10.351351,-0.6873177,5.299766,8.222557,0.32024586,-1.8402301,-1.8399247
IMU,248768897095256,0.34456646,4.182654,10.217353,-0.6873177,5.299766,8.222557,0.33246315,-1.7938044,-1.8484768
IMU,248768899303381,0.3493521,4.173083,10.097712,-0.66072756,5.304998,8.221363,0.33979353,-1.7437135,-1.8558072
IMU,248768901511558,0.3397808,4.130012,9.973285,-0.66072756,5.304998,8.221363,0.342237,-1.6972878,-1.865581
IMU,248768903719683,0.32542387,4.115655,9.868001,-0.63933134,5.3110056,8.219176,0.342237,-1.6459751,-1.8790201
IMU,248768905927860,0.29192436,4.0965123,9.753145,-0.6234358,5.3171406,8.21643,0.33857182,-1.5506803,-1.9046764
IMU,248768908135985,0.2632105,4.0773697,9.690931,-0.6234358,5.3171406,8.21643,0.33857182,-1.5506803,-1.9046764
IMU,248768910344163,0.2440679,4.0677986,9.580862,-0.6234358,5.3171406,8.21643,0.3336849,-1.5030328,-1.9205588
IMU,248768912552288,0.20578274,4.0438704,9.475577,-0.6234358,5.3171406,8.21643,0.32879797,-1.4553853,-1.9364413
IMU,248768914760465,0.16749759,4.034299,9.3511505,-0.6129902,5.322978,8.213436,0.3263545,-1.4187335,-1.9498804
IMU,248768916968590,0.16749759,4.0103707,9.217153,-0.6129902,5.322978,8.213436,0.32146758,-1.3833033,-1.9633194
IMU,248768919176767,0.13399807,3.9864426,9.078369,-0.607093,5.3285627,8.210253,0.31902415,-1.3588687,-1.9779801
IMU,248768921384944,0.12921242,3.9577286,8.925228,-0.607093,5.3285627,8.210253,0.31658068,-1.3417645,-1.9914192
IMU,248768923593069,0.11006984,3.9242291,8.781659,-0.6041989,5.3339453,8.206969,0.31413722,-1.3319906,-2.0036364
IMU,248768925801246,0.09092726,3.8955152,8.671589,-0.6041989,5.3339453,8.206969,0.31535894,-1.3283255,-2.014632
IMU,248768928009371,0.086141616,3.871587,8.571091,-0.6027285,5.339333,8.203574,0.31658068,-1.3283255,-2.0256276
IMU,248768930217496,0.062213387,3.8620157,8.446664,-0.6027285,5.339333,8.203574,0.31291547,-1.3319906,-2.037845
IMU,248768932425673,0.05742774,3.8763726,8.360522,-0.6027285,5.339333,8.203574,0.30680683,-1.3405428,-2.0488405
IMU,248768934633850,0.05742774,3.8907297,8.236095,-0.6017725,5.344511,8.200272,0.30680683,-1.3417645,-2.0610578
IMU,248768936841975,0.038285162,3.8476589,8.12124,-0.6017725,5.344511,8.200272,0.3019199,-1.3490949,-2.0744967
IMU,248768939050152,0.0526421,3.7854455,8.068598,-0.6012132,5.3494377,8.197101,0.297033,-1.3564253,-2.0903792
IMU,248768941258277,0.07178468,3.7758741,8.020741,-0.6012132,5.3494377,8.197101,0.28603745,-1.3625339,-2.1013749
IMU,248768943466454,0.062213387,3.7998023,7.9633136,-0.60091144,5.3535304,8.194449,0.27382013,-1.3698642,-2.1172574
IMU,248768945674579,0.07178468,3.8285162,7.9346,-0.60091144,5.3535304,8.194449,0.25793764,-1.3723078,-2.1306963
IMU,248768947882756,0.047856454,3.8668015,7.881958,-0.601143,5.35629,8.19263,0.24205516,-1.3759729,-2.1478004
IMU,248768950090881,0.0047856453,3.8668015,7.853244,-0.601143,5.35629,8.19263,0.22250749,-1.3771946,-2.1649048
IMU,248768952299058,-0.05742774,3.8476589,7.7623167,-0.601143,5.35629,8.19263,0.20173809,-1.3796381,-2.1807873
IMU,248768954507235,-0.09571291,3.8476589,7.7001033,-0.60231483,5.3572316,8.191928,0.17730351,-1.3833033,-2.1978915
IMU,248768956715360,-0.15792629,3.8333018,7.628319,-0.60231483,5.3572316,8.191928,0.1565341,-1.3845251,-2.213774
IMU,248768958923538,-0.22013968,3.818945,7.594819,-0.60231483,5.3572316,8.191928,0.12476913,-1.3906337,-2.2296565
IMU,248768961131663,-0.28713873,3.7950168,7.5230346,-0.60435385,5.355942,8.19262,0.09666935,-1.4004076,-2.2443173
IMU,248768963339840,-0.3493521,3.7806597,7.499106,-0.6069303,5.3520017,8.195005,0.07345649,-1.402851,-2.262643
IMU,248768965547965,-0.41635114,3.7663028,7.460821,-0.6069303,5.3520017,8.195005,0.044134982,-1.4101813,-2.277304
IMU,248768967756142,-0.46899325,3.7136607,7.393822,-0.6069303,5.3520017,8.195005,0.014813471,-1.4211769,-2.294408
IMU,248768969964267,-0.53599226,3.6849468,7.355537,-0.60993624,5.345378,8.199103,-0.00962112,-1.4309508,-2.3115122
IMU,248768972172444,-0.5886344,3.6801612,7.331609,-0.60993624,5.345378,8.199103,-0.03405571,-1.4395028,-2.326173
IMU,248768974380569,-0.6556334,3.6753755,7.3268228,-0.61306804,5.3362136,8.204838,-0.06093376,-1.4504985,-2.340834
IMU,248768976588746,-0.72263247,3.694518,7.331609,-0.61306804,5.3362136,8.204838,-0.08414663,-1.4602723,-2.3591597
IMU,248768978796871,-0.7752745,3.7088752,7.312466,-0.61625844,5.324613,8.2121315,-0.107359484,-1.4688244,-2.376264
IMU,248768981005048,-0.8327023,3.723232,7.30768,-0.61625844,5.324613,8.2121315,-0.12935062,-1.474933,-2.3933682
IMU,248768983213173,-0.89491564,3.7328033,7.30768,-0.61976486,5.310882,8.220755,-0.14645483,-1.4785982,-2.408029
IMU,248768985421350,-0.9667004,3.751946,7.3363943,-0.61976486,5.310882,8.220755,-0.16966769,-1.4822634,-2.4239113
IMU,248768987629527,-1.0097711,3.7567315,7.34118,-0.61976486,5.310882,8.220755,-0.18555018,-1.4798199,-2.4385722
IMU,248768989837652,-1.0767702,3.7758741,7.350751,-0.6238854,5.2951636,8.230577,-0.20631959,-1.4798199,-2.453233
IMU,248768992045829,-1.1437693,3.7423747,7.365108,-0.6238854,5.2951636,8.230577,-0.22586726,-1.4785982,-2.4654503
IMU,248768994253954,-1.2251252,3.6993039,7.389036,-0.6288263,5.277519,8.241527,-0.240528,-1.4724896,-2.475224
IMU,248768996462131,-1.2969099,3.67059,7.4273214,-0.6288263,5.277519,8.241527,-0.25641048,-1.4627157,-2.4825544
IMU,248768998670256,-1.3495519,3.6323047,7.4943204,-0.63481355,5.258118,8.25346,-0.27351472,-1.4541636,-2.4886632
IMU,248769000878433,-1.4213367,3.6179478,7.5613194,-0.63481355,5.258118,8.25346,-0.28817546,-1.4382812,-2.4911065
IMU,248769003086558,-1.4691931,3.5653057,7.6570325,-0.6420838,5.237007,8.266311,-0.3028362,-1.4199551,-2.4911065
IMU,248769005294735,-1.5266209,3.5413775,7.771888,-0.6420838,5.237007,8.266311,-0.31383178,-1.3930771,-2.4886632
IMU,248769007502860,-1.5314065,3.522235,7.867601,-0.6420838,5.237007,8.266311,-0.32116216,-1.3637556,-2.483776
IMU,248769009711038,-1.4787644,3.5318062,7.982456,-0.6512826,5.2145767,8.279758,-0.3260491,-1.3332124,-2.4801111
IMU,248769011919163,-1.5170496,3.5270207,8.073383,-0.6512826,5.2145767,8.279758,-0.33093598,-1.299004,-2.476446
IMU,248769014127340,-1.6175481,3.5126636,8.126026,-0.66277635,5.1914253,8.293384,-0.33337945,-1.2660172,-2.4715588
IMU,248769016335465,-1.7515461,3.493521,8.178668,-0.66277635,5.1914253,8.293384,-0.33826637,-1.2305871,-2.4630067
IMU,248769018543642,-1.861616,3.4887354,8.19781,-0.67700845,5.167847,8.30695,-0.33093598,-1.1939352,-2.4544547
IMU,248769020751819,-1.9621146,3.493521,8.207381,-0.67700845,5.167847,8.30695,-0.32482734,-1.163392,-2.4397938
IMU,248769022959944,-2.0434706,3.493521,8.26481,-0.69351643,5.1446524,8.319974,-0.31749696,-1.131627,-2.4226897
IMU,248769025168121,-2.0817556,3.5030923,8.298309,-0.69351643,5.1446524,8.319974,-0.30527967,-1.104749,-2.408029
IMU,248769027376246,-2.1343977,3.5174494,8.365308,-0.69351643,5.1446524,8.319974,-0.2930624,-1.0790926,-2.3909247
IMU,248769029584423,-2.1487548,3.5605202,8.384451,-0.7115222,5.122357,8.332201,-0.2771799,-1.0509928,-2.3738205
IMU,248769031792548,-2.1822543,3.5605202,8.432307,-0.7115222,5.122357,8.332201,-0.25763223,-1.0241148,-2.3567164
IMU,248769034000725,-2.2492533,3.574877,8.446664,-0.7308414,5.101551,8.343287,-0.23686282,-0.996015,-2.339612
IMU,248769036208850,-2.2827528,3.574877,8.41795,-0.7308414,5.101551,8.343287,-0.20998476,-0.96791524,-2.3225079
IMU,248769038417027,-2.306681,3.5700915,8.370093,-0.7514951,5.0828295,8.352873,-0.18799363,-0.9471458,-2.3029602
IMU,248769040625204,-2.359323,3.5605202,8.322237,-0.7514951,5.0828295,8.352873,-0.15622866,-0.9251547,-2.285856
IMU,248769042833329,-2.4023938,3.546163,8.255239,-0.77298504,5.0666895,8.360714,-0.12812889,-0.90682876,-2.26753
IMU,248769045041454,-2.4071796,3.5413775,8.216953,-0.77298504,5.0666895,8.360714,-0.102472566,-0.89338976,-2.2492042
IMU,248769047249631,-2.4311078,3.522235,8.1738825,-0.77298504,5.0666895,8.360714,-0.07315106,-0.87384206,-2.2321
IMU,248769049457808,-2.4598217,3.5270207,8.111669,-0.7948673,5.053101,8.366883,-0.045051277,-0.85551614,-2.2149956
IMU,248769051665933,-2.4885356,3.5318062,8.049456,-0.7948673,5.053101,8.366883,-0.020616686,-0.8384119,-2.1991131
IMU,248769053874058,-2.5220351,3.5174494,7.9633136,-0.817428,5.042026,8.37139,0.003817905,-0.8213077,-2.1856742
IMU,248769056082235,-2.5316064,3.522235,7.9011,-0.817428,5.042026,8.37139,0.027030766,-0.80176,-2.1722353
IMU,248769058290413,-2.5507488,3.5318062,7.8580294,-0.8407946,5.033108,8.374441,0.04657844,-0.78709924,-2.158796
IMU,248769060498538,-2.589034,3.5509489,7.8149586,-0.8407946,5.033108,8.374441,0.06368265,-0.7687733,-2.1478004
IMU,248769062706715,-2.6129622,3.5796626,7.800602,-0.8407946,5.033108,8.374441,0.07834341,-0.7492257,-2.136805
IMU,248769064914840,-2.617748,3.6227336,7.7479596,-0.8651211,5.02581,8.376348,0.09544762,-0.72723454,-2.127031
IMU,248769067123017,-2.6225336,3.6658044,7.7240314,-0.8651211,5.02581,8.376348,0.10644319,-0.70768684,-2.1172574
IMU,248769069331142,-2.6129622,3.7136607,7.6666036,-0.8651211,5.02581,8.376348,0.116217025,-0.6869174,-2.1087053
IMU,248769071539319,-2.6273193,3.751946,7.5996046,-0.8907684,5.0198426,8.377237,0.123547405,-0.6685915,-2.1038184
IMU,248769073747444,-2.6081767,3.7758741,7.5230346,-0.91775185,5.014689,8.37741,0.13209951,-0.6502656,-2.096488
IMU,248769075955621,-2.6273193,3.8237305,7.446464,-0.91775185,5.014689,8.37741,0.13698642,-0.6368265,-2.0903792
IMU,248769078163746,-2.6321049,3.8620157,7.331609,-0.94582707,5.010066,8.377054,0.14065161,-0.6221658,-2.0854924
IMU,248769080371923,-2.6321049,3.8763726,7.2550383,-0.94582707,5.010066,8.377054,0.13942988,-0.61117023,-2.0793836
IMU,248769082580100,-2.6464617,3.900301,7.1688967,-0.94582707,5.010066,8.377054,0.13698642,-0.6050616,-2.0720534
IMU,248769084788225,-2.656033,3.938586,7.111469,-0.9745432,5.0053887,8.376559,0.13209951,-0.6026181,-2.064723
IMU,248769086996402,-2.6943183,3.9625144,7.0636125,-0.9745432,5.0053887,8.376559,0.12476913,-0.60017467,-2.0586143
IMU,248769089204527,-2.7469604,3.9960139,7.0492554,-1.0031317,5.0001197,8.37633,0.11499529,-0.6013964,-2.0512838
IMU,248769091412704,-2.7613173,4.0103707,6.9966135,-1.0031317,5.0001197,8.37633,0.102778,-0.59650946,-2.0439537
IMU,248769093620829,-2.8139594,4.019942,7.0061846,-1.0315418,4.9936986,8.376711,0.08811724,-0.59162253,-2.0354013
IMU,248769095829006,-2.9048867,4.0438704,7.025327,-1.0315418,4.9936986,8.376711,0.07223476,-0.5855139,-2.0268493
IMU,248769098037131,-2.9766715,4.0677986,7.0348988,-1.060116,4.98566,8.377931,0.055130545,-0.57696176,-2.0182972
IMU,248769100245308,-3.0436704,4.0965123,7.0348988,-1.060116,4.98566,8.377931,0.038026333,-0.56718796,-2.0097451
IMU,248769102453433,-3.1250265,4.115655,7.058827,-1.060116,4.98566,8.377931,0.020922119,-0.5574141,-1.9987496
IMU,248769104661610,-3.211168,4.115655,7.04447,-1.089126,4.975859,8.380036,0.0025961753,-0.54519683,-1.9853106
IMU,248769106869735,-3.2877383,4.125226,7.097112,-1.089126,4.975859,8.380036,-0.019394957,-0.535423,-1.9743149
IMU,248769109077913,-3.397808,4.1204405,7.1306114,-1.1185589,4.964081,8.383144,-0.04016436,-0.5244274,-1.960876
IMU,248769111286038,-3.493521,4.1108694,7.1784678,-1.1185589,4.964081,8.383144,-0.056046844,-0.50976664,-1.94255
IMU,248769113494215,-3.5796626,4.101298,7.2263246,-1.1484421,4.950363,8.387215,-0.07315106,-0.49266243,-1.924224
IMU,248769115702340,-3.6610186,4.0965123,7.2693954,-1.1484421,4.950363,8.387215,-0.09269873,-0.47800168,-1.9034547
IMU,248769117910517,-3.7471602,4.0677986,7.34118,-1.1787728,4.9348245,8.392162,-0.10980295,-0.45967576,-1.8814635
IMU,248769120118694,-3.8380876,4.0677986,7.408179,-1.1787728,4.9348245,8.392162,-0.12324197,-0.4413498,-1.8558072
IMU,248769122326819,-3.9050865,4.0438704,7.479964,-1.1787728,4.9348245,8.392162,-0.13668099,-0.41935867,-1.8289292
IMU,248769124534996,-3.9481573,4.024728,7.5517483,-1.20954,4.917841,8.397752,-0.15012002,-0.39736754,-1.7983859
IMU,248769126743121,-4.019942,4.0103707,7.63789,-1.20954,4.917841,8.397752,-0.16111559,-0.3753764,-1.766621
IMU,248769128951298,-4.058227,4.0103707,7.6953177,-1.2406406,4.899697,8.403819,-0.17088942,-0.35216355,-1.7324125
IMU,248769131159423,-4.091727,3.9864426,7.771888,-1.2406406,4.899697,8.403819,-0.17577635,-0.32895067,-1.6969824
IMU,248769133367600,-4.125226,3.9720855,7.8436728,-1.2718883,4.880941,8.410059,-0.18188499,-0.30573782,-1.6591088
IMU,248769135575725,-4.168297,3.9673,7.8723865,-1.2718883,4.880941,8.410059,-0.18432845,-0.2837467,-1.6212351
IMU,248769137783902,-4.1922255,3.952943,7.9537425,-1.3029643,4.862113,8.416206,-0.18310672,-0.26542073,-1.5809181
IMU,248769139992027,-4.23051,3.9577286,7.982456,-1.3029643,4.862113,8.416206,-0.18310672,-0.24831653,-1.540601
IMU,248769142200204,-4.254439,3.952943,8.039884,-1.3029643,4.862113,8.416206,-0.18066326,-0.22999059,-1.500284
IMU,248769144408329,-4.2927237,3.9481573,8.092526,-1.3029643,4.862113,8.416206,-0.1782198,-0.21655156,-1.4611886
IMU,248769146616506,-4.331009,3.9338005,8.12124,-1.333388,4.843666,8.422075,-0.17455462,-0.20311254,-1.4196497
IMU,248769148824631,-4.345366,3.9433718,8.135597,-1.3627974,4.8258133,8.427616,-0.17211115,-0.19700389,-1.3793327
IMU,248769151032808,-4.3740797,3.9338005,8.154739,-1.3627974,4.8258133,8.427616,-0.16478078,-0.1933387,-1.341459
IMU,248769153240933,-4.3932223,3.9194436,8.149954,-1.3904647,4.8087673,8.4328375,-0.16233732,-0.19211698,-1.3023638
IMU,248769155449110,-4.4410787,3.900301,8.145168,-1.3904647,4.8087673,8.4328375,-0.15622866,-0.19822562,-1.2669336
IMU,248769157657288,-4.45065,3.9050865,8.149954,-1.415665,4.7926097,8.437841,-0.1452331,-0.21899502,-1.1948515
IMU,248769159865413,-4.4602213,3.900301,8.149954,-1.415665,4.7926097,8.437841,-0.1452331,-0.21899502,-1.1948515
IMU,248769162073590,-4.4554358,3.900301,8.149954,-1.415665,4.7926097,8.437841,-0.14278965,-0.23487751,-1.1606431
IMU,248769164281715,-4.45065,3.9146578,8.159525,-1.4376214,4.777271,8.442826,-0.14278965,-0.25809038,-1.1288781
IMU,248769166489840,-4.4315076,3.9146578,8.169097,-1.4556389,4.762477,8.448094,-0.13912445,-0.30573782,-1.0702351
IMU,248769168698017,-4.421936,3.9242291,8.212168,-1.4556389,4.762477,8.448094,-0.13912445,-0.30573782,-1.0702351
IMU,248769170906194,-4.4171505,3.9146578,8.216953,-1.4556389,4.762477,8.448094,-0.14156792,-0.3338376,-1.0396918
IMU,248769173114319,-4.3836513,3.9242291,8.269595,-1.4693732,4.7480392,8.453842,-0.14156792,-0.36315912,-1.011592
IMU,248769175322496,-4.354937,3.9146578,8.3174515,-1.4693732,4.7480392,8.453842,-0.14278965,-0.3912589,-0.98593575
IMU,248769177530621,-4.302295,3.8955152,8.374879,-1.4693732,4.7480392,8.453842,-0.14645483,-0.41935867,-0.9602794
IMU,248769179738798,-4.273581,3.8763726,8.398808,-1.4787581,4.733782,8.4602,-0.15012002,-0.4486802,-0.93584484
IMU,248769181946923,-4.23051,3.8476589,8.437093,-1.4787581,4.733782,8.4602,-0.15256348,-0.48044515,-0.912632
IMU,248769184155100,-4.1778684,3.8141594,8.484949,-1.4837819,4.7194977,8.467298,-0.1574504,-0.5109884,-0.88941914
IMU,248769186363225,-4.1347976,3.7854455,8.547162,-1.4837819,4.7194977,8.467298,-0.16355905,-0.5415316,-0.8649845
IMU,248769188571402,-4.072584,3.7663028,8.6141615,-1.4844085,4.705038,8.47523,-0.16722423,-0.5696314,-0.8429934
IMU,248769190779527,-4.0103707,3.7136607,8.633304,-1.4844085,4.705038,8.47523,-0.17088942,-0.59650946,-0.82344574
IMU,248769192987704,-3.9577286,3.6801612,8.705089,-1.4809175,4.6904507,8.483923,-0.17455462,-0.62827444,-0.8026763
IMU,248769195195881,-3.8811584,3.6466618,8.729017,-1.4809175,4.6904507,8.483923,-0.1782198,-0.6551525,-0.7831286
IMU,248769197404006,-3.7806597,3.6227336,8.79123,-1.4809175,4.6904507,8.483923,-0.1782198,-0.6808088,-0.7672462
IMU,248769199612183,-3.6801612,3.6131623,8.810373,-1.4734728,4.675837,8.49328,-0.17944153,-0.70768684,-0.7538071
IMU,248769201820308,-3.574877,3.5892339,8.834301,-1.4734728,4.675837,8.49328,-0.1782198,-0.7345649,-0.7403681
IMU,248769204028485,-3.4839497,3.574877,8.843872,-1.4623921,4.6614513,8.503098,-0.17577635,-0.76144296,-0.7305943
IMU,248769206236610,-3.3786657,3.5700915,8.853444,-1.4623921,4.6614513,8.503098,-0.17211115,-0.79198617,-0.7232639
IMU,248769208444788,-3.2925239,3.574877,8.863015,-1.4477813,4.647524,8.513216,-0.16844596,-0.82008594,-0.718377
IMU,248769210652913,-3.211168,3.5605202,8.896515,-1.4477813,4.647524,8.513216,-0.16233732,-0.846964,-0.7171553
IMU,248769212861090,-3.1106694,3.5365918,8.906086,-1.4300568,4.634182,8.5234785,-0.15622866,-0.87384206,-0.7171553
IMU,248769215069215,-3.034099,3.5318062,8.867801,-1.4300568,4.634182,8.5234785,-0.14889829,-0.8994984,-0.72204214
IMU,248769217277392,-2.9431717,3.5365918,8.843872,-1.4300568,4.634182,8.5234785,-0.14278965,-0.9251547,-0.72570735
IMU,248769219485517,-2.8570302,3.5318062,8.810373,-1.4097023,4.6215262,8.533734,-0.13545926,-0.95203274,-0.7342595
IMU,248769221693694,-2.8091738,3.5270207,8.772088,-1.4097023,4.6215262,8.533734,-0.13179408,-0.97280216,-0.74281156
IMU,248769223901819,-2.751746,3.522235,8.748159,-1.3872037,4.6094475,8.543948,-0.13179408,-0.97280216,-0.74281156
IMU,248769226109996,-2.6991038,3.5365918,8.724232,-1.3872037,4.6094475,8.543948,-0.1244637,-1.0106758,-0.76235926
IMU,248769228318121,-2.6608188,3.522235,8.671589,-1.363257,4.597654,8.554151,-0.12324197,-1.0253365,-0.77702
IMU,248769230526298,-2.6608188,3.5270207,8.63809,-1.363257,4.597654,8.554151,-0.12079851,-1.0387756,-0.79168075
IMU,248769232734423,-2.6129622,3.5270207,8.609376,-1.363257,4.597654,8.554151,-0.1244637,-1.0534363,-0.8063415
IMU,248769234942600,-2.5986054,3.5605202,8.571091,-1.3385007,4.585851,8.564389,-0.12568542,-1.0607667,-0.82100224
IMU,248769237150725,-2.5794628,3.5892339,8.532805,-1.3385007,4.585851,8.564389,-0.12935062,-1.0717622,-0.8344413
IMU,248769239358902,-2.5698915,3.6131623,8.513663,-1.3134042,4.5737796,8.574725,-0.13545926,-1.0778708,-0.8515455
IMU,248769241567027,-2.5603201,3.6370904,8.480164,-1.3134042,4.5737796,8.574725,-0.13790272,-1.081536,-0.8662062
IMU,248769243775204,-2.5698915,3.6610186,8.446664,-1.2883432,4.5612063,8.585217,-0.14767656,-1.0913099,-0.8796453
IMU,248769245983381,-2.5746772,3.6753755,8.41795,-1.2883432,4.5612063,8.585217,-0.15500695,-1.0961969,-0.89430606
IMU,248769248191506,-2.5746772,3.6753755,8.413164,-1.2633351,4.5478992,8.595987,-0.16233732,-1.0986403,-0.90407985
IMU,248769250399683,-2.603391,3.6753755,8.379665,-1.2633351,4.5478992,8.595987,-0.17088942,-1.1023055,-0.9150754
IMU,248769252607808,-2.6416762,3.67059,8.379665,-1.2633351,4.5478992,8.595987,-0.17944153,-1.1059707,-0.92362756
IMU,248769254815985,-2.656033,3.67059,8.394022,-1.2384953,4.5337925,8.607046,-0.18799363,-1.1059707,-0.9297362
IMU,248769257024110,-2.6751757,3.656233,8.379665,-1.2384953,4.5337925,8.607046,-0.19654575,-1.1059707,-0.9346231
IMU,248769259232288,-2.7182465,3.6466618,8.374879,-1.2139003,4.518873,8.618388,-0.20509785,-1.099862,-0.93828833
IMU,248769261440413,-2.78046,3.6466618,8.422736,-1.2139003,4.518873,8.618388,-0.2112065,-1.0913099,-0.93828833
IMU,248769263648590,-2.8378878,3.6275191,8.432307,-1.1900353,4.503236,8.629893,-0.22098033,-1.0827578,-0.93828833
IMU,248769265856715,-2.8809586,3.5940197,8.451449,-1.1900353,4.503236,8.629893,-0.2283107,-1.0717622,-0.93584484
IMU,248769268064892,-2.914458,3.5796626,8.489735,-1.1671299,4.486885,8.641531,-0.23564109,-1.0583233,-0.93217963
IMU,248769270273017,-2.9623144,3.5940197,8.49452,-1.1671299,4.486885,8.641531,-0.24174973,-1.041219,-0.9248493
IMU,248769272481194,-2.9958138,3.5796626,8.556734,-1.1671299,4.486885,8.641531,-0.24663666,-1.0241148,-0.91996235
IMU,248769274689319,-3.0149565,3.5940197,8.575876,-1.1454855,4.470075,8.6531315,-0.2490801,-1.0045671,-0.9101885
IMU,248769276897496,-3.0293136,3.603591,8.647661,-1.1454855,4.470075,8.6531315,-0.25152358,-0.9801325,-0.9004147
IMU,248769279105621,-3.010171,3.6179478,8.709874,-1.1454855,4.470075,8.6531315,-0.25396705,-0.95447624,-0.89430606
IMU,248769281313798,-3.0197423,3.6179478,8.7673025,-1.1254004,4.453148,8.664487,-0.2527453,-0.92637646,-0.8833105
IMU,248769283521923,-3.0245278,3.6275191,8.805588,-1.1074054,4.436294,8.675445,-0.2527453,-0.8946115,-0.87353665
IMU,248769285730100,-3.0245278,3.6227336,8.848659,-1.1074054,4.436294,8.675445,-0.2490801,-0.8616248,-0.8637628
IMU,248769287938225,-3.0293136,3.6275191,8.896515,-1.091965,4.419886,8.685771,-0.24297146,-0.82741636,-0.8515455
IMU,248769290146402,-3.0197423,3.6227336,8.939586,-1.091965,4.419886,8.685771,-0.23564109,-0.78954273,-0.84177166
IMU,248769292354579,-3.0197423,3.603591,8.9826565,-1.091965,4.419886,8.685771,-0.22708899,-0.7480039,-0.8319978
IMU,248769294562704,-3.0197423,3.6179478,9.01137,-1.0796025,4.404328,8.695213,-0.21731515,-0.70768684,-0.8197805
IMU,248769296770881,-3.0293136,3.6275191,9.059227,-1.0796025,4.404328,8.695213,-0.2075413,-0.6649263,-0.80756325
IMU,248769298979006,-3.0436704,3.6227336,9.107083,-1.0706655,4.3898916,8.703615,-0.19532402,-0.6221658,-0.7965677
IMU,248769301187183,-3.0436704,3.641876,9.126225,-1.0706655,4.3898916,8.703615,-0.18188499,-0.57696176,-0.7843504
IMU,248769303395308,-3.048456,3.6323047,9.150154,-1.0706655,4.3898916,8.703615,-0.16844596,-0.53053606,-0.77213305
IMU,248769305603485,-3.0436704,3.6227336,9.140582,-1.0654362,4.3768334,8.710831,-0.15134175,-0.4816669,-0.763581
IMU,248769307811610,-3.048456,3.6370904,9.150154,-1.0642394,4.365416,8.716704,-0.13668099,-0.43646288,-0.750142
IMU,248769310019788,-3.0388846,3.6658044,9.159725,-1.0642394,4.365416,8.716704,-0.11713332,-0.39003715,-0.73792464
IMU,248769312227913,-3.0436704,3.6610186,9.15494,-1.0642394,4.365416,8.716704,-0.10002911,-0.3460549,-0.7305943
IMU,248769314436090,-3.0245278,3.6753755,9.107083,-1.0642394,4.365416,8.716704,-0.08170316,-0.30207264,-0.72204214
IMU,248769316644215,-3.0293136,3.7088752,9.064013,-1.066927,4.355911,8.721129,-0.06459895,-0.26053384,-0.71226835
IMU,248769318852392,-3.0388846,3.723232,9.001799,-1.0733751,4.348298,8.724136,-0.048716467,-0.21899502,-0.7037162
IMU,248769321060517,-3.034099,3.7328033,8.949157,-1.0733751,4.348298,8.724136,-0.03161225,-0.17989968,-0.69638586
IMU,248769323268694,-3.0436704,3.7328033,8.906086,-1.0833011,4.3424387,8.725828,-0.018173227,-0.14569125,-0.68905544
IMU,248769325476819,-3.0436704,3.7567315,8.848659,-1.0833011,4.3424387,8.725828,-0.004734202,-0.11148282,-0.6841686
IMU,248769327684996,-3.0436704,3.7663028,8.800801,-1.0833011,4.3424387,8.725828,0.006261364,-0.08093958,-0.67683816
IMU,248769329893121,-3.0723844,3.7758741,8.729017,-1.0962378,4.3380065,8.726418,0.01970039,-0.047952887,-0.6707295
IMU,248769332101298,-3.0819557,3.790231,8.662018,-1.0962378,4.3380065,8.726418,0.027030766,-0.023518294,-0.6658426
IMU,248769334309423,-3.1202407,3.804588,8.575876,-1.1118234,4.3347564,8.726059,0.031917684,-0.0015271619,-0.66095567
IMU,248769336517600,-3.1393833,3.8476589,8.508878,-1.1118234,4.3347564,8.726059,0.038026333,0.02046397,-0.654847
IMU,248769338725777,-3.1680973,3.8620157,8.451449,-1.1293708,4.33215,8.7251005,0.038026333,0.037568185,-0.6511819
IMU,248769340933850,-3.211168,3.8763726,8.384451,-1.1293708,4.33215,8.7251005,0.03924806,0.054672398,-0.64629495
IMU,248769343142027,-3.2542388,3.9050865,8.360522,-1.148459,4.3297057,8.723823,0.035582874,0.06933315,-0.6401863
IMU,248769345350204,-3.2877383,3.938586,8.346166,-1.148459,4.3297057,8.723823,0.031917684,0.083993904,-0.6365211
IMU,248769347558381,-3.306881,3.952943,8.3174515,-1.148459,4.3297057,8.723823,0.028252495,0.09987639,-0.63407767
IMU,248769349766506,-3.37388,4.005585,8.327023,-1.1688977,4.3269987,8.722451,0.022143848,0.11331542,-0.62919074
IMU,248769351974683,-3.3882368,4.048656,8.3174515,-1.1688977,4.3269987,8.722451,0.013591741,0.12797616,-0.6230821
IMU,248769354182808,-3.426522,4.072584,8.288737,-1.1905688,4.3237557,8.7211275,0.013591741,0.12797616,-0.6230821
IMU,248769356390985,-3.4600215,4.101298,8.269595,-1.1905688,4.3237557,8.7211275,-0.002290743,0.14874557,-0.60964304
IMU,248769358599110,-3.4791641,4.130012,8.260024,-1.1905688,4.3237557,8.7211275,-0.002290743,0.14874557,-0.60964304
IMU,248769360807288,-3.4983068,4.15394,8.255239,-1.2130307,4.3198533,8.719966,-0.015729768,0.16462806,-0.59620404
IMU,248769363015413,-3.5174494,4.182654,8.2456665,-1.2358772,4.315358,8.718984,-0.023060145,0.16951497,-0.5852085
IMU,248769365223590,-3.5509489,4.197011,8.250452,-1.2358772,4.315358,8.718984,-0.030390523,0.17318016,-0.5742129
IMU,248769367431715,-3.5700915,4.2017965,8.255239,-1.2358772,4.315358,8.718984,-0.03649917,0.1744019,-0.5619956
IMU,248769369639892,-3.6131623,4.182654,8.255239,-1.2585539,4.3102984,8.718243,-0.042607818,0.17684536,-0.54733485
IMU,248769371848017,-3.641876,4.182654,8.260024,-1.2585539,4.3102984,8.718243,-0.051159926,0.17684536,-0.5326741
IMU,248769374056194,-3.6610186,4.182654,8.255239,-1.2806895,4.30468,8.717795,-0.058490302,0.17562363,-0.51556987
IMU,248769376264319,-3.6658044,4.182654,8.2456665,-1.2806895,4.30468,8.717795,-0.063377224,0.1744019,-0.49846566
IMU,248769378472496,-3.6753755,4.1874394,8.260024,-1.301874,4.2986174,8.7176485,-0.069485866,0.17195843,-0.478918
IMU,248769380680621,-3.6466618,4.1922255,8.260024,-1.301874,4.2986174,8.7176485,-0.076816246,0.16829325,-0.4581486
IMU,248769382888798,-3.6323047,4.197011,8.30788,-1.3217238,4.2921877,8.717831,-0.08170316,0.16462806,-0.4386009
IMU,248769385096975,-3.603591,4.206582,8.327023,-1.3217238,4.2921877,8.717831,-0.08536835,0.1621846,-0.41905323
IMU,248769387305100,-3.5653057,4.2161536,8.350951,-1.3217238,4.2921877,8.717831,-0.091477,0.16096286,-0.39950556
IMU,248769389513277,-3.5509489,4.2161536,8.379665,-1.340275,4.285532,8.718271,-0.09758565,0.16096286,-0.3836231
IMU,248769391721402,-3.507878,4.211368,8.394022,-1.340275,4.285532,8.718271,-0.1036943,0.16340633,-0.36651886
IMU,248769393929527,-3.507878,4.2352962,8.41795,-1.340275,4.285532,8.718271,-0.1036943,0.16340633,-0.36651886
IMU,248769396137704,-3.4648073,4.2257247,8.437093,-1.3579777,4.2784977,8.718987,-0.11346813,0.16951497,-0.33719736
IMU,248769398345881,-3.4408789,4.220939,8.465807,-1.375254,4.2711525,8.719881,-0.11835505,0.17806709,-0.3262018
IMU,248769400554006,-3.4504502,4.220939,8.475378,-1.375254,4.2711525,8.719881,-0.1244637,0.18417573,-0.31520623
IMU,248769402762131,-3.426522,4.2017965,8.508878,-1.375254,4.2711525,8.719881,-0.12935062,0.19028437,-0.30298892
IMU,248769404970308,-3.397808,4.1922255,8.504091,-1.3925313,4.2633996,8.720932,-0.13423753,0.19639303,-0.29199335
IMU,248769407178485,-3.4121652,4.182654,8.518449,-1.4097239,4.2552447,8.722154,-0.15378521,0.20616686,-0.26389357
IMU,248769409386610,-3.3930225,4.1587257,8.513663,-1.4097239,4.2552447,8.722154,-0.15378521,0.20616686,-0.26389357
IMU,248769411594788,-3.3882368,4.1587257,8.508878,-1.4097239,4.2552447,8.722154,-0.15378521,0.20616686,-0.26389357
IMU,248769413802913,-3.3786657,4.130012,8.504091,-1.4266577,4.2465506,8.723637,-0.15989386,0.20250167,-0.252898
IMU,248769416011090,-3.3930225,4.125226,8.46102,-1.4266577,4.2465506,8.723637,-0.1660025,0.19639303,-0.24068072
IMU,248769418219215,-3.37388,4.115655,8.465807,-1.4426143,4.237392,8.725466,-0.17211115,0.19028437,-0.22968516
IMU,248769420427392,-3.3786657,4.115655,8.441878,-1.4426143,4.237392,8.725466,-0.18066326,0.17684536,-0.21868959
IMU,248769422635517,-3.37388,4.125226,8.437093,-1.4426143,4.237392,8.725466,-0.18799363,0.1621846,-0.20891576
IMU,248769424843694,-3.3403804,4.1204405,8.413164,-1.4569045,4.2276783,8.727804,-0.19532402,0.14508039,-0.19547673
IMU,248769427051819,-3.3547373,4.1204405,8.403593,-1.4569045,4.2276783,8.727804,-0.20387612,0.13041963,-0.18448116
IMU,248769429259996,-3.3260236,4.125226,8.432307,-1.4689996,4.2173996,8.730748,-0.22098033,0.097432934,-0.17104214
IMU,248769431468121,-3.306881,4.130012,8.437093,-1.4689996,4.2173996,8.730748,-0.22098033,0.097432934,-0.17104214
IMU,248769433676298,-3.3212378,4.0965123,8.480164,-1.4790727,4.2064056,8.734351,-0.2283107,0.08277218,-0.16249003
IMU,248769435884475,-3.2877383,4.072584,8.508878,-1.4790727,4.2064056,8.734351,-0.23808455,0.07177661,-0.15515965
IMU,248769438092600,-3.2733815,4.0438704,8.547162,-1.4874725,4.194531,8.738634,-0.25030184,0.058337588,-0.14905101
IMU,248769440300725,-3.2733815,4.0007997,8.580662,-1.4874725,4.194531,8.738634,-0.25641048,0.05222894,-0.14172062
IMU,248769442508902,-3.2590244,3.9720855,8.6141615,-1.494667,4.1817846,8.743513,-0.2771799,0.038789913,-0.12828161
IMU,248769444717027,-3.249453,3.9433718,8.671589,-1.494667,4.1817846,8.743513,-0.2771799,0.038789913,-0.12828161
IMU,248769446925204,-3.2350962,3.9050865,8.709874,-1.494667,4.1817846,8.743513,-0.28451028,0.037568185,-0.12095123
IMU,248769449133329,-3.1920254,3.8668015,8.7673025,-1.5009924,4.1681056,8.74896,-0.2930624,0.035124727,-0.11484258
IMU,248769451341506,-3.1728828,3.8572302,8.829515,-1.5009924,4.1681056,8.74896,-0.3016145,0.037568185,-0.1075122
IMU,248769453549631,-3.1345978,3.8333018,8.906086,-1.50689,4.1536374,8.754826,-0.30772313,0.040011644,-0.100181825
IMU,248769455757808,-3.0867412,3.8380876,8.968299,-1.50689,4.1536374,8.754826,-0.31261006,0.042455103,-0.09407318
IMU,248769457965985,-3.0532417,3.8524444,9.025727,-1.5126393,4.1387544,8.76088,-0.31261006,0.04856375,-0.086742796
IMU,248769460174110,-3.0245278,3.8524444,9.092726,-1.5126393,4.1387544,8.76088,-0.31627524,0.054672398,-0.080634154
IMU,248769462382235,-2.9431717,3.8572302,9.131011,-1.5126393,4.1387544,8.76088,-0.31627524,0.058337588,-0.07574723
IMU,248769464590413,-2.9048867,3.8572302,9.169296,-1.5184608,4.1237683,8.766937,-0.31383178,0.059559315,-0.06963859
IMU,248769466798590,-2.8761728,3.8572302,9.2075815,-1.5184608,4.1237683,8.766937,-0.30772313,0.065667965,-0.06475167
IMU,248769469006715,-2.8474588,3.8524444,9.2075815,-1.5242132,4.109159,8.772797,-0.30405796,0.06811142,-0.06108648
IMU,248769471214892,-2.8235307,3.8285162,9.245867,-1.5242132,4.109159,8.772797,-0.3016145,0.07055488,-0.05497783
IMU,248769473423017,-2.8139594,3.8141594,9.274581,-1.5299225,4.095036,8.778405,-0.2930624,0.07177661,-0.04886918
IMU,248769475631194,-2.7948167,3.804588,9.298509,-1.5299225,4.095036,8.778405,-0.28206682,0.07666353,-0.045203995
IMU,248769477839319,-2.766103,3.7950168,9.317652,-1.5299225,4.095036,8.778405,-0.27595815,0.07788526,-0.039095346
IMU,248769480047496,-2.7565317,3.7663028,9.346365,-1.5356083,4.081794,8.783578,-0.26740605,0.083993904,-0.035430156
IMU,248769482255621,-2.7230322,3.7567315,9.346365,-1.5356083,4.081794,8.783578,-0.2600757,0.091324285,-0.03054324
IMU,248769484463798,-2.6991038,3.7567315,9.399008,-1.5415359,4.069352,8.788313,-0.2527453,0.098654665,-0.023212861
IMU,248769486671923,-2.6751757,3.723232,9.403793,-1.5415359,4.069352,8.788313,-0.24663666,0.1084285,-0.019547673
IMU,248769488880100,-2.6512475,3.6897326,9.427721,-1.5479745,4.057663,8.792584,-0.23808455,0.11942407,-0.015882485
IMU,248769491088225,-2.6512475,3.67059,9.442079,-1.5479745,4.057663,8.792584,-0.23075417,0.13164136,-0.010995566
IMU,248769493296402,-2.6416762,3.6801612,9.470792,-1.5553361,4.0467362,8.796319,-0.2234238,0.14508039,-0.0073303776
IMU,248769495504527,-2.656033,3.6658044,9.533006,-1.5553361,4.0467362,8.796319,-0.21853687,0.15974113,-0.0024434591
IMU,248769497712704,-2.6656044,3.603591,9.537791,-1.5553361,4.0467362,8.796319,-0.20998476,0.17806709,0.0024434591
IMU,248769499920829,-2.6751757,3.5844483,9.5760765,-1.5639706,4.0364795,8.799501,-0.20265439,0.19639303,0.0073303776
IMU,248769502129006,-2.6751757,3.5700915,9.590433,-1.5639706,4.0364795,8.799501,-0.19532402,0.21471897,0.014660755
IMU,248769504337131,-2.684747,3.5413775,9.595219,-1.5741564,4.0270104,8.802022,-0.18432845,0.23060146,0.020769402
IMU,248769506545308,-2.6799614,3.5365918,9.609575,-1.5741564,4.0270104,8.802022,-0.17333288,0.24770567,0.02687805
IMU,248769508753485,-2.6512475,3.5365918,9.595219,-1.5856411,4.0186324,8.80379,-0.16355905,0.25870124,0.034208428
IMU,248769510961610,-2.6225336,3.5270207,9.571291,-1.5856411,4.0186324,8.80379,-0.14767656,0.27091852,0.041538805
IMU,248769513169735,-2.5794628,3.5270207,9.571291,-1.5979004,4.011648,8.804759,-0.13545926,0.2782489,0.045203995
IMU,248769515377913,-2.5507488,3.5318062,9.580862,-1.5979004,4.011648,8.804759,-0.12935062,0.28313583,0.04886918
IMU,248769517586038,-2.5124638,3.546163,9.585648,-1.6105072,4.0057654,8.8051405,-0.10491603,0.29168794,0.05497783
IMU,248769519794215,-2.507678,3.5413775,9.571291,-1.6105072,4.0057654,8.8051405,-0.10491603,0.29168794,0.05497783
IMU,248769522002392,-2.5028925,3.546163,9.561719,-1.6105072,4.0057654,8.8051405,-0.08659008,0.3026835,0.056199558
IMU,248769524210517,-2.4885356,3.546163,9.580862,-1.6234946,4.001279,8.804796,-0.076816246,0.30512697,0.05864302
IMU,248769526418642,-2.4933212,3.5365918,9.571291,-1.6234946,4.001279,8.804796,-0.06459895,0.3112356,0.05864302
IMU,248769528626819,-2.4837499,3.5318062,9.571291,-1.6369317,3.9980338,8.8037815,-0.053603385,0.31612253,0.05986475
IMU,248769530834996,-2.4598217,3.5365918,9.5665045,-1.6369317,3.9980338,8.8037815,-0.046273008,0.318566,0.05986475
IMU,248769533043121,-2.4454648,3.5365918,9.5760765,-1.6506813,3.9957483,8.802252,-0.03649917,0.32223117,0.05986475
IMU,248769535251298,-2.4358935,3.5700915,9.571291,-1.6506813,3.9957483,8.802252,-0.026725333,0.3271181,0.05986475
IMU,248769537459423,-2.416751,3.5940197,9.542577,-1.6506813,3.9957483,8.802252,-0.021838415,0.3271181,0.05986475
IMU,248769539667600,-2.3832514,3.603591,9.489935,-1.664686,3.9943562,8.800245,-0.016951498,0.32589635,0.05864302
IMU,248769541875777,-2.3641088,3.6227336,9.485149,-1.664686,3.9943562,8.800245,-0.008399391,0.32589635,0.06108648
IMU,248769544083902,-2.321038,3.641876,9.4229355,-1.6784791,3.9935951,8.797972,-0.008399391,0.31734425,0.05986475
IMU,248769546292027,-2.2971098,3.6658044,9.394221,-1.6784791,3.9935951,8.797972,-0.002290743,0.30879214,0.06108648
IMU,248769548500204,-2.3018954,3.6753755,9.370294,-1.691536,3.993436,8.795542,0.008704823,0.30512697,0.05986475
IMU,248769550708329,-2.2731814,3.6849468,9.317652,-1.691536,3.993436,8.795542,0.01847866,0.2941314,0.06108648
IMU,248769552916506,-2.2444677,3.6993039,9.303294,-1.691536,3.993436,8.795542,0.01847866,0.2941314,0.06108648
IMU,248769555124631,-2.2348964,3.6993039,9.2793665,-1.7035482,3.9941063,8.792919,0.01847866,0.2623664,0.06597339
IMU,248769557332808,-2.2061825,3.723232,9.250652,-1.7035482,3.9941063,8.792919,0.027030766,0.24648394,0.067195125
IMU,248769559540933,-2.1966112,3.723232,9.226724,-1.7138379,3.9951568,8.790442,0.030695954,0.23060146,0.07086031
IMU,248769561749110,-2.1631117,3.7184465,9.212367,-1.7138379,3.9951568,8.790442,0.030695954,0.21471897,0.07208204
IMU,248769563957235,-2.1343977,3.7280176,9.193225,-1.7223841,3.9965906,8.788119,0.029474225,0.19761476,0.07086031
IMU,248769566165413,-2.0961127,3.723232,9.19801,-1.7223841,3.9965906,8.788119,0.031917684,0.18417573,0.074525505
IMU,248769568373538,-2.0817556,3.737589,9.188439,-1.7293642,3.9981563,8.786036,0.034361143,0.17562363,0.07574723
IMU,248769570581715,-2.053042,3.737589,9.188439,-1.7293642,3.9981563,8.786036,0.035582874,0.16462806,0.07696896
IMU,248769572789840,-2.024328,3.7328033,9.183653,-1.735152,3.9997888,8.784151,0.035582874,0.16462806,0.07696896
IMU,248769574998017,-2.0003998,3.7423747,9.169296,-1.735152,3.9997888,8.784151,0.031917684,0.14630212,0.07574723
IMU,248769577206142,-1.9716859,3.723232,9.150154,-1.735152,3.9997888,8.784151,0.031917684,0.13775001,0.074525505
IMU,248769579414319,-1.9525433,3.7184465,9.131011,-1.7400415,4.001347,8.7824745,0.027030766,0.12675445,0.07574723
IMU,248769581622444,-1.9477576,3.7184465,9.131011,-1.7400415,4.001347,8.7824745,0.025809037,0.11942407,0.073303774
IMU,248769583830621,-1.9286151,3.7136607,9.102298,-1.7440488,4.002652,8.781085,0.024587307,0.11331542,0.06963859
IMU,248769586038746,-1.9094725,3.7184465,9.097511,-1.7440488,4.002652,8.781085,0.020922119,0.10598504,0.068416856
IMU,248769588246923,-1.875973,3.723232,9.068798,-1.7473944,4.003716,8.779935,0.01970039,0.0962112,0.06475167
IMU,248769590455100,-1.847259,3.751946,9.0544405,-1.7473944,4.003716,8.779935,0.016035201,0.08888082,0.05986475
IMU,248769592663225,-1.8281165,3.7423747,9.0544405,-1.7473944,4.003716,8.779935,0.016035201,0.07910699,0.056199558
IMU,248769594871402,-1.7611175,3.7471602,9.049655,-1.7499973,4.0045314,8.779044,0.014813471,0.06811142,0.05131264
IMU,248769597079527,-1.7371893,3.7663028,9.059227,-1.7499973,4.0045314,8.779044,0.016035201,0.059559315,0.042760536
IMU,248769599287704,-1.7324036,3.7806597,9.092726,-1.7517624,4.0052247,8.778376,0.014813471,0.05222894,0.039095346
IMU,248769601495829,-1.713261,3.7615173,9.102298,-1.7517624,4.0052247,8.778376,0.016035201,0.044898562,0.032986697
IMU,248769603704006,-1.7180467,3.751946,9.126225,-1.753003,4.005797,8.777868,0.014813471,0.038789913,0.02687805
IMU,248769605912131,-1.713261,3.7471602,9.116654,-1.753003,4.005797,8.777868,0.014813471,0.031459536,0.020769402
IMU,248769608120308,-1.7180467,3.737589,9.140582,-1.754001,4.006237,8.777467,0.01725693,0.033902995,0.014660755
IMU,248769610328433,-1.727618,3.7328033,9.183653,-1.754001,4.006237,8.777467,0.01847866,0.033902995,0.012217295
IMU,248769612536610,-1.7084754,3.723232,9.178867,-1.754001,4.006237,8.777467,0.016035201,0.031459536,0.008552107
IMU,248769614744735,-1.713261,3.737589,9.202796,-1.755146,4.0066385,8.777055,0.023365578,0.037568185,0.0048869182
IMU,248769616952913,-1.6845472,3.723232,9.226724,-1.755146,4.0066385,8.777055,0.023365578,0.041233372,0.0036651888
IMU,248769619161038,-1.6654046,3.737589,9.221938,-1.755146,4.0066385,8.777055,0.023365578,0.041233372,0.0036651888
IMU,248769621369215,-1.6654046,3.7423747,9.245867,-1.7567018,4.0072227,8.776478,0.025809037,0.05222894,-0.0024434591
IMU,248769623577340,-1.6510476,3.7663028,9.236296,-1.7588356,4.007881,8.77575,0.028252495,0.058337588,-0.0036651888
IMU,248769625785465,-1.6271194,3.7854455,9.212367,-1.7588356,4.007881,8.77575,0.031917684,0.0632245,-0.0036651888
IMU,248769627993642,-1.6271194,3.7998023,9.23151,-1.7616605,4.008893,8.77472,0.031917684,0.0632245,-0.0036651888
IMU,248769630201819,-1.6175481,3.818945,9.265009,-1.7616605,4.008893,8.77472,0.038026333,0.07910699,-0.0073303776
IMU,248769632409944,-1.6319051,3.8285162,9.269794,-1.7616605,4.008893,8.77472,0.04291325,0.0876591,-0.0097738365
IMU,248769634618121,-1.6462619,3.818945,9.274581,-1.7652932,4.0102057,8.77339,0.04657844,0.098654665,-0.012217295
IMU,248769636826246,-1.6414764,3.818945,9.284152,-1.7652932,4.0102057,8.77339,0.0490219,0.1084285,-0.013439025
IMU,248769639034423,-1.6749759,3.8237305,9.298509,-1.7700391,4.011847,8.771684,0.055130545,0.12064579,-0.012217295
IMU,248769641242600,-1.698904,3.818945,9.312865,-1.7700391,4.011847,8.771684,0.058795735,0.13286309,-0.013439025
IMU,248769643450725,-1.727618,3.8093736,9.30808,-1.776017,4.0138927,8.76954,0.062460925,0.14508039,-0.013439025
IMU,248769645658902,-1.7706888,3.804588,9.2793665,-1.776017,4.0138927,8.76954,0.0697913,0.15974113,-0.014660755
IMU,248769647867027,-1.8137596,3.790231,9.274581,-1.783425,4.016443,8.766868,0.07467822,0.17195843,-0.014660755
IMU,248769650075152,-1.847259,3.7758741,9.260223,-1.783425,4.016443,8.766868,0.083230324,0.182954,-0.010995566
IMU,248769652283329,-1.8855443,3.751946,9.245867,-1.783425,4.016443,8.766868,0.084452055,0.18906265,-0.008552107
IMU,248769654491506,-1.9381863,3.7567315,9.241081,-1.7918439,4.0195885,8.763709,0.09300416,0.20005822,-0.0061086477
IMU,248769656699631,-1.9860427,3.7567315,9.226724,-1.7918439,4.0195885,8.763709,0.09544762,0.20861033,-0.0024434591
IMU,248769658907808,-2.0386848,3.7710886,9.217153,-1.801124,4.0232787,8.760113,0.10155627,0.2159407,0.0024434591
IMU,248769661115933,-2.0817556,3.7806597,9.212367,-1.801124,4.0232787,8.760113,0.10644319,0.22327107,0.0073303776
IMU,248769663324110,-2.115255,3.7998023,9.217153,-1.8110213,4.027522,8.756121,0.108886644,0.228158,0.0097738365
IMU,248769665532235,-2.1391835,3.8285162,9.19801,-1.8110213,4.027522,8.756121,0.116217025,0.23548837,0.013439025
IMU,248769667740413,-2.158326,3.842873,9.183653,-1.8110213,4.027522,8.756121,0.123547405,0.23793183,0.019547673
IMU,248769669948538,-2.1678972,3.871587,9.217153,-1.8213478,4.0324636,8.751703,0.13087778,0.24159703,0.021991132
IMU,248769672156715,-2.201397,3.8811584,9.19801,-1.8213478,4.0324636,8.751703,0.13820815,0.24281874,0.02687805
IMU,248769674364840,-2.239682,3.900301,9.183653,-1.8337084,4.0359273,8.747525,0.1443168,0.24159703,0.032986697
IMU,248769676573017,-2.2588246,3.900301,9.174082,-1.8337084,4.0359273,8.747525,0.1443168,0.24159703,0.032986697
IMU,248769678781142,-2.2827528,3.9146578,9.150154,-1.8461752,4.040339,8.742865,0.16019928,0.23793183,0.041538805
IMU,248769680989319,-2.2875385,3.9098723,9.140582,-1.8461752,4.040339,8.742865,0.16752967,0.23548837,0.047647454
IMU,248769683197444,-2.3114667,3.9290147,9.135797,-1.8583771,4.045753,8.737775,0.17241658,0.22937973,0.0537561
IMU,248769685405621,-2.3401806,3.9242291,9.102298,-1.8583771,4.045753,8.737775,0.17852524,0.22571453,0.06108648
IMU,248769687613746,-2.3353949,3.938586,9.08794,-1.8583771,4.045753,8.737775,0.18341215,0.2196059,0.068416856
IMU,248769689821923,-2.3258235,3.9720855,9.0544405,-1.8700564,4.052009,8.732382,0.19074252,0.21471897,0.073303774
IMU,248769692030048,-2.321038,3.9960139,9.030513,-1.8700564,4.052009,8.732382,0.19440772,0.20616686,0.07941242
IMU,248769694238225,-2.321038,4.0390844,8.992228,-1.8807074,4.059441,8.726641,0.19440772,0.20616686,0.07941242
IMU,248769696446350,-2.3401806,4.063013,8.968299,-1.8807074,4.059441,8.726641,0.20051636,0.19394957,0.09407318
IMU,248769698654527,-2.3162522,4.0869412,8.925228,-1.8903449,4.067935,8.720602,0.20173809,0.182954,0.09773836
IMU,248769700862652,-2.3258235,4.1204405,8.9108715,-1.8903449,4.067935,8.720602,0.20173809,0.17195843,0.10384701
IMU,248769703070829,-2.3114667,4.1443686,8.882157,-1.8986365,4.077202,8.71447,0.20418155,0.1621846,0.1075122
IMU,248769705279006,-2.3162522,4.1778684,8.848659,-1.8986365,4.077202,8.71447,0.20540328,0.15241076,0.11362085
IMU,248769707487131,-2.3401806,4.173083,8.815159,-1.8986365,4.077202,8.71447,0.20418155,0.14263692,0.11728604
IMU,248769709695308,-2.349752,4.15394,8.772088,-1.9057829,4.0871263,8.708259,0.20295982,0.13041963,0.1197295
IMU,248769711903433,-2.359323,4.1778684,8.7577305,-1.9057829,4.0871263,8.708259,0.20173809,0.11575887,0.12583815
IMU,248769714111610,-2.3832514,4.1587257,8.738588,-1.9117968,4.097083,8.70226,0.20051636,0.10109812,0.13072506
IMU,248769716319735,-2.3928227,4.173083,8.705089,-1.9117968,4.097083,8.70226,0.19685118,0.08643737,0.13683371
IMU,248769718527913,-2.4119651,4.168297,8.690732,-1.9164252,4.1069965,8.696568,0.19440772,0.07177661,0.14172062
IMU,248769720736038,-2.4071796,4.1778684,8.662018,-1.9164252,4.1069965,8.696568,0.19318599,0.05589413,0.14905101
IMU,248769722944215,-2.4119651,4.1922255,8.657232,-1.9193974,4.1169806,8.69119,0.19318599,0.05589413,0.14905101
IMU,248769725152340,-2.3928227,4.1922255,8.623733,-1.9193974,4.1169806,8.69119,0.18952079,0.026572619,0.16126831
IMU,248769727360517,-2.388037,4.2161536,8.623733,-1.9193974,4.1169806,8.69119,0.18829907,0.013133593,0.16859868
IMU,248769729568642,-2.388037,4.2161536,8.633304,-1.9205599,4.127151,8.686107,0.18463388,9.162972E-4,0.17592905
IMU,248769731776819,-2.349752,4.220939,8.618947,-1.9205599,4.127151,8.686107,0.18096869,-0.008857539,0.18203771
IMU,248769733984944,-2.3258235,4.240082,8.633304,-1.9205599,4.127151,8.686107,0.18096869,-0.008857539,0.18203771
IMU,248769736193121,-2.349752,4.2592244,8.633304,-1.9200091,4.137232,8.681432,0.17608178,-0.025961753,0.19547673
IMU,248769738401246,-2.3306093,4.2687955,8.633304,-1.918102,4.147357,8.677021,0.17486005,-0.032070402,0.20158538
IMU,248769740609423,-2.3162522,4.254439,8.652447,-1.918102,4.147357,8.677021,0.17241658,-0.03695732,0.20769402
IMU,248769742817548,-2.306681,4.254439,8.63809,-1.9153193,4.15732,8.672868,0.17119485,-0.03695732,0.21258095
IMU,248769745025725,-2.3018954,4.23051,8.657232,-1.9153193,4.15732,8.672868,0.16875139,-0.03695732,0.21991132
IMU,248769747233850,-2.292324,4.249653,8.63809,-1.9153193,4.15732,8.672868,0.16875139,-0.03940078,0.22479823
IMU,248769749442027,-2.306681,4.2592244,8.633304,-1.9153193,4.15732,8.672868,0.16875139,-0.03940078,0.22479823
IMU,248769751650152,-2.3114667,4.23051,8.63809,-1.9120709,4.167079,8.6689,0.16508621,-0.040622506,0.2357938
IMU,248769753858329,-2.306681,4.2352962,8.63809,-1.9086292,4.176781,8.664988,0.16386448,-0.03940078,0.24190246
IMU,248769756066506,-2.3306093,4.2257247,8.618947,-1.9086292,4.176781,8.664988,0.16142102,-0.03940078,0.25045455
IMU,248769758274631,-2.306681,4.2448673,8.623733,-1.9049606,4.1863627,8.661171,0.16264275,-0.03940078,0.25778493
IMU,248769760482808,-2.2971098,4.23051,8.618947,-1.9049606,4.1863627,8.661171,0.16019928,-0.03940078,0.26389357
IMU,248769762690933,-2.2779672,4.23051,8.595019,-1.9049606,4.1863627,8.661171,0.16142102,-0.040622506,0.27000225
IMU,248769764899110,-2.2779672,4.2161536,8.590233,-1.9049606,4.1863627,8.661171,0.16142102,-0.041844238,0.2773326
IMU,248769767107235,-2.268396,4.2352962,8.566305,-1.9007843,4.1959977,8.657425,0.16142102,-0.041844238,0.284663
IMU,248769769315360,-2.2636101,4.220939,8.52802,-1.8961109,4.205781,8.653703,0.16142102,-0.045509428,0.29199335
IMU,248769771523538,-2.239682,4.220939,8.518449,-1.8961109,4.205781,8.653703,0.16142102,-0.049174614,0.29810202
IMU,248769773731663,-2.2301106,4.220939,8.499306,-1.8961109,4.205781,8.653703,0.16142102,-0.049174614,0.30421066
IMU,248769775939840,-2.210968,4.2257247,8.504091,-1.8907743,4.2157874,8.65,0.15897755,-0.054061532,0.3090976
IMU,248769778148017,-2.2205393,4.23051,8.499306,-1.8847643,4.225845,8.646403,0.15897755,-0.054061532,0.31642795
IMU,248769780356142,-2.2061825,4.2448673,8.489735,-1.8847643,4.225845,8.646403,0.15897755,-0.057726722,0.32253662
IMU,248769782564319,-2.1822543,4.254439,8.4705925,-1.8847643,4.225845,8.646403,0.1565341,-0.06139191,0.3262018
IMU,248769784772444,-2.1678972,4.2687955,8.465807,-1.8780919,4.236075,8.642848,0.15409064,-0.06139191,0.32986698
IMU,248769786980621,-2.1487548,4.2975097,8.456235,-1.8780919,4.236075,8.642848,0.15164718,-0.0650571,0.33353218
IMU,248769789188746,-2.143969,4.3070807,8.451449,-1.8707659,4.2463756,8.639382,0.14676027,-0.068722285,0.33841908
IMU,248769791396923,-2.1104696,4.302295,8.465807,-1.8707659,4.2463756,8.639382,0.1443168,-0.07116575,0.343306
IMU,248769793605048,-2.115255,4.316652,8.456235,-1.8627247,4.256525,8.636125,0.14187334,-0.07116575,0.34574947
IMU,248769795813225,-2.105684,4.3070807,8.475378,-1.8627247,4.256525,8.636125,0.14065161,-0.07238748,0.3506364
IMU,248769798021350,-2.0961127,4.316652,8.518449,-1.8542724,4.266365,8.633087,0.13454297,-0.07238748,0.3555233
IMU,248769800229527,-2.07697,4.2975097,8.566305,-1.8542724,4.266365,8.633087,0.13209951,-0.07238748,0.3591885
IMU,248769802437652,-2.0865414,4.2975097,8.60459,-1.8542724,4.266365,8.633087,0.12965605,-0.068722285,0.36529714
IMU,248769804645829,-2.0865414,4.278367,8.6141615,-1.8365564,4.284033,8.628122,0.12476913,-0.057726722,0.38728827
IMU,248769806853954,-2.091327,4.26401,8.662018,-1.8365564,4.284033,8.628122,0.12476913,-0.057726722,0.38728827
IMU,248769809062131,-2.0865414,4.26401,8.690732,-1.8365564,4.284033,8.628122,0.12476913,-0.057726722,0.38728827
IMU,248769811270256,-2.0673988,4.26401,8.738588,-1.8365564,4.284033,8.628122,0.12476913,-0.052839804,0.3933969
IMU,248769813478433,-2.0721843,4.26401,8.743374,-1.8277223,4.2923765,8.625853,0.12721258,-0.049174614,0.39584038
IMU,248769815686558,-2.0482562,4.254439,8.7577305,-1.8277223,4.2923765,8.625853,0.12721258,-0.045509428,0.40439248
IMU,248769817894735,-2.024328,4.249653,8.7673025,-1.8277223,4.2923765,8.625853,0.13087778,-0.044287696,0.41538805
IMU,248769820102913,-2.0195422,4.2448673,8.781659,-1.8186381,4.3007693,8.62359,0.1357647,-0.043065965,0.42027497
IMU,248769822311038,-1.995614,4.278367,8.805588,-1.8186381,4.3007693,8.62359,0.13942988,-0.043065965,0.42271844
IMU,248769824519215,-1.9621146,4.2687955,8.800801,-1.8090824,4.3095617,8.621211,0.14553854,-0.043065965,0.42882708
IMU,248769826727340,-1.9477576,4.2831526,8.815159,-1.8090824,4.3095617,8.621211,0.15042545,-0.044287696,0.43249226
IMU,248769828935517,-1.9190438,4.287938,8.800801,-1.79884,4.3189545,8.618653,0.1565341,-0.045509428,0.43615746
IMU,248769831143642,-1.9046868,4.2831526,8.800801,-1.79884,4.3189545,8.618653,0.15897755,-0.047952887,0.43982264
IMU,248769833351819,-1.875973,4.2831526,8.79123,-1.7878968,4.3288307,8.615976,0.16264275,-0.052839804,0.4422661
IMU,248769835559944,-1.861616,4.2927237,8.772088,-1.7878968,4.3288307,8.615976,0.16386448,-0.055283263,0.44470957
IMU,248769837768121,-1.8376877,4.287938,8.7673025,-1.7878968,4.3288307,8.615976,0.16386448,-0.05894845,0.44837475
IMU,248769839976246,-1.8137596,4.278367,8.772088,-1.7762161,4.3389635,8.613295,0.16752967,-0.062613636,0.44715303
IMU,248769842184423,-1.8137596,4.2687955,8.729017,-1.7762161,4.3389635,8.613295,0.16264275,-0.07116575,0.44715303
IMU,248769844392548,-1.7850457,4.2687955,8.738588,-1.7638496,4.3490305,8.610758,0.16264275,-0.07238748,0.44837475
IMU,248769846600725,-1.7706888,4.2687955,8.705089,-1.7638496,4.3490305,8.610758,0.1565341,-0.0772744,0.4508182
IMU,248769848808850,-1.7706888,4.249653,8.700303,-1.7508609,4.358753,8.608492,0.15164718,-0.082161315,0.44959646
IMU,248769851017027,-1.7659031,4.240082,8.705089,-1.7508609,4.358753,8.608492,0.14553854,-0.08704823,0.4459313
IMU,248769853225152,-1.7754744,4.23051,8.690732,-1.7375468,4.3676777,8.6066675,0.13942988,-0.09193515,0.4459313
IMU,248769855433329,-1.7850457,4.220939,8.690732,-1.7375468,4.3676777,8.6066675,0.13209951,-0.0980438,0.4459313
IMU,248769857641454,-1.7706888,4.2257247,8.709874,-1.7375468,4.3676777,8.6066675,0.12476913,-0.100487255,0.44348782
IMU,248769859849631,-1.7659031,4.220939,8.719446,-1.7239684,4.375707,8.605319,0.117438756,-0.10415245,0.43982264
IMU,248769862057756,-1.7659031,4.2161536,8.752945,-1.7239684,4.375707,8.605319,0.110108376,-0.109039366,0.43982264
IMU,248769864265933,-1.7467605,4.2017965,8.762517,-1.7100977,4.38273,8.604512,0.102778,-0.11148282,0.43737918
IMU,248769866474058,-1.7371893,4.1922255,8.796016,-1.7100977,4.38273,8.604512,0.09544762,-0.11514801,0.43493572
IMU,248769868682235,-1.7371893,4.182654,8.810373,-1.695873,4.388647,8.604311,0.090560704,-0.11759147,0.43249226
IMU,248769870890360,-1.727618,4.173083,8.839087,-1.695873,4.388647,8.604311,0.084452055,-0.11759147,0.4300488
IMU,248769873098538,-1.7371893,4.1587257,8.886943,-1.681659,4.393547,8.604601,0.07956514,-0.11636974,0.42760533
IMU,248769875306663,-1.7371893,4.1443686,8.920443,-1.681659,4.393547,8.604601,0.07345649,-0.11759147,0.42394015
IMU,248769877514840,-1.7324036,4.1347976,8.968299,-1.681659,4.393547,8.604601,0.06856957,-0.11636974,0.4214967
IMU,248769879723017,-1.7515461,4.130012,8.992228,-1.6676333,4.397308,8.60541,0.066126116,-0.113926284,0.41905323
IMU,248769881931142,-1.7659031,4.115655,9.030513,-1.6676333,4.397308,8.60541,0.06368265,-0.11026109,0.41416633
IMU,248769884139319,-1.7898313,4.1108694,9.068798,-1.6542627,4.400258,8.606482,0.060017463,-0.10537417,0.41172287
IMU,248769886347444,-1.8089739,4.0869412,9.092726,-1.6542627,4.400258,8.606482,0.060017463,-0.0980438,0.4092794
IMU,248769888555621,-1.8520447,4.082155,9.135797,-1.6420264,4.4024615,8.607698,0.060017463,-0.09315688,0.40317076
IMU,248769890763746,-1.8951155,4.091727,9.19801,-1.6420264,4.4024615,8.607698,0.062460925,-0.08460477,0.39950556
IMU,248769892971923,-1.942972,4.0869412,9.23151,-1.6314164,4.404243,8.608805,0.06368265,-0.074830934,0.39828384
IMU,248769895180048,-1.9812572,4.0677986,9.2793665,-1.6314164,4.404243,8.608805,0.06856957,-0.06627883,0.3933969
IMU,248769897388225,-2.053042,4.0677986,9.298509,-1.6314164,4.404243,8.608805,0.07345649,-0.055283263,0.3921752
IMU,248769899596350,-2.1008983,4.0677986,9.336794,-1.6227484,4.4058366,8.609627,0.07834341,-0.044287696,0.38973173
IMU,248769901804527,-2.1535404,4.0534415,9.360723,-1.6227484,4.4058366,8.609627,0.08933897,-0.029626941,0.39095345
IMU,248769904012652,-2.201397,4.0534415,9.413364,-1.6162605,4.4076967,8.609896,0.09789108,-0.018631376,0.39095345
IMU,248769906220829,-2.2348964,4.048656,9.461221,-1.6162605,4.4076967,8.609896,0.10522146,-0.0051923506,0.3921752
IMU,248769908428954,-2.2779672,4.0438704,9.504292,-1.6162605,4.4076967,8.609896,0.11499529,0.0070249448,0.39584038
IMU,248769910637131,-2.321038,4.024728,9.518648,-1.6116637,4.409935,8.609611,0.12599087,0.022907428,0.39828384
IMU,248769912845256,-2.3784657,4.0151563,9.542577,-1.6090742,4.412741,8.608658,0.12599087,0.022907428,0.39828384
IMU,248769915053433,-2.4263222,4.0103707,9.609575,-1.6090742,4.412741,8.608658,0.15164718,0.05222894,0.40805766
IMU,248769917261558,-2.455036,3.9960139,9.643075,-1.6090742,4.412741,8.608658,0.16630794,0.06933315,0.41294459
IMU,248769919469735,-2.4933212,3.9960139,9.686146,-1.6084431,4.4164333,8.606882,0.18096869,0.083993904,0.42027497
IMU,248769921677860,-2.5316064,3.9816568,9.71486,-1.6084431,4.4164333,8.606882,0.19685118,0.098654665,0.42760533
IMU,248769923886038,-2.5794628,3.9720855,9.734002,-1.6095301,4.4212523,8.604204,0.21273366,0.11453715,0.433714
IMU,248769926094163,-2.6129622,3.9673,9.753145,-1.6095301,4.4212523,8.604204,0.22983788,0.13041963,0.44104436
IMU,248769928302340,-2.656033,3.9481573,9.762716,-1.6124836,4.427477,8.60045,0.251829,0.14630212,0.4459313
IMU,248769930510465,-2.6991038,3.9338005,9.753145,-1.6124836,4.427477,8.60045,0.27015495,0.16462806,0.45203993
IMU,248769932718642,-2.7469604,3.9290147,9.74836,-1.6124836,4.427477,8.60045,0.28848088,0.17684536,0.45937032
IMU,248769934926767,-2.8091738,3.900301,9.710074,-1.6174215,4.435363,8.595458,0.30680683,0.19028437,0.46059203
IMU,248769937134944,-2.8713872,3.9146578,9.667004,-1.6174215,4.435363,8.595458,0.32268932,0.19883649,0.46547896
IMU,248769939343121,-2.9240294,3.9050865,9.633504,-1.6243631,4.4449167,8.589211,0.33979353,0.20983206,0.46914417
IMU,248769941551246,-2.9958138,3.9098723,9.609575,-1.6243631,4.4449167,8.589211,0.35689774,0.21716243,0.47280934
IMU,248769943759371,-3.07717,3.900301,9.547362,-1.6330557,4.45619,8.581718,0.3678933,0.22204934,0.47769627
IMU,248769945967548,-3.1920254,3.9050865,9.470792,-1.6330557,4.45619,8.581718,0.38255405,0.22571453,0.48136145
IMU,248769948175725,-3.278167,3.885944,9.4229355,-1.6435945,4.4689655,8.573058,0.39354962,0.22571453,0.48624837
IMU,248769950383850,-3.4169507,3.885944,9.365508,-1.6435945,4.4689655,8.573058,0.40576693,0.228158,0.48991355
IMU,248769952592027,-3.5270207,3.8668015,9.30808,-1.6435945,4.4689655,8.573058,0.41309732,0.2244928,0.49480048
IMU,248769954800152,-3.6849468,3.8620157,9.274581,-1.6560465,4.482893,8.563385,0.42164943,0.22327107,0.50213087
IMU,248769957008329,-3.842873,3.8572302,9.265009,-1.6560465,4.482893,8.563385,0.432645,0.22204934,0.5094612
IMU,248769959216454,-4.0007997,3.842873,9.236296,-1.6705233,4.497591,8.55286,0.43631017,0.21838416,0.51801336
IMU,248769961424631,-4.168297,3.842873,9.250652,-1.6705233,4.497591,8.55286,0.43997535,0.2159407,0.52656543
IMU,248769963632756,-4.321438,3.8572302,9.245867,-1.6705233,4.497591,8.55286,0.44730574,0.21349724,0.5363393
IMU,248769965840933,-4.45065,3.8763726,9.2793665,-1.6870391,4.512611,8.541699,0.45097092,0.2122755,0.54855657
IMU,248769968049058,-4.5894337,3.9050865,9.30808,-1.7051268,4.528098,8.529904,0.45585784,0.20983206,0.56077385
IMU,248769970257235,-4.718646,3.9242291,9.346365,-1.7051268,4.528098,8.529904,0.46196648,0.2073886,0.5742129
IMU,248769972465360,-4.8191447,3.9768713,9.394221,-1.7051268,4.528098,8.529904,0.4668534,0.20616686,0.5876519
IMU,248769974673538,-4.924429,3.991228,9.413364,-1.7242247,4.5441823,8.517503,0.47174034,0.20616686,0.6047561
IMU,248769976881663,-5.015356,4.063013,9.499506,-1.7242247,4.5441823,8.517503,0.47784898,0.20250167,0.6243038
IMU,248769979089840,-5.0919266,4.1347976,9.513863,-1.743765,4.561145,8.504448,0.491288,0.20983206,0.63896453
IMU,248769981297965,-5.197211,4.115655,9.49472,-1.743765,4.561145,8.504448,0.5022836,0.21105379,0.654847
IMU,248769983506142,-5.302495,4.072584,9.518648,-1.7639272,4.5795226,8.490401,0.5120574,0.2122755,0.67683816
IMU,248769985714319,-5.383851,4.0438704,9.561719,-1.7639272,4.5795226,8.490401,0.52671814,0.21716243,0.6988293
IMU,248769987922444,-5.4317074,4.0151563,9.60479,-1.7611732,4.6068997,8.476151,0.54260063,0.22693627,0.72448564
IMU,248769990130621,-5.4843497,4.005585,9.623933,-1.7611732,4.6068997,8.476151,0.5560397,0.2403753,0.7513637
IMU,248769992338746,-5.465207,4.0295134,9.638289,-1.7611732,4.6068997,8.476151,0.5731439,0.25625777,0.77824175
IMU,248769994546923,-5.4412785,4.019942,9.628718,-1.7582731,4.6361017,8.460817,0.5902481,0.27580544,0.80389804
IMU,248769996755048,-5.4173503,4.0390844,9.623933,-1.7582731,4.6361017,8.460817,0.61223924,0.30146176,0.8332196
IMU,248769998963225,-5.359923,4.048656,9.595219,-1.7557645,4.6675515,8.44403,0.63056517,0.32467464,0.8588759
IMU,248770001171350,-5.288138,4.072584,9.561719,-1.7557645,4.6675515,8.44403,0.6525563,0.34666577,0.880867
IMU,248770003379527,-5.221139,4.1108694,9.556933,-1.7538712,4.7014394,8.425604,0.67454743,0.36987862,0.90285814
IMU,248770005587652,-5.1876397,4.130012,9.504292,-1.7538712,4.7014394,8.425604,0.69653857,0.3930915,0.92240584
IMU,248770007795829,-5.1349974,4.1443686,9.437292,-1.7529191,4.737758,8.405434,0.717308,0.4187478,0.9334014
IMU,248770010003954,-5.087141,4.173083,9.399008,-1.7529191,4.737758,8.405434,0.74174255,0.4468476,0.9456187
IMU,248770012212131,-5.072784,4.1922255,9.332008,-1.7529191,4.737758,8.405434,0.76251197,0.4761691,0.95661426
IMU,248770014420256,-5.058427,4.1874394,9.269794,-1.7537044,4.7764235,8.383358,0.7832814,0.5079341,0.9590577
IMU,248770016628433,-5.029713,4.211368,9.217153,-1.7537044,4.7764235,8.383358,0.8003856,0.5384773,0.9615012
IMU,248770018836610,-4.9866424,4.254439,9.12144,-1.7569538,4.8169885,8.359433,0.81993324,0.5726857,0.9627229
IMU,248770021044735,-4.962714,4.3070807,9.073584,-1.7569538,4.8169885,8.359433,0.81993324,0.5726857,0.9627229
IMU,248770023252860,-4.8861437,4.3932223,9.01137,-1.762886,4.8592863,8.333663,0.85414165,0.63132876,0.95417076
IMU,248770025461038,-4.7952166,4.5320063,8.920443,-1.762886,4.8592863,8.333663,0.87002414,0.6582068,0.9480621
IMU,248770027669215,-4.699504,4.699504,8.834301,-1.762886,4.8592863,8.333663,0.88712835,0.6838631,0.93217963
IMU,248770029877340,-4.6372905,4.8765726,8.743374,-1.7712952,4.903193,8.306118,0.9017891,0.7021891,0.91874063
IMU,248770032085465,-4.56072,5.0679984,8.657232,-1.7712952,4.903193,8.306118,0.9017891,0.7021891,0.91874063
IMU,248770034293642,-4.517649,5.235496,8.551949,-1.7817785,4.948603,8.276894,0.9445497,0.7498365,0.8772018
IMU,248770036501819,-4.4745784,5.369494,8.446664,-1.7817785,4.948603,8.276894,0.9445497,0.7498365,0.8772018
IMU,248770038709944,-4.4554358,5.5130634,8.360522,-1.7939941,4.9953923,8.246092,0.9604322,0.75961035,0.8662062
IMU,248770040918121,-4.4745784,5.599205,8.2456665,-1.7939941,4.9953923,8.246092,0.97142774,0.7669407,0.85521066
IMU,248770043126246,-4.5272202,5.6470613,8.145168,-1.7939941,4.9953923,8.246092,0.9812015,0.77549285,0.849102
IMU,248770045334423,-4.5798626,5.6853466,8.078169,-1.8073155,5.043329,8.213943,0.9921971,0.7840449,0.8503238
IMU,248770047542548,-4.685147,5.6757755,8.01117,-1.8073155,5.043329,8.213943,0.9995275,0.79259706,0.85521066
IMU,248770049750725,-4.752146,5.6614184,7.9298143,-1.8212861,5.0921474,8.180669,1.0056361,0.8035926,0.8637628
IMU,248770051958850,-4.8622155,5.6470613,7.877172,-1.8212861,5.0921474,8.180669,1.0080796,0.8194751,0.880867
IMU,248770054167027,-4.9340005,5.6374903,7.82453,-1.8356855,5.141505,8.146507,1.0080796,0.83902276,0.8979712
IMU,248770056375204,-5.015356,5.642276,7.7623167,-1.8356855,5.141505,8.146507,1.0068579,0.86223567,0.92362756
IMU,248770058583329,-5.063213,5.6374903,7.7001033,-1.8506727,5.1910625,8.111613,0.9995275,0.89033544,0.94928384
IMU,248770060791454,-5.1206403,5.6757755,7.6426754,-1.8506727,5.1910625,8.111613,0.98975366,0.92210037,0.9786054
IMU,248770062999631,-5.1828537,5.704489,7.594819,-1.8665665,5.240404,8.076167,0.9812015,0.95753056,1.0091486
IMU,248770065207756,-5.2259245,5.7427745,7.5182486,-1.8665665,5.240404,8.076167,0.96776253,0.9941824,1.0421354
IMU,248770067415933,-5.2259245,5.7810597,7.4847493,-1.8665665,5.240404,8.076167,0.95188004,1.036943,1.0763438
IMU,248770069624058,-5.2546387,5.790631,7.4416785,-1.8836455,5.289241,8.040286,0.93599755,1.0784818,1.1117738
IMU,248770071832235,-5.278567,5.800202,7.4416785,-1.8836455,5.289241,8.040286,0.9164499,1.1224641,1.1459824
IMU,248770074040413,-5.288138,5.800202,7.436893,-1.9021524,5.3371553,8.004185,0.8956805,1.1701115,1.178969
IMU,248770076248538,-5.2833524,5.7858453,7.446464,-1.9021524,5.3371553,8.004185,0.8761328,1.2177589,1.2180644
IMU,248770078456663,-5.302495,5.7523456,7.4416785,-1.9223392,5.3838882,7.967982,0.8553634,1.271515,1.2559379
IMU,248770080664840,-5.316852,5.74756,7.4656067,-1.9223392,5.3838882,7.967982,0.8358157,1.3240494,1.2913681
IMU,248770082873017,-5.2929235,5.7188463,7.5086775,-1.944591,5.4294796,7.931564,0.8162681,1.3826925,1.32802
IMU,248770085081142,-5.2689953,5.680561,7.594819,-1.944591,5.4294796,7.931564,0.7967204,1.4401137,1.3671154
IMU,248770087289319,-5.2259245,5.6374903,7.652247,-1.944591,5.4294796,7.931564,0.77717274,1.5012002,1.404989
IMU,248770089497444,-5.1828537,5.613562,7.7479596,-1.969096,5.473975,7.89485,0.7600685,1.5659518,1.4440843
IMU,248770091705621,-5.1206403,5.5944195,7.8197446,-1.969096,5.473975,7.89485,0.74540776,1.6307036,1.4831797
IMU,248770093913746,-5.020142,5.599205,7.9011,-1.969096,5.473975,7.89485,0.74540776,1.6307036,1.4831797
IMU,248770096121923,-4.914858,5.623133,7.982456,-1.9961,5.517715,7.857532,0.7197514,1.7602068,1.5613704
IMU,248770098330048,-4.7856455,5.6614184,8.078169,-1.9961,5.517715,7.857532,0.71242106,1.822515,1.5968006
IMU,248770100538225,-4.618148,5.7427745,8.183454,-2.0254297,5.561204,7.8192725,0.70509064,1.886045,1.6322306
IMU,248770102746350,-4.45065,5.852844,8.279166,-2.0254297,5.561204,7.8192725,0.7038689,1.949575,1.6639956
IMU,248770104954527,-4.2687955,5.9676995,8.389236,-2.0254297,5.561204,7.8192725,0.7026472,2.0118833,1.6920954
IMU,248770107162704,-4.0677986,6.0921264,8.523234,-2.0569627,5.60502,7.7796555,0.7063124,2.0705261,1.7189735
IMU,248770109370829,-3.8955152,6.1878395,8.609376,-2.0907269,5.64974,7.7381964,0.7063124,2.0705261,1.7189735
IMU,248770111578954,-3.7328033,6.2979093,8.690732,-2.0907269,5.64974,7.7381964,0.72586006,2.1902556,1.7605124
IMU,248770113787131,-3.603591,6.3601227,8.772088,-2.0907269,5.64974,7.7381964,0.72586006,2.1902556,1.7605124
IMU,248770115995308,-3.4791641,6.384051,8.843872,-2.1268806,5.6959634,7.694334,0.75395983,2.3050983,1.7996076
IMU,248770118203433,-3.4073794,6.3601227,8.882157,-2.1654215,5.744031,7.647709,0.77106404,2.3625195,1.8191553
IMU,248770120411610,-3.3355947,6.3122663,8.920443,-2.1654215,5.744031,7.647709,0.78939,2.418719,1.8362595
IMU,248770122619735,-3.2973096,6.250053,8.9108715,-2.1654215,5.744031,7.647709,0.80893767,2.473697,1.8533638
IMU,248770124827913,-3.2542388,6.1830535,8.939586,-2.2063873,5.794133,7.598044,0.8260419,2.5298965,1.8741331
IMU,248770127036038,-3.2207394,6.1160545,8.953942,-2.2063873,5.794133,7.598044,0.8455896,2.5885396,1.8961242
IMU,248770129244215,-3.1920254,6.0346985,8.953942,-2.249653,5.846278,7.545229,0.87368935,2.708269,1.9352196
IMU,248770131452340,-3.158526,5.9916277,8.9348,-2.249653,5.846278,7.545229,0.87368935,2.708269,1.9352196
IMU,248770133660517,-3.1154552,5.938986,8.920443,-2.249653,5.846278,7.545229,0.88590664,2.7693555,1.9535456
IMU,248770135868642,-3.1106694,5.919843,8.896515,-2.2953696,5.900207,7.4892735,0.8956805,2.8328855,1.9718715
IMU,248770138076819,-3.0723844,5.9150577,8.843872,-2.3437226,5.9556446,7.430185,0.90301085,2.9000804,1.9914192
IMU,248770140284944,-3.048456,5.910272,8.800801,-2.3437226,5.9556446,7.430185,0.9078978,2.9599452,2.0073016
IMU,248770142493121,-3.0436704,5.895915,8.743374,-2.3437226,5.9556446,7.430185,0.9127847,3.0259187,2.0219624
IMU,248770144701246,-3.0388846,5.881558,8.676374,-2.3947287,6.0122013,7.3681135,0.9127847,3.0845616,2.0354013
IMU,248770146909423,-3.048456,5.871987,8.657232,-2.3947287,6.0122013,7.3681135,0.9152281,3.1432047,2.0512838
IMU,248770149117600,-3.0819557,5.8672013,8.590233,-2.448156,6.069495,7.3032975,0.9127847,3.1981826,2.0659447
IMU,248770151325725,-3.1345978,5.8241305,8.551949,-2.448156,6.069495,7.3032975,0.9091195,3.2482734,2.0830488
IMU,248770153533850,-3.1872396,5.804988,8.52802,-2.5032914,6.127246,7.236074,0.8969022,3.3374598,2.1148138
IMU,248770155742027,-3.2446675,5.790631,8.489735,-2.5032914,6.127246,7.236074,0.8969022,3.3374598,2.1148138
IMU,248770157950204,-3.2925239,5.771488,8.446664,-2.5032914,6.127246,7.236074,0.8969022,3.3374598,2.1148138
IMU,248770160158329,-3.345166,5.761917,8.437093,-2.5592055,6.185193,7.166885,0.8846849,3.413207,2.1526875
IMU,248770162366506,-3.3930225,5.771488,8.432307,-2.5592055,6.185193,7.166885,0.8761328,3.4474154,2.173457
IMU,248770164574631,-3.4073794,5.790631,8.403593,-2.6149743,6.2433033,7.0960174,0.866359,3.4742935,2.1942263
IMU,248770166782808,-3.426522,5.828916,8.346166,-2.6696544,6.3015556,7.0237975,0.8468113,3.5194974,2.2345433
IMU,248770168990933,-3.455236,5.8624153,8.336594,-2.6696544,6.3015556,7.0237975,0.8468113,3.5194974,2.2345433
IMU,248770171199110,-3.455236,5.8863435,8.30788,-2.6696544,6.3015556,7.0237975,0.8358157,3.5329363,2.2577562
IMU,248770173407235,-3.4743786,5.9150577,8.288737,-2.7221332,6.3598924,6.9506946,0.82359844,3.5414886,2.2785256
IMU,248770175615413,-3.4887354,5.910272,8.283952,-2.7221332,6.3598924,6.9506946,0.8150463,3.5451539,2.299295
IMU,248770177823538,-3.522235,5.895915,8.269595,-2.7714865,6.4182415,6.877167,0.8003856,3.543932,2.3212862
IMU,248770180031715,-3.5509489,5.8624153,8.236095,-2.7714865,6.4182415,6.877167,0.7881683,3.5402668,2.3420556
IMU,248770182239840,-3.5653057,5.8337016,8.226524,-2.7714865,6.4182415,6.877167,0.7722858,3.5280495,2.3652685
IMU,248770184448017,-3.5796626,5.790631,8.169097,-2.8168924,6.4763722,6.80383,0.7564033,3.517054,2.3884814
IMU,248770186656194,-3.5892339,5.771488,8.140383,-2.8168924,6.4763722,6.80383,0.73807734,3.4999497,2.411694
IMU,248770188864319,-3.5940197,5.7667027,8.116454,-2.8575473,6.5340943,6.7313023,0.7197514,3.4767368,2.4324636
IMU,248770191072496,-3.5796626,5.7667027,8.049456,-2.8575473,6.5340943,6.7313023,0.698982,3.4461937,2.453233
IMU,248770193280621,-3.574877,5.7810597,8.015956,-2.8926704,6.591191,6.660259,0.67943436,3.413207,2.4715588
IMU,248770195488798,-3.5413775,5.7810597,7.9776707,-2.8926704,6.591191,6.660259,0.65866494,3.3704464,2.4886632
IMU,248770197696923,-3.5270207,5.7858453,7.9154572,-2.8926704,6.591191,6.660259,0.6354521,3.3240206,2.5021021
IMU,248770199905100,-3.507878,5.7954164,7.853244,-2.9215658,6.6474304,6.5913963,0.60857403,3.269043,2.516763
IMU,248770202113225,-3.5126636,5.800202,7.838887,-2.9215658,6.6474304,6.5913963,0.60857403,3.269043,2.516763
IMU,248770204321402,-3.4887354,5.7810597,7.8149586,-2.9437635,6.7023478,6.5255785,0.5584831,3.1615307,2.5350888
IMU,248770206529527,-3.4839497,5.7762737,7.7814593,-2.9437635,6.7023478,6.5255785,0.52916163,3.0980008,2.5460844
IMU,248770208737704,-3.4791641,5.771488,7.7479596,-2.9437635,6.7023478,6.5255785,0.52916163,3.0980008,2.5460844
IMU,248770210945829,-3.4504502,5.7762737,7.7096744,-2.9592297,6.7556,6.4633746,0.4754055,2.9721625,2.55708
IMU,248770213154006,-3.4360933,5.7762737,7.704889,-2.9678838,6.807044,6.4051695,0.446084,2.9000804,2.5631886
IMU,248770215362183,-3.3930225,5.771488,7.661818,-2.9678838,6.807044,6.4051695,0.42042768,2.8267767,2.5668538
IMU,248770217570308,-3.345166,5.7667027,7.6139617,-2.9678838,6.807044,6.4051695,0.39477137,2.7522511,2.5680754
IMU,248770219778485,-3.2925239,5.7810597,7.585248,-2.9694548,6.8566375,6.351319,0.3678933,2.6703954,2.5717406
IMU,248770221986610,-3.249453,5.7667027,7.5661054,-2.9694548,6.8566375,6.351319,0.34468046,2.5873177,2.570519
IMU,248770224194788,-3.182454,5.761917,7.5469627,-2.9636977,6.9043484,6.3021307,0.32024586,2.5030184,2.5692973
IMU,248770226402913,-3.1345978,5.7427745,7.5182486,-2.9636977,6.9043484,6.3021307,0.3006982,2.4174974,2.5680754
IMU,248770228611090,-3.101098,5.709275,7.52782,-2.9507477,6.9502773,6.2575655,0.2848157,2.3344197,2.565632
IMU,248770230819215,-3.0532417,5.690132,7.5326056,-2.9507477,6.9502773,6.2575655,0.26648977,2.2501204,2.561967
IMU,248770233027392,-3.0005996,5.6853466,7.5086775,-2.931048,6.994588,6.2173214,0.25305074,2.170708,2.5558581
IMU,248770235235517,-2.9336007,5.6757755,7.503892,-2.931048,6.994588,6.2173214,0.23472479,2.0888522,2.5521932
IMU,248770237443694,-2.8809586,5.656633,7.479964,-2.931048,6.994588,6.2173214,0.22128576,2.0057745,2.5497496
IMU,248770239651819,-2.8139594,5.642276,7.4656067,-2.931048,6.994588,6.2173214,0.20906848,1.926362,2.5436409
IMU,248770241859996,-2.7469604,5.6183476,7.460821,-2.904868,7.0373044,6.1813,0.19929464,1.8481714,2.5375323
IMU,248770244068121,-2.6895328,5.608776,7.456035,-2.8725564,7.0786033,6.149161,0.18707734,1.768759,2.5314236
IMU,248770246276298,-2.6321049,5.608776,7.4273214,-2.8725564,7.0786033,6.149161,0.18096869,1.6978986,2.5228715
IMU,248770248484475,-2.5794628,5.5800624,7.4033933,-2.8347087,7.118573,6.1205163,0.17363831,1.6270384,2.516763
IMU,248770250692548,-2.5316064,5.575277,7.379465,-2.8347087,7.118573,6.1205163,0.16508621,1.5586215,2.506989
IMU,248770252900777,-2.498107,5.575277,7.3842506,-2.7920623,7.1572576,6.094952,0.16019928,1.4987568,2.4996586
IMU,248770255108902,-2.469393,5.5800624,7.3746796,-2.7920623,7.1572576,6.094952,0.15531237,1.4425572,2.4886632
IMU,248770257317131,-2.4263222,5.5800624,7.350751,-2.7920623,7.1572576,6.094952,0.15042545,1.393688,2.4788892
IMU,248770259525204,-2.3641088,5.599205,7.3172517,-2.7456958,7.194699,6.0718904,0.14187334,1.3460405,2.4703372
IMU,248770261733381,-2.3306093,5.6279187,7.312466,-2.7456958,7.194699,6.0718904,0.13454297,1.2996148,2.4605634
IMU,248770263941506,-2.306681,5.6470613,7.298109,-2.6962247,7.2308245,6.0511093,0.13332124,1.2617412,2.4507895
IMU,248770266149683,-2.2827528,5.6709895,7.288538,-2.6962247,7.2308245,6.0511093,0.12232567,1.2226459,2.4422374
IMU,248770268357808,-2.268396,5.6709895,7.2693954,-2.6442459,7.265719,6.03222,0.123547405,1.1908809,2.4373505
IMU,248770270565985,-2.2588246,5.680561,7.274181,-2.6442459,7.265719,6.03222,0.11866048,1.1603377,2.4324636
IMU,248770272774110,-2.2731814,5.6709895,7.2789664,-2.6442459,7.265719,6.03222,0.11988221,1.1371248,2.4287984
IMU,248770274982288,-2.2779672,5.6709895,7.240681,-2.5901384,7.299628,6.0147314,0.11377356,1.1139119,2.4287984
IMU,248770277190413,-2.2779672,5.6279187,7.2550383,-2.5901384,7.299628,6.0147314,0.11499529,1.0992512,2.4312418
IMU,248770279398590,-2.2731814,5.623133,7.240681,-2.534204,7.332664,5.9983535,0.11377356,1.0833687,2.4361289
IMU,248770281606767,-2.2731814,5.5896335,7.2215385,-2.534204,7.332664,5.9983535,0.108886644,1.0711514,2.4422374
IMU,248770283814892,-2.2779672,5.584848,7.23111,-2.4765015,7.364934,5.982899,0.102778,1.0625993,2.4507895
IMU,248770286023069,-2.254039,5.56092,7.216753,-2.4765015,7.364934,5.982899,0.10766492,1.0625993,2.4593415
IMU,248770288231194,-2.2348964,5.56092,7.216753,-2.4173849,7.396615,5.9679756,0.10766492,1.0613775,2.4678936
IMU,248770290439371,-2.1966112,5.5704913,7.245467,-2.4173849,7.396615,5.9679756,0.10766492,1.0625993,2.4788892
IMU,248770292647496,-2.1391835,5.5896335,7.259824,-2.4173849,7.396615,5.9679756,0.110108376,1.0650427,2.4911065
IMU,248770294855673,-2.0817556,5.613562,7.2693954,-2.3569531,7.4278746,5.953304,0.11377356,1.0650427,2.4996586
IMU,248770297063798,-2.0291135,5.6279187,7.2502527,-2.3569531,7.4278746,5.953304,0.11866048,1.0699297,2.5094326
IMU,248770299271975,-1.9573289,5.6327047,7.23111,-2.3569531,7.4278746,5.953304,0.11866048,1.0699297,2.5094326
IMU,248770301480152,-1.8999012,5.6709895,7.245467,-2.295293,7.458912,5.938573,0.13820815,1.0784818,2.5265367
IMU,248770303688277,-1.8185452,5.666204,7.240681,-2.2326431,7.4900284,5.923273,0.15042545,1.0845904,2.5338671
IMU,248770305896402,-1.7563318,5.6614184,7.23111,-2.2326431,7.4900284,5.923273,0.15775582,1.0858121,2.5411975
IMU,248770308104579,-1.713261,5.6614184,7.207182,-2.1690753,7.521232,5.9073324,0.17119485,1.0931425,2.548528
IMU,248770310312756,-1.6510476,5.6327047,7.1880393,-2.1690753,7.521232,5.9073324,0.18219042,1.0992512,2.5546365
IMU,248770312520881,-1.6271194,5.5944195,7.1880393,-2.1690753,7.521232,5.9073324,0.19562945,1.1102468,2.5595233
IMU,248770314729058,-1.5888343,5.5944195,7.1688967,-2.1049395,7.5525436,5.89056,0.20540328,1.1200206,2.5644104
IMU,248770316937183,-1.550549,5.5944195,7.1066833,-2.1049395,7.5525436,5.89056,0.21762058,1.1310161,2.570519
IMU,248770319145360,-1.4979069,5.584848,7.082755,-2.0405312,7.5839195,5.8728857,0.2310596,1.14079,2.5766277
IMU,248770321353485,-1.4500505,5.5657053,7.0540414,-2.0405312,7.5839195,5.8728857,0.2310596,1.14079,2.5766277
IMU,248770323561663,-1.3830515,5.5896335,7.001399,-1.9757664,7.615387,5.8542814,0.25305074,1.1578941,2.5815146
IMU,248770325769788,-1.3208381,5.6039906,6.9391856,-1.9757664,7.615387,5.8542814,0.25793764,1.1603377,2.5827363
IMU,248770327977965,-1.2442678,5.613562,6.8913293,-1.9106586,7.6467104,5.835031,0.27137667,1.167668,2.5864015
IMU,248770330186090,-1.1964114,5.623133,6.795616,-1.9106586,7.6467104,5.835031,0.27748534,1.1713332,2.588845
IMU,248770332394267,-1.134198,5.651847,6.728617,-1.9106586,7.6467104,5.835031,0.28115052,1.167668,2.5876231
IMU,248770334602444,-1.0719845,5.656633,6.680761,-1.8449768,7.6777854,5.8153305,0.28725916,1.1652246,2.588845
IMU,248770336810569,-1.0241281,5.656633,6.5850477,-1.8449768,7.6777854,5.8153305,0.2921461,1.1615593,2.5876231
IMU,248770339018746,-0.9619147,5.6470613,6.5228343,-1.7784979,7.708401,5.795506,0.297033,1.1566725,2.588845
IMU,248770341226871,-0.9092726,5.6709895,6.4462643,-1.7784979,7.708401,5.795506,0.297033,1.1456769,2.5900667
IMU,248770343435048,-0.81834537,5.656633,6.407979,-1.7109237,7.738397,5.7758403,0.29947644,1.135903,2.5876231
IMU,248770345643173,-0.7322037,5.704489,6.364908,-1.7109237,7.738397,5.7758403,0.29947644,1.1261293,2.5864015
IMU,248770347851350,-0.6412765,5.709275,6.3314085,-1.6421461,7.767615,5.756553,0.3019199,1.1139119,2.5851798
IMU,248770350059475,-0.5312066,5.7284174,6.302695,-1.6421461,7.767615,5.756553,0.297033,1.1004729,2.5851798
IMU,248770352267652,-0.41635114,5.74756,6.2979093,-1.6421461,7.767615,5.756553,0.29825473,1.0894773,2.5815146
IMU,248770354475777,-0.28713873,5.7667027,6.2787666,-1.5719954,7.7958484,5.7379403,0.29581127,1.0784818,2.580293
IMU,248770356683954,-0.17706887,5.7858453,6.250053,-1.5719954,7.7958484,5.7379403,0.2933678,1.0650427,2.5754058
IMU,248770358892131,-0.062213387,5.7762737,6.2213387,-1.5006244,7.823011,5.720054,0.28725916,1.0540472,2.5741842
IMU,248770361100256,0.047856454,5.7667027,6.216553,-1.5006244,7.823011,5.720054,0.28237224,1.0418298,2.5717406
IMU,248770363308433,0.148355,5.7667027,6.216553,-1.4280927,7.8488846,5.703153,0.27748534,1.0332778,2.5680754
IMU,248770365516558,0.2536392,5.7427745,6.2261243,-1.4280927,7.8488846,5.703153,0.27748534,1.0332778,2.5680754
IMU,248770367724735,0.3589234,5.723632,6.2309103,-1.4280927,7.8488846,5.703153,0.27137667,1.0112866,2.5607452
IMU,248770369932860,0.47856453,5.7140603,6.235696,-1.3545755,7.8734603,5.68719,0.2640463,0.99906933,2.5546365
IMU,248770372141038,0.6029913,5.723632,6.2261243,-1.3545755,7.8734603,5.68719,0.26282457,0.98685205,2.547306
IMU,248770374349163,0.7178468,5.7379885,6.2213387,-1.2802035,7.8967047,5.67217,0.25793764,0.97463477,2.5411975
IMU,248770376557340,0.85184485,5.7284174,6.216553,-1.2802035,7.8967047,5.67217,0.2591594,0.959974,2.5289803
IMU,248770378765465,0.9667004,5.7667027,6.2117677,-1.2052143,7.918748,5.6578507,0.25793764,0.946535,2.5130978
IMU,248770380973642,1.0911272,5.7667027,6.202196,-1.2052143,7.918748,5.6578507,0.26160285,0.93309593,2.4996586
IMU,248770383181767,1.1964114,5.7523456,6.1639113,-1.1300837,7.939741,5.6439185,0.26160285,0.93309593,2.4996586
IMU,248770385389944,1.2921243,5.7810597,6.125626,-1.1300837,7.939741,5.6439185,0.2689332,0.9098831,2.461785
IMU,248770387598069,1.3591232,5.7762737,6.053841,-1.1300837,7.939741,5.6439185,0.2677115,0.8988875,2.443459
IMU,248770389806246,1.4213367,5.757131,6.005985,-1.0554215,7.9597907,5.6301155,0.27015495,0.89033544,2.4226897
IMU,248770392014423,1.4931214,5.7523456,5.9724855,-1.0554215,7.9597907,5.6301155,0.2689332,0.8793399,2.4006987
IMU,248770394222548,1.579263,5.733203,5.9437714,-0.9815846,7.978748,5.616625,0.2689332,0.87200946,2.381151
IMU,248770396430725,1.6462619,5.7523456,5.8911295,-0.9815846,7.978748,5.616625,0.2677115,0.8634574,2.3591597
IMU,248770398638850,1.7036897,5.790631,5.852844,-0.9815846,7.978748,5.616625,0.2677115,0.8634574,2.3591597
IMU,248770400847027,1.7946169,5.8337016,5.8480587,-0.90874916,7.9965353,5.60357,0.26526803,0.8463532,2.309069
IMU,248770403055152,1.8664017,5.871987,5.8097734,-0.8372241,8.0131855,5.5909133,0.26282457,0.83780104,2.2834125
IMU,248770405263277,1.9381863,5.910272,5.7810597,-0.8372241,8.0131855,5.5909133,0.2591594,0.82924896,2.2577562
IMU,248770407471454,2.0051854,5.9724855,5.7667027,-0.8372241,8.0131855,5.5909133,0.2591594,0.82558376,2.2333217
IMU,248770409679631,2.0673988,5.9964137,5.757131,-0.76715875,8.02869,5.5787086,0.25671592,0.82069683,2.2076652
IMU,248770411887808,2.0865414,6.029913,5.7379885,-0.76715875,8.02869,5.5787086,0.25427246,0.82191855,2.1795654
IMU,248770414095933,2.120041,6.0634127,5.723632,-0.6990115,8.043091,5.566907,0.25060728,0.82558376,2.1563528
IMU,248770416304110,2.1343977,6.087341,5.7427745,-0.6990115,8.043091,5.566907,0.24449863,0.8316924,2.136805
IMU,248770418512235,2.158326,6.1064835,5.7379885,-0.6990115,8.043091,5.566907,0.24449863,0.8316924,2.136805
IMU,248770420720413,2.158326,6.1208405,5.7284174,-0.6329937,8.056321,5.555662,0.23350306,0.8475749,2.1001532
IMU,248770422928538,2.1822543,6.1495543,5.74756,-0.5689543,8.0683365,5.545144,0.22739442,0.85612696,2.0830488
IMU,248770425136715,2.2061825,6.1878395,5.7954164,-0.5689543,8.0683365,5.545144,0.22617269,0.8683443,2.0683882
IMU,248770427344840,2.2205393,6.202196,5.8193445,-0.5689543,8.0683365,5.545144,0.22250749,0.8781181,2.0573926
IMU,248770429553017,2.239682,6.235696,5.8863435,-0.5067241,8.079353,5.535131,0.22250749,0.8927789,2.0476186
IMU,248770431761194,2.239682,6.245267,5.9581285,-0.5067241,8.079353,5.535131,0.22128576,0.9098831,2.0390666
IMU,248770433969319,2.2731814,6.2644095,6.0490556,-0.5067241,8.079353,5.535131,0.22128576,0.9098831,2.0390666
IMU,248770436177496,2.2971098,6.259624,6.135197,-0.44617182,8.08953,5.5254703,0.22617269,0.9587523,2.023184
IMU,248770438385621,2.3353949,6.2644095,6.202196,-0.38773397,8.099074,5.51589,0.2310596,0.991739,2.015854
IMU,248770440593798,2.3449662,6.259624,6.2979093,-0.38773397,8.099074,5.51589,0.23838998,1.0271691,2.0109668
IMU,248770442801923,2.3353949,6.216553,6.4175506,-0.33194655,8.108271,5.506009,0.24694209,1.068708,2.0036364
IMU,248770445010152,2.3018954,6.1447687,6.5659056,-0.33194655,8.108271,5.506009,0.2591594,1.1151336,1.9963061
IMU,248770447218225,2.2492533,6.068198,6.704689,-0.33194655,8.108271,5.506009,0.27015495,1.167668,1.9938626
IMU,248770449426402,2.2444677,6.005985,6.862615,-0.2796201,8.11734,5.4955425,0.28725916,1.2287545,1.9914192
IMU,248770451634527,2.2205393,5.9916277,7.0205417,-0.2796201,8.11734,5.4955425,0.30680683,1.2947279,1.9901974
IMU,248770453842704,2.2348964,5.9916277,7.149754,-0.2796201,8.11734,5.4955425,0.32879797,1.36681,1.9926409
IMU,248770456050881,2.201397,5.9964137,7.283752,-0.23124255,8.1266985,5.4839473,0.35689774,1.4462224,1.9963061
IMU,248770458259006,2.158326,5.9724855,7.389036,-0.23124255,8.1266985,5.4839473,0.3837758,1.5280782,2.001193
IMU,248770460467183,2.172683,6.0011992,7.5086775,-0.1872007,8.136923,5.470449,0.41431904,1.6135993,2.0085235
IMU,248770462675308,2.2348964,6.0825553,7.556534,-0.1872007,8.136923,5.470449,0.44730574,1.700342,2.0195189
IMU,248770464883485,2.306681,6.206982,7.6331043,-0.1475327,8.148441,5.454498,0.48884454,1.7895284,2.0305145
IMU,248770467091610,2.4071796,6.3074803,7.7001033,-0.1475327,8.148441,5.454498,0.48884454,1.7895284,2.0305145
IMU,248770469299788,2.4598217,6.3696938,7.752745,-0.1475327,8.148441,5.454498,0.5719221,1.963014,2.0476186
IMU,248770471507913,2.507678,6.4175506,7.743174,-0.11189812,8.16194,5.435127,0.6183479,2.0473132,2.0573926
IMU,248770473716090,2.5459633,6.4558353,7.7479596,-0.11189812,8.16194,5.435127,0.66110843,2.125504,2.0683882
IMU,248770475924215,2.5698915,6.4606214,7.757531,-0.08014558,8.177729,5.4119043,0.70875585,2.202473,2.0818272
IMU,248770478132392,2.565106,6.4558353,7.7623167,-0.05154907,8.195888,5.3847156,0.8016073,2.3515239,2.10504
IMU,248770480340517,2.536392,6.431907,7.757531,-0.05154907,8.195888,5.3847156,0.8016073,2.3515239,2.10504
IMU,248770482548694,2.4885356,6.3696938,7.771888,-0.05154907,8.195888,5.3847156,0.8016073,2.3515239,2.10504
IMU,248770484756871,2.4358935,6.302695,7.7383885,-0.05154907,8.195888,5.3847156,0.8455896,2.4297147,2.1209226
IMU,248770486964996,2.4454648,6.2883377,7.728817,-0.025926808,8.216443,5.353484,0.9274455,2.5836525,2.1539092
IMU,248770489173173,2.5411777,6.3888364,7.800602,-0.002891749,8.239055,5.3186803,0.9665408,2.6569564,2.1697917
IMU,248770491381298,2.684747,6.5515485,7.838887,0.017664649,8.263566,5.2804875,1.074053,2.8634286,2.16857
IMU,248770493589475,2.7756743,6.6711893,7.7814593,0.017664649,8.263566,5.2804875,1.074053,2.8634286,2.16857
IMU,248770495797600,2.8378878,6.771688,7.6666036,0.017664649,8.263566,5.2804875,1.074053,2.8634286,2.16857
IMU,248770498005777,2.8522446,6.8339014,7.5469627,0.03490624,8.2899275,5.238919,1.1058179,2.9171848,2.1551309
IMU,248770500213850,2.8283165,6.8865438,7.408179,0.03490624,8.2899275,5.238919,1.1351395,2.9648323,2.1380267
IMU,248770502422079,2.7900312,6.920043,7.2263246,0.03490624,8.2899275,5.238919,1.159574,3.0014842,2.1197007
IMU,248770504630256,2.7326035,6.9535427,7.0540414,0.048762534,8.31779,5.1944575,1.1803435,3.0271404,2.1013749
IMU,248770506838381,2.656033,7.001399,6.8817577,0.048762534,8.31779,5.1944575,1.1974477,3.0442445,2.0806055
IMU,248770509046558,2.5986054,7.025327,6.7094746,0.06021115,8.3466425,5.1478477,1.209665,3.0503533,2.0586143
IMU,248770511254683,2.4933212,7.0540414,6.5276203,0.06021115,8.3466425,5.1478477,1.2218822,3.0491316,2.0366232
IMU,248770513462860,2.4119651,7.0779696,6.364908,0.07029827,8.375975,5.099853,1.2218822,3.0344708,2.0170755
IMU,248770515670985,2.3306093,7.1066833,6.1639113,0.08037185,8.405076,5.051595,1.1950042,2.952615,1.9694281
IMU,248770517879163,2.2301106,7.1449685,5.953343,0.08037185,8.405076,5.051595,1.1950042,2.952615,1.9694281
IMU,248770520087288,2.143969,7.183254,5.7954164,0.08037185,8.405076,5.051595,1.1950042,2.952615,1.9694281
IMU,248770522295465,2.0482562,7.2215385,5.6039906,0.08037185,8.405076,5.051595,1.1766783,2.9098544,1.955989
IMU,248770524503590,1.9573289,7.259824,5.4125648,0.106434256,8.459451,4.9595127,1.0801617,2.726595,1.9339979
IMU,248770526711767,1.8376877,7.288538,5.221139,0.106434256,8.459451,4.9595127,1.0801617,2.726595,1.9339979
IMU,248770528919944,1.7324036,7.3028946,5.0679984,0.106434256,8.459451,4.9595127,1.0801617,2.726595,1.9339979
IMU,248770531128069,1.6223338,7.2933235,4.895715,0.106434256,8.459451,4.9595127,1.0398445,2.6471825,1.929111
IMU,248770533336246,1.4787644,7.283752,4.723432,0.12510036,8.483416,4.917965,0.9946406,2.5665483,1.9327762
IMU,248770535544371,1.3351951,7.2502527,4.5894337,0.12510036,8.483416,4.917965,0.9408845,2.4773622,1.9364413
IMU,248770537752548,1.2442678,7.207182,4.493721,0.12510036,8.483416,4.917965,0.88712835,2.386954,1.9449935
IMU,248770539960673,1.2107682,7.2358956,4.4171505,0.14928964,8.504315,4.8810573,0.8260419,2.2953243,1.9572108
IMU,248770542168850,1.1772687,7.2933235,4.3836513,0.14928964,8.504315,4.8810573,0.7673989,2.2049165,1.9669846
IMU,248770544377027,1.2059826,7.350751,4.345366,0.17990373,8.521617,4.849748,0.70509064,2.1132867,1.9755367
IMU,248770546585152,1.2777673,7.422536,4.2592244,0.17990373,8.521617,4.849748,0.6366738,2.0192134,1.9865322
IMU,248770548793329,1.3543376,7.503892,4.2448673,0.21698849,8.535074,4.8245006,0.57680905,1.9239186,1.9926409
IMU,248770551001454,1.4883357,7.6139617,4.254439,0.21698849,8.535074,4.8245006,0.5157226,1.827402,1.9950844
IMU,248770553209631,1.6223338,7.7096744,4.3262234,0.2603273,8.544725,4.805234,0.45341438,1.7284418,1.9963061
IMU,248770555417756,1.7659031,7.8197446,4.3740797,0.2603273,8.544725,4.805234,0.39721483,1.6319252,1.9901974
IMU,248770557625933,2.0003998,7.9680996,4.3932223,0.2603273,8.544725,4.805234,0.34101525,1.5341868,1.9779801
IMU,248770559834058,2.2731814,8.130812,4.436293,0.30906683,8.550739,4.79163,0.29458955,1.438892,1.9620976
IMU,248770562042235,2.4646072,8.23131,4.493721,0.30906683,8.550739,4.79163,0.25305074,1.3448188,1.9364413
IMU,248770564250413,2.5746772,8.288737,4.5798626,0.3618742,8.553747,4.7825565,0.20784675,1.2483022,1.9034547
IMU,248770566458538,2.6991038,8.312666,4.6803613,0.3618742,8.553747,4.7825565,0.16752967,1.1554507,1.8680245
IMU,248770568666715,2.7756743,8.336594,4.7282176,0.41690296,8.55402,4.777587,0.13087778,1.0662645,1.8301508
IMU,248770570874840,2.8378878,8.34138,4.7569313,0.41690296,8.55402,4.777587,0.09666935,0.9782999,1.7886121
IMU,248770573083017,2.861816,8.3174515,4.7856455,0.41690296,8.55402,4.777587,0.056352276,0.88789195,1.7470733
IMU,248770575291142,2.8378878,8.250452,4.867001,0.47305924,8.5519085,4.776136,0.024587307,0.80725783,1.7006476
IMU,248770577499319,2.7852457,8.178668,4.962714,0.47305924,8.5519085,4.776136,-0.0035124724,0.733954,1.6566653
IMU,248770579707444,2.713461,8.087741,5.0536413,0.5292298,8.547635,4.777891,-0.03527744,0.66309375,1.6139047
IMU,248770581915621,2.6081767,8.001599,5.1876397,0.5292298,8.547635,4.777891,-0.06704241,0.5995638,1.5735877
IMU,248770584123798,2.5028925,7.8963146,5.2929235,0.58464926,8.541355,4.78266,-0.089033544,0.54825115,1.5320488
IMU,248770586331923,2.3976083,7.800602,5.3790655,0.58464926,8.541355,4.78266,-0.1122464,0.49938196,1.500284
IMU,248770588540100,2.3018954,7.7096744,5.460421,0.6389246,8.533413,4.789887,-0.13423753,0.4553997,1.4709624
IMU,248770590748277,2.2492533,7.6426754,5.5513487,0.6389246,8.533413,4.789887,-0.15500695,0.41752607,1.4440843
IMU,248770592956402,2.239682,7.5900335,5.6279187,0.6923859,8.524047,4.7991266,-0.16844596,0.38453937,1.4208715
IMU,248770595164527,2.2301106,7.594819,5.7427745,0.6923859,8.524047,4.7991266,-0.18555018,0.3515527,1.4013238
IMU,248770597372785,2.254039,7.580462,5.8337016,0.6923859,8.524047,4.7991266,-0.1904371,0.32589635,1.3829979
IMU,248770599581118,2.268396,7.5756764,5.905486,0.74539804,8.513618,4.809685,-0.19532402,0.30146176,1.3658936
IMU,248770601789295,2.2827528,7.585248,5.986842,0.74539804,8.513618,4.809685,-0.20143266,0.27214026,1.3487895
IMU,248770603997472,2.2971098,7.570891,6.04427,0.74539804,8.513618,4.809685,-0.19532402,0.2525926,1.332907
IMU,248770606205597,2.3162522,7.570891,6.111269,0.7980253,8.502639,4.82065,-0.18799363,0.23304491,1.3170245
IMU,248770608413774,2.306681,7.5661054,6.1495543,0.85025996,8.491555,4.8312454,-0.18921536,0.20494513,1.3048072
IMU,248770610621899,2.3162522,7.5517483,6.1878395,0.85025996,8.491555,4.8312454,-0.17333288,0.18906265,1.2889247
IMU,248770612830077,2.3162522,7.5661054,6.2213387,0.90201336,8.4808035,4.8407364,-0.15500695,0.1744019,1.274264
IMU,248770615038202,2.306681,7.5326056,6.2404814,0.90201336,8.4808035,4.8407364,-0.14401138,0.15607595,1.2608249
IMU,248770617246379,2.2875385,7.513463,6.283552,0.90201336,8.4808035,4.8407364,-0.12935062,0.13652828,1.2486076
IMU,248770619454504,2.292324,7.489535,6.2787666,0.95327365,8.470599,4.8487725,-0.10613775,0.12553272,1.237612
IMU,248770621662681,2.3114667,7.460821,6.3122663,0.95327365,8.470599,4.8487725,-0.08781181,0.11453715,1.2266165
IMU,248770623870806,2.3162522,7.4512496,6.350551,1.0040119,8.461245,4.8548627,-0.06704241,0.10720677,1.2156209
IMU,248770626078983,2.3162522,7.4512496,6.355337,1.0040119,8.461245,4.8548627,-0.047494736,0.10354158,1.2034036
IMU,248770628287160,2.3545375,7.4512496,6.355337,1.0538625,8.452778,4.859045,-0.026725333,0.10231985,1.1924081
IMU,248770630495285,2.3688943,7.456035,6.326623,1.0538625,8.452778,4.859045,-0.007177661,0.10354158,1.1826342
IMU,248770632703462,2.3832514,7.479964,6.3122663,1.0538625,8.452778,4.859045,0.01725693,0.1084285,1.170417
IMU,248770634911587,2.4023938,7.479964,6.2979093,1.102566,8.4453125,4.861216,0.034361143,0.110871956,1.1594213
IMU,248770637119764,2.4358935,7.499106,6.302695,1.102566,8.4453125,4.861216,0.055130545,0.116980605,1.147204
IMU,248770639327941,2.4598217,7.479964,6.2979093,1.1499043,8.438822,4.8615217,0.07467822,0.12186752,1.1374302
IMU,248770641536066,2.469393,7.4943204,6.2931237,1.1499043,8.438822,4.8615217,0.09666935,0.13286309,1.1264347
IMU,248770643744243,2.4789643,7.470392,6.2787666,1.1957462,8.433317,4.860014,0.11377356,0.14263692,1.1142174
IMU,248770645952368,2.507678,7.470392,6.259624,1.1957462,8.433317,4.860014,0.13209951,0.15607595,1.1032218
IMU,248770648160545,2.5411777,7.4512496,6.250053,1.2398156,8.428765,4.8568673,0.15409064,0.17195843,1.0934479
IMU,248770650368670,2.5603201,7.4273214,6.216553,1.2398156,8.428765,4.8568673,0.17241658,0.18417573,1.0824524
IMU,248770652576899,2.5794628,7.4033933,6.206982,1.2398156,8.428765,4.8568673,0.19196425,0.19639303,1.0726786
IMU,248770654785024,2.6368906,7.408179,6.1830535,1.2821685,8.425198,4.8520603,0.21151192,0.20861033,1.0616829
IMU,248770656993149,2.6751757,7.389036,6.135197,1.2821685,8.425198,4.8520603,0.22983788,0.21716243,1.0506874
IMU,248770659201274,2.713461,7.3842506,6.0921264,1.322984,8.422607,4.8455954,0.24694209,0.22571453,1.043357
IMU,248770661409452,2.7756743,7.379465,6.053841,1.322984,8.422607,4.8455954,0.2689332,0.23548837,1.0335832
IMU,248770663617629,2.7996025,7.393822,6.0155563,1.3625145,8.421016,4.8374014,0.28725916,0.2403753,1.0213659
IMU,248770665825754,2.8378878,7.393822,5.9820566,1.3625145,8.421016,4.8374014,0.3092503,0.24404047,1.0091486
IMU,248770668033931,2.8809586,7.389036,5.9437714,1.4007016,8.420515,4.827353,0.3263545,0.2489274,0.9969313
IMU,248770670242056,2.9383862,7.4033933,5.895915,1.4007016,8.420515,4.827353,0.33979353,0.2489274,0.9834923
IMU,248770672450233,2.9479575,7.3986077,5.8432727,1.4007016,8.420515,4.827353,0.3593412,0.2538143,0.96883154
IMU,248770674658410,2.9623144,7.379465,5.804988,1.4375525,8.420954,4.815743,0.37766716,0.2623664,0.95539254
IMU,248770676866535,2.9766715,7.4129643,5.723632,1.4375525,8.420954,4.815743,0.38988444,0.26603162,0.94073176
IMU,248770679074712,2.9862428,7.408179,5.6374903,1.4727585,8.422372,4.802605,0.40332347,0.2696968,0.926071
IMU,248770681282837,3.010171,7.422536,5.556134,1.4727585,8.422372,4.802605,0.41554075,0.27091852,0.90774506
IMU,248770683491014,3.0388846,7.432107,5.503492,1.5063227,8.424642,4.7881923,0.42653632,0.27214026,0.89064085
IMU,248770685699139,3.0675986,7.4177504,5.4317074,1.5063227,8.424642,4.7881923,0.43997535,0.27336198,0.87231493
IMU,248770687907316,3.101098,7.422536,5.3072805,1.5383008,8.427721,4.772581,0.44730574,0.26725334,0.85521066
IMU,248770690115493,3.1202407,7.422536,5.211568,1.5383008,8.427721,4.772581,0.45463613,0.2623664,0.835663
IMU,248770692323618,3.1776686,7.4273214,5.1589255,1.5383008,8.427721,4.772581,0.45585784,0.2525926,0.8148936
IMU,248770694531795,3.182454,7.4129643,5.0919266,1.568872,8.431389,4.7561226,0.46318823,0.24404047,0.79168075
IMU,248770696739920,3.2159536,7.4177504,5.029713,1.568872,8.431389,4.7561226,0.46440995,0.23182319,0.7696896
IMU,248770698948097,3.225525,7.4273214,4.9722853,1.5979131,8.435577,4.7389975,0.4705186,0.22082762,0.7440333
IMU,248770701156222,3.225525,7.4177504,4.895715,1.5979131,8.435577,4.7389975,0.4705186,0.20861033,0.7208204
IMU,248770703364399,3.2303107,7.4512496,4.8382874,1.6253843,8.440246,4.721308,0.47174034,0.19272783,0.6976076
IMU,248770705572524,3.211168,7.4416785,4.7712884,1.6253843,8.440246,4.721308,0.47174034,0.17928882,0.6707295
IMU,248770707780702,3.196811,7.4656067,4.7282176,1.6253843,8.440246,4.721308,0.4705186,0.1621846,0.64385146
IMU,248770709988879,3.1633115,7.460821,4.685147,1.651198,8.445327,4.7032323,0.46440995,0.14630212,0.6206386
IMU,248770712197004,3.1250265,7.470392,4.6372905,1.6755435,8.450549,4.6852064,0.45707956,0.11453715,0.57665634
IMU,248770714405181,3.0723844,7.475178,4.5798626,1.6755435,8.450549,4.6852064,0.45097092,0.09376775,0.5558869
IMU,248770716613306,3.0436704,7.456035,4.5272202,1.6755435,8.450549,4.6852064,0.45097092,0.09376775,0.5558869
IMU,248770718821483,2.9862428,7.470392,4.4745784,1.6986587,8.455903,4.6671896,0.44364056,0.07422007,0.53511757
IMU,248770721029608,2.952743,7.4847493,4.4075794,1.6986587,8.455903,4.6671896,0.43997535,0.054672398,0.5192351
IMU,248770723237785,2.9383862,7.52782,4.3740797,1.7209798,8.461311,4.6491747,0.43631017,0.032681264,0.50213087
IMU,248770725445962,2.9431717,7.5900335,4.359723,1.7209798,8.461311,4.6491747,0.43142325,0.011911863,0.48258317
IMU,248770727654087,2.9479575,7.6426754,4.3501515,1.7209798,8.461311,4.6491747,0.42653632,-0.00641408,0.4667007
IMU,248770729862264,2.9718857,7.7001033,4.3357944,1.7426296,8.466798,4.6310883,0.42409286,-0.023518294,0.44715303
IMU,248770732070389,2.9766715,7.728817,4.302295,1.7426296,8.466798,4.6310883,0.41920596,-0.041844238,0.4263836
IMU,248770734278566,2.9910283,7.7671022,4.2352962,1.7633672,8.472427,4.6129036,0.41798422,-0.055283263,0.40561423
IMU,248770736486743,3.0149565,7.800602,4.2017965,1.7633672,8.472427,4.6129036,0.41798422,-0.06994402,0.38240135
IMU,248770738694868,3.0197423,7.82453,4.1347976,1.7828411,8.478397,4.5944147,0.4167625,-0.0858265,0.36163196
IMU,248770740903045,3.07717,7.834101,4.125226,1.7828411,8.478397,4.5944147,0.41431904,-0.09926552,0.34086254
IMU,248770743111170,3.0963125,7.867601,4.139583,1.801152,8.484618,4.5757504,0.4082104,-0.1188132,0.32009315
IMU,248770745319347,3.101098,7.853244,4.1635113,1.801152,8.484618,4.5757504,0.4082104,-0.12858704,0.29810202
IMU,248770747527472,3.0675986,7.8293157,4.182654,1.801152,8.484618,4.5757504,0.41065386,-0.13225223,0.27488914
IMU,248770749735649,3.048456,7.795816,4.1635113,1.8179327,8.491128,4.5570006,0.41187558,-0.13836087,0.25534147
IMU,248770751943827,2.9910283,7.757531,4.0965123,1.8179327,8.491128,4.5570006,0.4094321,-0.1432478,0.2357938
IMU,248770754151952,2.914458,7.7144604,4.0151563,1.8329555,8.497996,4.5381384,0.4045452,-0.14935644,0.21868959
IMU,248770756360129,2.861816,7.6570325,3.9577286,1.8329555,8.497996,4.5381384,0.40088,-0.15424335,0.20158538
IMU,248770758568254,2.833102,7.623533,3.9290147,1.8464324,8.505042,4.5194383,0.3996583,-0.15424335,0.18814635
IMU,248770760776431,2.78046,7.609176,3.885944,1.8464324,8.505042,4.5194383,0.39721483,-0.15546508,0.17348559
IMU,248770762984556,2.7469604,7.570891,3.8380876,1.8585837,8.512111,4.501114,0.38133234,-0.16157374,0.16249003
IMU,248770765192733,2.713461,7.5613194,3.7950168,1.8585837,8.512111,4.501114,0.3752237,-0.15913028,0.15149446
IMU,248770767400910,2.6991038,7.570891,3.7950168,1.8585837,8.512111,4.501114,0.3666716,-0.15668681,0.14172062
IMU,248770769609035,2.656033,7.585248,3.7806597,1.8695819,8.518949,4.4835887,0.36056295,-0.15302163,0.13072506
IMU,248770771817212,2.6129622,7.580462,3.7663028,1.8695819,8.518949,4.4835887,0.35323256,-0.15057817,0.12095123
IMU,248770774025337,2.5794628,7.594819,3.7758741,1.8793526,8.5255995,4.4668317,0.34101525,-0.14691298,0.11484258
IMU,248770776233514,2.5172493,7.5996046,3.7854455,1.8793526,8.5255995,4.4668317,0.3349066,-0.14202607,0.106290475
IMU,248770778441639,2.4646072,7.609176,3.7615173,1.8880076,8.531972,4.4509864,0.32879797,-0.13469568,0.098960094
IMU,248770780649816,2.4119651,7.618747,3.7615173,1.8880076,8.531972,4.4509864,0.32268932,-0.12980877,0.092851445
IMU,248770782857993,2.3832514,7.647461,3.7280176,1.8956199,8.538169,4.435841,0.31535894,-0.12614357,0.08796453
IMU,248770785066118,2.3401806,7.661818,3.7040894,1.8956199,8.538169,4.435841,0.310472,-0.120034926,0.08552107
IMU,248770787274295,2.3018954,7.6809607,3.6753755,1.8956199,8.538169,4.435841,0.30680683,-0.1188132,0.08185588
IMU,248770789482420,2.2636101,7.7096744,3.6610186,1.9025775,8.544216,4.421193,0.30680683,-0.1188132,0.07941242
IMU,248770791690597,2.239682,7.7383885,3.6323047,1.9025775,8.544216,4.421193,0.30436337,-0.12125666,0.07941242
IMU,248770793898722,2.201397,7.7240314,3.6275191,1.9092901,8.550214,4.4066834,0.29825473,-0.120034926,0.080634154
IMU,248770796106899,2.172683,7.7623167,3.6275191,1.9092901,8.550214,4.4066834,0.2933678,-0.120034926,0.080634154
IMU,248770798315077,2.1343977,7.757531,3.6227336,1.9158922,8.55598,4.392601,0.2921461,-0.11270455,0.08185588
IMU,248770800523202,2.0961127,7.7671022,3.6083765,1.9158922,8.55598,4.392601,0.28970262,-0.107817635,0.08552107
IMU,248770802731379,2.091327,7.7814593,3.5988052,1.9158922,8.55598,4.392601,0.28115052,-0.100487255,0.08918626
IMU,248770804939504,2.0865414,7.7910304,3.6083765,1.9223727,8.561508,4.3789787,0.27748534,-0.09071342,0.092851445
IMU,248770807147681,2.0961127,7.838887,3.5844483,1.9223727,8.561508,4.3789787,0.27137667,-0.083383046,0.100181825
IMU,248770809355858,2.105684,7.881958,3.5796626,1.9288453,8.566655,4.366048,0.26526803,-0.07238748,0.10384701
IMU,248770811563983,2.1296122,7.920243,3.5700915,1.9288453,8.566655,4.366048,0.2591594,-0.062613636,0.10873393
IMU,248770813772160,2.143969,7.9346,3.5605202,1.9353327,8.571395,4.3538566,0.25305074,-0.052839804,0.11484258
IMU,248770815980285,2.1631117,7.9393854,3.5653057,1.9353327,8.571395,4.3538566,0.24572036,-0.043065965,0.12217296
IMU,248770818188462,2.2157538,7.9537425,3.5653057,1.9419849,8.575661,4.342479,0.24083345,-0.03084867,0.12828161
IMU,248770820396587,2.2444677,7.9920278,3.5605202,1.9419849,8.575661,4.342479,0.23472479,-0.019853106,0.13439025
IMU,248770822604712,2.292324,8.01117,3.5509489,1.9419849,8.575661,4.342479,0.22495095,-0.013744458,0.13805544
IMU,248770824812941,2.3401806,8.035098,3.5509489,1.9487766,8.579449,4.3319426,0.21517712,-0.00641408,0.14416409
IMU,248770827021066,2.3928227,8.068598,3.5605202,1.9487766,8.579449,4.3319426,0.20906848,0.0021380268,0.15027274
IMU,248770829229243,2.4454648,8.087741,3.574877,1.9558691,8.582649,4.322395,0.19685118,0.0033597562,0.15515965
IMU,248770831437368,2.498107,8.145168,3.6083765,1.9558691,8.582649,4.322395,0.18952079,0.008246674,0.16126831
IMU,248770833645545,2.5746772,8.1738825,3.641876,1.9633943,8.585279,4.3137507,0.18707734,0.015577052,0.16615522
IMU,248770835853670,2.6464617,8.23131,3.7088752,1.9633943,8.585279,4.3137507,0.17852524,0.02046397,0.16859868
IMU,248770838061847,2.6991038,8.298309,3.723232,1.9711013,8.587504,4.3058004,0.17608178,0.029016078,0.17104214
IMU,248770840270024,2.7708886,8.355737,3.751946,1.9711013,8.587504,4.3058004,0.17119485,0.032681264,0.17226386
IMU,248770842478149,2.8235307,8.422736,3.7854455,1.9711013,8.587504,4.3058004,0.16630794,0.035124727,0.17348559
IMU,248770844686327,2.8570302,8.465807,3.8093736,1.9788436,8.589444,4.298372,0.16630794,0.04367683,0.17226386
IMU,248770846894452,2.8953154,8.532805,3.8333018,1.9788436,8.589444,4.298372,0.16264275,0.04978548,0.17104214
IMU,248770849102629,2.9096723,8.571091,3.8380876,1.9862694,8.591279,4.2912765,0.16264275,0.04978548,0.17104214
IMU,248770851310754,2.9575288,8.6141615,3.8620157,1.9862694,8.591279,4.2912765,0.1565341,0.059559315,0.16859868
IMU,248770853518931,2.9671001,8.662018,3.885944,1.9934055,8.592971,4.284575,0.15409064,0.06444623,0.16982041
IMU,248770855727108,2.981457,8.71466,3.9098723,1.9934055,8.592971,4.284575,0.15042545,0.06811142,0.17226386
IMU,248770857935233,2.9718857,8.762517,3.9242291,2.000562,8.594393,4.2783813,0.14309508,0.06811142,0.17470732
IMU,248770860143410,2.9718857,8.805588,3.9481573,2.000562,8.594393,4.2783813,0.1443168,0.07422007,0.17837252
IMU,248770862351535,2.9575288,8.834301,3.9864426,2.000562,8.594393,4.2783813,0.13820815,0.07299834,0.18448116
IMU,248770864559712,2.9671001,8.891729,3.9864426,2.0079327,8.595564,4.2725744,0.12965605,0.07299834,0.18936808
IMU,248770866767837,2.981457,8.925228,4.0295134,2.0159228,8.596259,4.2674074,0.117438756,0.07299834,0.20402883
IMU,248770868976014,2.981457,8.920443,4.024728,2.0159228,8.596259,4.2674074,0.117438756,0.07299834,0.20402883
IMU,248770871184191,2.952743,8.9348,4.072584,2.0159228,8.596259,4.2674074,0.11988221,0.07666353,0.21135922
IMU,248770873392316,2.9336007,8.925228,4.072584,2.0245843,8.596516,4.2627873,0.10522146,0.07177661,0.22235478
IMU,248770875600493,2.9336007,8.9108715,4.0869412,2.0245843,8.596516,4.2627873,0.10155627,0.07299834,0.23212862
IMU,248770877808618,2.900101,8.896515,4.1204405,2.034169,8.596204,4.258854,0.09666935,0.07422007,0.24190246
IMU,248770880016795,2.885744,8.85823,4.106084,2.034169,8.596204,4.258854,0.08933897,0.07177661,0.252898
IMU,248770882224972,2.900101,8.82473,4.101298,2.044887,8.5952,4.255745,0.07101303,0.07177661,0.27855435
IMU,248770884433097,2.8953154,8.781659,4.091727,2.044887,8.5952,4.255745,0.061239194,0.0632245,0.29077163
IMU,248770886641274,2.8953154,8.738588,4.0965123,2.044887,8.5952,4.255745,0.061239194,0.0632245,0.29077163
IMU,248770888849399,2.9048867,8.685946,4.106084,2.0569634,8.593479,4.253399,0.053908817,0.057115857,0.30298892
IMU,248770891057577,2.8953154,8.642876,4.125226,2.0569634,8.593479,4.253399,0.041691523,0.04856375,0.31520623
IMU,248770893265702,2.885744,8.580662,4.125226,2.0705922,8.590943,4.251909,0.031917684,0.038789913,0.3262018
IMU,248770895473879,2.885744,8.508878,4.139583,2.0705922,8.590943,4.251909,0.025809037,0.032681264,0.33719736
IMU,248770897682056,2.8666015,8.441878,4.1587257,2.0705922,8.590943,4.251909,0.01970039,0.02535089,0.34819293
IMU,248770899890181,2.8666015,8.370093,4.173083,2.0856514,8.587707,4.251087,0.0025961753,0.013133593,0.35796675
IMU,248770902098358,2.8187451,8.298309,4.1587257,2.0856514,8.587707,4.251087,-0.0059559317,0.004581486,0.3677406
IMU,248770904306483,2.8235307,8.236095,4.182654,2.102104,8.583621,4.251234,-0.008399391,9.162972E-4,0.3762927
IMU,248770906514660,2.7996025,8.169097,4.211368,2.102104,8.583621,4.251234,-0.015729768,-0.00763581,0.3848448
IMU,248770908722837,2.804388,8.106883,4.23051,2.119739,8.578955,4.251895,-0.024281874,-0.018631376,0.39584038
IMU,248770910930962,2.8139594,8.063812,4.2352962,2.119739,8.578955,4.251895,-0.03527744,-0.029626941,0.40439248
IMU,248770913139139,2.8474588,8.006385,4.2592244,2.1387477,8.573599,4.2531805,-0.03649917,-0.03695732,0.41172287
IMU,248770915347264,2.9048867,7.958528,4.287938,2.1387477,8.573599,4.2531805,-0.04382955,-0.05650499,0.42271844
IMU,248770917555441,2.9623144,7.9346,4.321438,2.1387477,8.573599,4.2531805,-0.046273008,-0.0650571,0.42882708
IMU,248770919763566,3.0197423,7.9154572,4.3501515,2.1593382,8.567686,4.254693,-0.046273008,-0.074830934,0.43493572
IMU,248770921971743,3.101098,7.877172,4.3836513,2.1593382,8.567686,4.254693,-0.045051277,-0.0858265,0.4422661
IMU,248770924179920,3.1633115,7.8580294,4.388437,2.1811588,8.561481,4.2560506,-0.045051277,-0.0980438,0.4459313
IMU,248770926388045,3.2350962,7.8197446,4.402794,2.1811588,8.561481,4.2560506,-0.04138609,-0.10293072,0.4508182
IMU,248770928596222,3.2925239,7.7814593,4.4171505,2.2040162,8.555133,4.257042,-0.03894263,-0.11270455,0.45326167
IMU,248770930804347,3.345166,7.757531,4.426722,2.2040162,8.555133,4.257042,-0.03405571,-0.11759147,0.4544834
IMU,248770933012524,3.4025939,7.728817,4.45065,2.227546,8.54874,4.2576356,-0.03649917,-0.1273653,0.45570514
IMU,248770935220702,3.4648073,7.690532,4.4554358,2.227546,8.54874,4.2576356,-0.030390523,-0.12614357,0.45326167
IMU,248770937428827,3.522235,7.690532,4.4889355,2.227546,8.54874,4.2576356,-0.027947064,-0.12980877,0.4508182
IMU,248770939637004,3.5796626,7.6713896,4.503292,2.2511995,8.542418,4.2578864,-0.023060145,-0.13225223,0.44470957
IMU,248770941845129,3.6370904,7.6713896,4.536792,2.2511995,8.542418,4.2578864,-0.021838415,-0.13225223,0.43737918
IMU,248770944053306,3.6897326,7.647461,4.546363,2.2744725,8.536307,4.25777,-0.013286309,-0.1310305,0.42882708
IMU,248770946261483,3.7280176,7.623533,4.5320063,2.2744725,8.536307,4.25777,-0.012064579,-0.12980877,0.4178315
IMU,248770948469608,3.7806597,7.63789,4.536792,2.2969115,8.530504,4.257355,-0.014508039,-0.13225223,0.40805766
IMU,248770950677785,3.8093736,7.628319,4.508078,2.2969115,8.530504,4.257355,-0.008399391,-0.12858704,0.39461866
IMU,248770952885910,3.842873,7.628319,4.479364,2.3182552,8.525069,4.256674,-0.0059559317,-0.12858704,0.3836231
IMU,248770955094087,3.885944,7.623533,4.4841495,2.3182552,8.525069,4.256674,-0.002290743,-0.12858704,0.37018406
IMU,248770957302212,3.8955152,7.6426754,4.493721,2.3182552,8.525069,4.256674,-0.004734202,-0.12858704,0.35796675
IMU,248770959510389,3.9194436,7.647461,4.503292,2.3384075,8.520017,4.255768,-0.0010690134,-0.12492185,0.3420843
IMU,248770961718566,3.9290147,7.652247,4.4985065,2.3384075,8.520017,4.255768,1.527162E-4,-0.12125666,0.32986698
IMU,248770963926691,3.9242291,7.661818,4.508078,2.3570538,8.515391,4.2547374,0.0074830935,-0.11270455,0.31520623
IMU,248770966134868,3.9242291,7.6713896,4.5224347,2.3570538,8.515391,4.2547374,0.009926553,-0.10415245,0.30054548
IMU,248770968342993,3.9242291,7.6570325,4.508078,2.3738894,8.511294,4.253576,0.009926553,-0.09560034,0.284663
IMU,248770970551170,3.9098723,7.6809607,4.4889355,2.3738894,8.511294,4.253576,0.012370012,-0.088269964,0.27122396
IMU,248770972759347,3.8811584,7.676175,4.493721,2.3738894,8.511294,4.253576,0.01725693,-0.08093958,0.25778493
IMU,248770974967472,3.8668015,7.685746,4.4410787,2.388927,8.5076885,4.2523694,0.025809037,-0.06994402,0.24190246
IMU,248770977175649,3.8668015,7.6953177,4.412365,2.388927,8.5076885,4.2523694,0.01970039,-0.06627883,0.2272417
IMU,248770979383774,3.8620157,7.7144604,4.331009,2.4020925,8.504691,4.2509494,0.024587307,-0.06017018,0.21258095
IMU,248770981591952,3.842873,7.7240314,4.273581,2.4020925,8.504691,4.2509494,0.029474225,-0.055283263,0.19914192
IMU,248770983800077,3.8476589,7.752745,4.220939,2.4136233,8.502261,4.249278,0.030695954,-0.052839804,0.18448116
IMU,248770986008254,3.804588,7.776674,4.1587257,2.4136233,8.502261,4.249278,0.025809037,-0.055283263,0.16982041
IMU,248770988216431,3.7758741,7.8053875,4.072584,2.4236505,8.500279,4.247535,0.025809037,-0.055283263,0.15393792
IMU,248770990424556,3.7423747,7.8293157,4.005585,2.4236505,8.500279,4.247535,0.01725693,-0.057726722,0.1404989
IMU,248770992632681,3.694518,7.853244,3.9194436,2.4236505,8.500279,4.247535,0.011148282,-0.054061532,0.12583815
IMU,248770994840910,3.6323047,7.853244,3.8524444,2.432211,8.498539,4.2461243,-0.002290743,-0.057726722,0.112399116
IMU,248770997049035,3.5796626,7.8723865,3.7663028,2.432211,8.498539,4.2461243,-0.013286309,-0.055283263,0.09651663
IMU,248770999257212,3.5030923,7.8867435,3.7040894,2.4392698,8.496774,4.2456098,-0.026725333,-0.054061532,0.08552107
IMU,248771001465337,3.4073794,7.925029,3.67059,2.4392698,8.496774,4.2456098,-0.04382955,-0.052839804,0.07574723
IMU,248771003673514,3.3403804,7.9537425,3.6179478,2.4449687,8.494701,4.2464767,-0.06704241,-0.054061532,0.06475167
IMU,248771005881639,3.249453,7.972885,3.5988052,2.4449687,8.494701,4.2464767,-0.06704241,-0.054061532,0.06475167
IMU,248771008089816,3.1680973,7.9776707,3.5700915,2.4495676,8.491992,4.249245,-0.10980295,-0.057726722,0.04886918
IMU,248771010297993,3.0819557,7.982456,3.574877,2.4495676,8.491992,4.249245,-0.13057235,-0.06017018,0.043982264
IMU,248771012506118,2.981457,7.9968133,3.574877,2.4495676,8.491992,4.249245,-0.15622866,-0.06383537,0.040317077
IMU,248771014714295,2.9096723,7.972885,3.5940197,2.4535847,8.488402,4.254096,-0.17944153,-0.06994402,0.036651887
IMU,248771016922420,2.8235307,7.987242,3.5988052,2.4535847,8.488402,4.254096,-0.19410229,-0.07116575,0.034208428
IMU,248771019130597,2.7565317,7.9680996,3.6275191,2.4573047,8.483905,4.260916,-0.21609342,-0.0772744,0.035430156
IMU,248771021338774,2.6751757,7.972885,3.67059,2.4573047,8.483905,4.260916,-0.23075417,-0.0772744,0.039095346
IMU,248771023546899,2.6464617,7.9633136,3.723232,2.4611912,8.4784565,4.269508,-0.25518876,-0.0858265,0.043982264
IMU,248771025755077,2.5746772,7.948957,3.7950168,2.4611912,8.4784565,4.269508,-0.26618433,-0.082161315,0.047647454
IMU,248771027963202,2.5220351,7.9393854,3.871587,2.4653566,8.472086,4.2797394,-0.27962336,-0.082161315,0.05131264
IMU,248771030171379,2.4885356,7.9346,3.9290147,2.4653566,8.472086,4.2797394,-0.29672757,-0.08704823,0.05742129
IMU,248771032379556,2.469393,7.9298143,4.0007997,2.4653566,8.472086,4.2797394,-0.30527967,-0.08949169,0.06352994
IMU,248771034587681,2.4454648,7.8963146,4.0534415,2.4700515,8.464825,4.2913823,-0.32238388,-0.09193515,0.07086031
IMU,248771036795858,2.4502504,7.8963146,4.130012,2.4700515,8.464825,4.2913823,-0.3260491,-0.09071342,0.07696896
IMU,248771039003983,2.4263222,7.8723865,4.206582,2.475362,8.456806,4.3041143,-0.33093598,-0.08949169,0.08185588
IMU,248771041212160,2.4263222,7.838887,4.278367,2.475362,8.456806,4.3041143,-0.3346012,-0.08460477,0.08552107
IMU,248771043420337,2.4263222,7.82453,4.3405805,2.4809315,8.448383,4.317428,-0.3346012,-0.07971785,0.09040799
IMU,248771045628462,2.4311078,7.8053875,4.3740797,2.4809315,8.448383,4.317428,-0.33337945,-0.074830934,0.09407318
IMU,248771047836639,2.4454648,7.771888,4.4841495,2.486671,8.439723,4.3310423,-0.3358229,-0.06994402,0.098960094
IMU,248771050044764,2.4598217,7.771888,4.5655055,2.486671,8.439723,4.3310423,-0.3346012,-0.062613636,0.10140356
IMU,248771052252941,2.4837499,7.7479596,4.627719,2.486671,8.439723,4.3310423,-0.33337945,-0.054061532,0.10262528
IMU,248771054461118,2.498107,7.7383885,4.699504,2.4923449,8.430882,4.344977,-0.33093598,-0.043065965,0.106290475
IMU,248771056669243,2.5268207,7.7383885,4.7569313,2.4923449,8.430882,4.344977,-0.32482734,-0.03084867,0.10506874
IMU,248771058877420,2.5603201,7.733603,4.814359,2.4976337,8.422089,4.358972,-0.31749696,-0.018631376,0.10506874
IMU,248771061085545,2.5794628,7.7479596,4.8861437,2.4976337,8.422089,4.358972,-0.3065014,-0.00641408,0.10384701
IMU,248771063293722,2.5794628,7.7479596,4.9435716,2.502315,8.413601,4.372657,-0.30405796,9.162972E-4,0.10262528
IMU,248771065501899,2.5842485,7.7383885,4.9770713,2.502315,8.413601,4.372657,-0.2942841,0.011911863,0.10140356
IMU,248771067710024,2.603391,7.733603,4.991428,2.5063372,8.405574,4.38577,-0.26374087,0.036346454,0.09529491
IMU,248771069918202,2.5938199,7.719246,5.0105705,2.5063372,8.405574,4.38577,-0.26374087,0.036346454,0.09529491
IMU,248771072126327,2.589034,7.7001033,5.015356,2.5063372,8.405574,4.38577,-0.2441932,0.04856375,0.09407318
IMU,248771074334504,2.5842485,7.6953177,5.0249276,2.5095043,8.39836,4.397763,-0.22953244,0.05589413,0.09040799
IMU,248771076542681,2.589034,7.6809607,5.029713,2.5095043,8.39836,4.397763,-0.2112065,0.066889696,0.08796453
IMU,248771078750806,2.5555346,7.6666036,5.029713,2.5119328,8.392045,4.40842,-0.19410229,0.07666353,0.086742796
IMU,248771080958983,2.536392,7.652247,5.015356,2.5119328,8.392045,4.40842,-0.17577635,0.08888082,0.08429934
IMU,248771083167160,2.536392,7.63789,5.015356,2.5119328,8.392045,4.40842,-0.17577635,0.08888082,0.08429934
IMU,248771085375285,2.507678,7.623533,5.020142,2.5135922,8.386621,4.4177856,-0.14889829,0.110871956,0.080634154
IMU,248771087583462,2.4837499,7.5996046,5.029713,2.5135922,8.386621,4.4177856,-0.13423753,0.12553272,0.080634154
IMU,248771089791587,2.4598217,7.5996046,5.0249276,2.5144594,8.381944,4.4261613,-0.1244637,0.13775001,0.07941242
IMU,248771091999764,2.4502504,7.585248,5.0536413,2.5144594,8.381944,4.4261613,-0.10980295,0.15729769,0.080634154
IMU,248771094207889,2.455036,7.5661054,5.0919266,2.514451,8.37789,4.433834,-0.09758565,0.182954,0.07941242
IMU,248771096416066,2.4454648,7.5661054,5.1254263,2.514451,8.37789,4.433834,-0.08536835,0.2037234,0.07696896
IMU,248771098624243,2.4646072,7.556534,5.1924253,2.5131588,8.374459,4.4410424,-0.07192933,0.23182319,0.07696896
IMU,248771100832368,2.469393,7.5326056,5.2259245,2.5131588,8.374459,4.4410424,-0.058490302,0.25992295,0.07574723
IMU,248771103040545,2.4646072,7.5230346,5.288138,2.5103211,8.371749,4.447751,-0.03649917,0.2941314,0.073303774
IMU,248771105248670,2.4502504,7.52782,5.3312087,2.5103211,8.371749,4.447751,-0.016951498,0.32589635,0.073303774
IMU,248771107456847,2.4502504,7.5230346,5.369494,2.5103211,8.371749,4.447751,0.0025961753,0.35888305,0.073303774
IMU,248771109665024,2.4311078,7.5230346,5.4125648,2.5057454,8.370007,4.453608,0.020922119,0.39431322,0.073303774
IMU,248771111873149,2.4454648,7.542177,5.4460645,2.5057454,8.370007,4.453608,0.04535671,0.42974338,0.07208204
IMU,248771114081327,2.4454648,7.537391,5.45085,2.4993725,8.3692665,4.4585752,0.064904384,0.46150833,0.073303774
IMU,248771116289504,2.440679,7.556534,5.4412785,2.4993725,8.3692665,4.4585752,0.09422589,0.4969385,0.074525505
IMU,248771118497629,2.4263222,7.5661054,5.426922,2.4914129,8.369703,4.4622097,0.13942988,0.5519163,0.07696896
IMU,248771120705806,2.4119651,7.585248,5.4125648,2.4914129,8.369703,4.4622097,0.13942988,0.5519163,0.07696896
IMU,248771122913931,2.4119651,7.60439,5.383851,2.4821012,8.371355,4.4642987,0.16386448,0.58001614,0.07819069
IMU,248771125122108,2.4023938,7.63789,5.359923,2.4821012,8.371355,4.4642987,0.18219042,0.6044507,0.07941242
IMU,248771127330285,2.3928227,7.652247,5.3407803,2.4821012,8.371355,4.4642987,0.20173809,0.62766355,0.07941242
IMU,248771129538410,2.388037,7.7001033,5.3216376,2.4715772,8.374064,4.4650593,0.22006404,0.6533199,0.07819069
IMU,248771131746587,2.37368,7.728817,5.2833524,2.4715772,8.374064,4.4650593,0.23838998,0.6740893,0.07819069
IMU,248771133954712,2.3784657,7.757531,5.221139,2.4598289,8.377752,4.4646273,0.25060728,0.69241524,0.07819069
IMU,248771136162889,2.3688943,7.810173,5.139783,2.4598289,8.377752,4.4646273,0.26526803,0.7082977,0.074525505
IMU,248771138371014,2.3688943,7.8436728,5.0775695,2.4470682,8.382262,4.463175,0.27382013,0.7217367,0.07208204
IMU,248771140579191,2.3449662,7.881958,5.0105705,2.4470682,8.382262,4.463175,0.28848088,0.7315106,0.06963859
IMU,248771142787368,2.3306093,7.920243,4.9579287,2.4335647,8.387513,4.460694,0.29458955,0.7315106,0.06597339
IMU,248771144995493,2.3258235,7.9680996,4.8861437,2.4335647,8.387513,4.460694,0.29581127,0.73028886,0.062308207
IMU,248771147203670,2.321038,8.001599,4.8047876,2.4335647,8.387513,4.460694,0.30314165,0.7290671,0.05864302
IMU,248771149411847,2.2971098,8.035098,4.733003,2.419758,8.3931875,4.457531,0.30558512,0.72295845,0.0537561
IMU,248771151619972,2.292324,8.059027,4.642076,2.419758,8.3931875,4.457531,0.30802858,0.7156281,0.050090913
IMU,248771153828149,2.292324,8.106883,4.5894337,2.4058857,8.399195,4.453719,0.29947644,0.69730216,0.043982264
IMU,248771156036274,2.292324,8.16431,4.5224347,2.4058857,8.399195,4.453719,0.2933678,0.6826414,0.040317077
IMU,248771158244452,2.306681,8.216953,4.4602213,2.3924363,8.405105,4.4498158,0.28603745,0.6667589,0.040317077
IMU,248771160452629,2.3162522,8.255239,4.3836513,2.3924363,8.405105,4.4498158,0.2762636,0.64843297,0.035430156
IMU,248771162660754,2.3258235,8.312666,4.331009,2.3924363,8.405105,4.4498158,0.26526803,0.62644184,0.032986697
IMU,248771164868931,2.3641088,8.365308,4.2831526,2.3796775,8.410724,4.446037,0.25305074,0.6044507,0.03176497
IMU,248771167077056,2.3832514,8.422736,4.2352962,2.3796775,8.410724,4.446037,0.23350306,0.57879436,0.03054324
IMU,248771169285233,2.4119651,8.46102,4.206582,2.3679948,8.415757,4.4427485,0.21884231,0.5531381,0.02687805
IMU,248771171493410,2.4502504,8.518449,4.197011,2.3679948,8.415757,4.4427485,0.20051636,0.5250383,0.02687805
IMU,248771173701535,2.4933212,8.575876,4.1635113,2.3575516,8.420004,4.440256,0.17974696,0.4981602,0.02443459
IMU,248771175909712,2.5124638,8.63809,4.130012,2.3575516,8.420004,4.440256,0.15897755,0.47006044,0.020769402
IMU,248771178117837,2.5507488,8.695518,4.1204405,2.3482785,8.423323,4.4388757,0.13454297,0.44073895,0.014660755
IMU,248771180326014,2.589034,8.719446,4.115655,2.3482785,8.423323,4.4388757,0.11133011,0.4101957,0.012217295
IMU,248771182534191,2.589034,8.772088,4.130012,2.3482785,8.423323,4.4388757,0.08689552,0.37965247,0.008552107
IMU,248771184742316,2.617748,8.810373,4.1204405,2.3402066,8.425579,4.438856,0.06734784,0.35521787,0.0012217296
IMU,248771186950493,2.6273193,8.843872,4.139583,2.3402066,8.425579,4.438856,0.041691523,0.32467464,-0.0024434591
IMU,248771189158618,2.6321049,8.867801,4.1204405,2.3330567,8.426841,4.440224,0.014813471,0.2941314,-0.008552107
IMU,248771191366795,2.6321049,8.891729,4.1491547,2.3330567,8.426841,4.440224,-0.00962112,0.2623664,-0.012217295
IMU,248771193574972,2.656033,8.925228,4.130012,2.3270352,8.42697,4.4431386,-0.03161225,0.23182319,-0.015882485
IMU,248771195783097,2.6464617,8.944371,4.139583,2.3270352,8.42697,4.4431386,-0.054825112,0.1951713,-0.020769402
IMU,248771197991274,2.6464617,8.973084,4.139583,2.3223655,8.426031,4.4473615,-0.08048143,0.16096286,-0.021991132
IMU,248771200199452,2.6273193,8.977871,4.182654,2.3223655,8.426031,4.4473615,-0.10002911,0.13286309,-0.02565632
IMU,248771202407577,2.6273193,8.997013,4.1778684,2.3223655,8.426031,4.4473615,-0.12324197,0.098654665,-0.028099779
IMU,248771204615754,2.6081767,8.9826565,4.220939,2.318981,8.424045,4.452886,-0.14645483,0.06811142,-0.02932151
IMU,248771206823931,2.5842485,8.968299,4.26401,2.318981,8.424045,4.452886,-0.16966769,0.037568185,-0.03054324
IMU,248771209032056,2.565106,8.973084,4.2831526,2.3169858,8.420896,4.459875,-0.19288056,0.009468404,-0.03054324
IMU,248771211240181,2.565106,8.958728,4.3070807,2.3169858,8.420896,4.459875,-0.21242823,-0.017409647,-0.028099779
IMU,248771213448358,2.5603201,8.953942,4.359723,2.3164237,8.416605,4.468258,-0.23441936,-0.046731155,-0.02932151
IMU,248771215656535,2.5555346,8.939586,4.388437,2.3164237,8.416605,4.468258,-0.25518876,-0.07238748,-0.028099779
IMU,248771217864660,2.5459633,8.9108715,4.436293,2.3172512,8.411181,4.4780307,-0.27595815,-0.09682207,-0.02687805
IMU,248771220072837,2.5459633,8.891729,4.493721,2.3172512,8.411181,4.4780307,-0.2930624,-0.11759147,-0.02565632
IMU,248771222281014,2.5411777,8.848659,4.551149,2.3172512,8.411181,4.4780307,-0.30772313,-0.13713914,-0.02687805
IMU,248771224489139,2.5555346,8.815159,4.613362,2.319233,8.404767,4.4890347,-0.3260491,-0.15790854,-0.023212861
IMU,248771226697316,2.5555346,8.79123,4.685147,2.319233,8.404767,4.4890347,-0.33826637,-0.17623448,-0.020769402
IMU,248771228905493,2.5746772,8.762517,4.766503,2.322411,8.397431,4.5011063,-0.34926194,-0.19211698,-0.019547673
IMU,248771231113618,2.5794628,8.724232,4.833502,2.322411,8.397431,4.5011063,-0.35903576,-0.20677772,-0.019547673
IMU,248771233321795,2.5938199,8.685946,4.900501,2.3264732,8.3894415,4.5138865,-0.36514443,-0.21777329,-0.018325943
IMU,248771235529920,2.5938199,8.662018,4.9722853,2.3264732,8.3894415,4.5138865,-0.37614,-0.22999059,-0.014660755
IMU,248771237738097,2.5698915,8.609376,5.0392847,2.3264732,8.3894415,4.5138865,-0.37858346,-0.23976442,-0.014660755
IMU,248771239946274,2.5842485,8.575876,5.1014977,2.3313138,8.380898,4.5272417,-0.37980518,-0.24831653,-0.010995566
IMU,248771242154399,2.5794628,8.52802,5.1732826,2.3313138,8.380898,4.5272417,-0.37491825,-0.2556469,-0.0097738365
IMU,248771244362577,2.6081767,8.480164,5.235496,2.3368032,8.3721695,4.540542,-0.37614,-0.26175556,-0.0073303776
IMU,248771246570754,2.6081767,8.465807,5.2642097,2.3368032,8.3721695,4.540542,-0.37125307,-0.26664248,-0.0024434591
IMU,248771248778879,2.6464617,8.437093,5.3312087,2.3429172,8.363385,4.553558,-0.36636615,-0.27275112,-0.0012217296
IMU,248771250987056,2.656033,8.403593,5.369494,2.3429172,8.363385,4.553558,-0.3602575,-0.27763805,-0.0012217296
IMU,248771253195181,2.6799614,8.374879,5.3886366,2.349442,8.354813,4.565919,-0.34926194,-0.2800815,-0.0012217296
IMU,248771255403358,2.6991038,8.350951,5.45085,2.349442,8.354813,4.565919,-0.3394881,-0.2837467,-0.0024434591
IMU,248771257611535,2.7278178,8.322237,5.4891353,2.349442,8.354813,4.565919,-0.32971427,-0.28619015,-0.0048869182
IMU,248771259819608,2.751746,8.303095,5.5226345,2.3560956,8.3466835,4.5773444,-0.32238388,-0.2886336,-0.0048869182
IMU,248771262027837,2.7565317,8.250452,5.556134,2.3560956,8.3466835,4.5773444,-0.30894485,-0.28619015,-0.0061086477
IMU,248771264236014,2.7756743,8.216953,5.6039906,2.3627424,8.3390045,4.5879,-0.29917103,-0.2849684,-0.010995566
IMU,248771266444139,2.7852457,8.19781,5.608776,2.3627424,8.3390045,4.5879,-0.285732,-0.28130323,-0.014660755
IMU,248771268652316,2.7996025,8.16431,5.6183476,2.3689895,8.331964,4.5974607,-0.27351472,-0.27763805,-0.015882485
IMU,248771270860441,2.8091738,8.16431,5.642276,2.3689895,8.331964,4.5974607,-0.26496258,-0.27763805,-0.018325943
IMU,248771273068618,2.8091738,8.145168,5.6279187,2.3749483,8.325528,4.606036,-0.25152358,-0.27397284,-0.020769402
IMU,248771275276795,2.78046,8.12124,5.6183476,2.3749483,8.325528,4.606036,-0.23930627,-0.27030766,-0.021991132
IMU,248771277484920,2.7996025,8.12124,5.623133,2.3749483,8.325528,4.606036,-0.2283107,-0.26908594,-0.02443459
IMU,248771279693097,2.7900312,8.106883,5.6279187,2.380582,8.319771,4.613527,-0.21242823,-0.26664248,-0.02443459
IMU,248771281901222,2.78046,8.097312,5.6470613,2.380582,8.319771,4.613527,-0.1989892,-0.26419902,-0.02443459
IMU,248771284109399,2.7756743,8.092526,5.666204,2.3860278,8.314737,4.6197844,-0.1867719,-0.26175556,-0.02687805
IMU,248771286317577,2.7756743,8.082955,5.656633,2.3860278,8.314737,4.6197844,-0.17333288,-0.2593121,-0.028099779
IMU,248771288525702,2.7900312,8.068598,5.6709895,2.3911505,8.3104105,4.624916,-0.15989386,-0.25198174,-0.03054324
IMU,248771290733879,2.8091738,8.049456,5.6470613,2.3911505,8.3104105,4.624916,-0.1452331,-0.24587308,-0.034208428
IMU,248771292942004,2.804388,8.054241,5.642276,2.3957257,8.306889,4.6288757,-0.13057235,-0.23732096,-0.035430156
IMU,248771295150181,2.8187451,8.039884,5.6327047,2.3957257,8.306889,4.6288757,-0.114689864,-0.22754712,-0.037873615
IMU,248771297358358,2.8187451,8.025527,5.608776,2.3957257,8.306889,4.6288757,-0.102472566,-0.21655156,-0.042760536
IMU,248771299566483,2.804388,8.01117,5.575277,2.3995523,8.304212,4.6316957,-0.089033544,-0.20677772,-0.047647454
IMU,248771301774660,2.7948167,8.001599,5.599205,2.3995523,8.304212,4.6316957,-0.076816246,-0.19211698,-0.05131264
IMU,248771303982837,2.7756743,8.006385,5.5513487,2.4023087,8.302344,4.633614,-0.06459895,-0.17867795,-0.05742129
IMU,248771306190962,2.766103,7.9920278,5.508278,2.4023087,8.302344,4.633614,-0.058490302,-0.16890411,-0.05986475
IMU,248771308399139,2.7565317,8.006385,5.4891353,2.403936,8.301212,4.6347976,-0.04138609,-0.15302163,-0.067195125
IMU,248771310607316,2.7421749,8.01117,5.4460645,2.403936,8.301212,4.6347976,-0.03527744,-0.1432478,-0.073303774
IMU,248771312815441,2.7182465,8.020741,5.436493,2.404338,8.300826,4.6352825,-0.024281874,-0.12980877,-0.07819069
IMU,248771315023618,2.6943183,8.015956,5.426922,2.404338,8.300826,4.6352825,-0.016951498,-0.11636974,-0.08307761
IMU,248771317231743,2.6751757,8.020741,5.407779,2.404338,8.300826,4.6352825,-0.0108428495,-0.107817635,-0.09040799
IMU,248771319439920,2.6416762,8.030313,5.393422,2.4035077,8.301039,4.635331,-0.002290743,-0.09315688,-0.098960094
IMU,248771321648097,2.6081767,8.025527,5.393422,2.4035077,8.301039,4.635331,0.0025961753,-0.08460477,-0.10384701
IMU,248771323856222,2.5938199,8.015956,5.3982077,2.4014013,8.3018265,4.6350117,0.011148282,-0.074830934,-0.1075122
IMU,248771326064399,2.5794628,8.035098,5.393422,2.4014013,8.3018265,4.6350117,0.01847866,-0.068722285,-0.11117739
IMU,248771328272577,2.5603201,8.035098,5.3742795,2.398435,8.303157,4.6341643,0.029474225,-0.05894845,-0.11606431
IMU,248771330480702,2.5507488,8.039884,5.383851,2.398435,8.303157,4.6341643,0.041691523,-0.050396346,-0.12339468
IMU,248771332688879,2.5316064,8.039884,5.355137,2.398435,8.303157,4.6341643,0.04780017,-0.049174614,-0.124616414
IMU,248771334897004,2.5028925,8.063812,5.3312087,2.3946016,8.30517,4.6325397,0.056352276,-0.049174614,-0.12217296
IMU,248771337105181,2.4741786,8.063812,5.326423,2.3946016,8.30517,4.6325397,0.06856957,-0.047952887,-0.12339468
IMU,248771339313358,2.4454648,8.097312,5.2977095,2.390692,8.307685,4.630049,0.07589995,-0.049174614,-0.124616414
IMU,248771341521483,2.4454648,8.097312,5.2977095,2.390692,8.307685,4.630049,0.083230324,-0.049174614,-0.12339468
IMU,248771343729660,2.4358935,8.116454,5.2689953,2.3867066,8.310688,4.626713,0.09300416,-0.047952887,-0.12339468
IMU,248771345937837,2.4215364,8.140383,5.2307105,2.3867066,8.310688,4.626713,0.10155627,-0.045509428,-0.12217296
IMU,248771348145962,2.4119651,8.149954,5.2259245,2.3826723,8.314155,4.6225634,0.108886644,-0.041844238,-0.12095123
IMU,248771350354139,2.4119651,8.169097,5.163711,2.3826723,8.314155,4.6225634,0.116217025,-0.040622506,-0.12217296
IMU,248771352562264,2.4071796,8.193025,5.130212,2.3826723,8.314155,4.6225634,0.12232567,-0.038179047,-0.12217296
IMU,248771354770441,2.4119651,8.19781,5.0919266,2.3784978,8.318046,4.6177106,0.12843432,-0.03573559,-0.12217296
IMU,248771356978618,2.4215364,8.212168,5.063213,2.3784978,8.318046,4.6177106,0.13454297,-0.038179047,-0.12217296
IMU,248771359186743,2.4263222,8.23131,5.005785,2.3742704,8.322298,4.6122212,0.14065161,-0.03573559,-0.12339468
IMU,248771361394920,2.4263222,8.250452,4.962714,2.3742704,8.322298,4.6122212,0.14553854,-0.03451386,-0.124616414
IMU,248771363603097,2.440679,8.26481,4.9196434,2.3699238,8.326902,4.6061406,0.14798199,-0.03695732,-0.12705988
IMU,248771365811222,2.4454648,8.293523,4.8526444,2.3699238,8.326902,4.6061406,0.15164718,-0.03695732,-0.12705988
IMU,248771368019399,2.4646072,8.3174515,4.814359,2.365559,8.331747,4.599621,0.15286891,-0.03940078,-0.12828161
IMU,248771370227524,2.4598217,8.322237,4.766503,2.365559,8.331747,4.599621,0.14920372,-0.044287696,-0.13194679
IMU,248771372435702,2.4837499,8.346166,4.723432,2.365559,8.331747,4.599621,0.14920372,-0.044287696,-0.13194679
IMU,248771374643879,2.4933212,8.379665,4.699504,2.3611584,8.336687,4.5929255,0.15409064,-0.041844238,-0.13439025
IMU,248771376852004,2.4837499,8.398808,4.6707897,2.3611584,8.336687,4.5929255,0.15042545,-0.040622506,-0.13683371
IMU,248771379060181,2.4885356,8.432307,4.6229334,2.3565447,8.341701,4.586188,0.14676027,-0.041844238,-0.13927718
IMU,248771381268358,2.4933212,8.432307,4.6229334,2.3565447,8.341701,4.586188,0.1443168,-0.038179047,-0.14416409
IMU,248771383476483,2.4837499,8.46102,4.575077,2.3515236,8.346685,4.57969,0.14187334,-0.03695732,-0.14905101
IMU,248771385684660,2.455036,8.489735,4.5559344,2.3515236,8.346685,4.57969,0.13209951,-0.040622506,-0.15027274
IMU,248771387892785,2.4311078,8.499306,4.551149,2.3461561,8.351501,4.573661,0.12843432,-0.03695732,-0.15393792
IMU,248771390100962,2.4023938,8.537591,4.5272202,2.3461561,8.351501,4.573661,0.123547405,-0.03695732,-0.15638138
IMU,248771392309139,2.37368,8.551949,4.4889355,2.3461561,8.351501,4.573661,0.12110394,-0.03695732,-0.16004658
IMU,248771394517316,2.3545375,8.556734,4.4841495,2.3403997,8.356221,4.5679855,0.116217025,-0.03940078,-0.16249003
IMU,248771396725441,2.3688943,8.595019,4.4745784,2.3403997,8.356221,4.5679855,0.117438756,-0.040622506,-0.16615522
IMU,248771398933618,2.3401806,8.609376,4.45065,2.3344057,8.360891,4.562503,0.108886644,-0.044287696,-0.16859868
IMU,248771401141743,2.3306093,8.609376,4.45065,2.3344057,8.360891,4.562503,0.10766492,-0.046731155,-0.17104214
IMU,248771403349920,2.321038,8.633304,4.412365,2.3282588,8.365486,4.5572176,0.10644319,-0.050396346,-0.17470732
IMU,248771405558097,2.3162522,8.618947,4.402794,2.3282588,8.365486,4.5572176,0.10522146,-0.051618073,-0.17837252
IMU,248771407766222,2.2875385,8.6141615,4.369294,2.3282588,8.365486,4.5572176,0.10644319,-0.057726722,-0.18081598
IMU,248771409974399,2.2588246,8.60459,4.3405805,2.3219388,8.370151,4.551876,0.09544762,-0.06627883,-0.18325943
IMU,248771412182577,2.239682,8.585447,4.3262234,2.3219388,8.370151,4.551876,0.09300416,-0.07116575,-0.18448116
IMU,248771414390702,2.2157538,8.585447,4.316652,2.315707,8.374606,4.546851,0.08811724,-0.076052666,-0.18692462
IMU,248771416598879,2.1870399,8.580662,4.2975097,2.315707,8.374606,4.546851,0.084452055,-0.08093958,-0.18814635
IMU,248771418807004,2.1631117,8.580662,4.2975097,2.3095179,8.378935,4.5420227,0.084452055,-0.08460477,-0.18814635
IMU,248771421015181,2.1343977,8.590233,4.2831526,2.3095179,8.378935,4.5420227,0.077121675,-0.08949169,-0.18814635
IMU,248771423223358,2.115255,8.585447,4.2927237,2.3034682,8.38308,4.5374436,0.07345649,-0.09315688,-0.18814635
IMU,248771425431483,2.1104696,8.585447,4.302295,2.3034682,8.38308,4.5374436,0.06856957,-0.09560034,-0.18814635
IMU,248771427639660,2.091327,8.585447,4.2927237,2.3034682,8.38308,4.5374436,0.064904384,-0.0980438,-0.18814635
IMU,248771429847837,2.0817556,8.566305,4.3118663,2.2975304,8.386986,4.533234,0.057574004,-0.09926552,-0.18814635
IMU,248771432056014,2.0482562,8.56152,4.3262234,2.2975304,8.386986,4.533234,0.057574004,-0.09926552,-0.18814635
IMU,248771434264139,2.0338993,8.537591,4.3405805,2.2916172,8.390651,4.5294433,0.053908817,-0.101708986,-0.18814635
IMU,248771436472316,2.0195422,8.499306,4.3501515,2.2916172,8.390651,4.5294433,0.05146536,-0.09926552,-0.18814635
IMU,248771438680441,2.009971,8.4705925,4.359723,2.2856636,8.394153,4.5259604,0.0490219,-0.09560034,-0.18692462
IMU,248771440888618,1.9621146,8.446664,4.359723,2.2856636,8.394153,4.5259604,0.0490219,-0.09560034,-0.18570289
IMU,248771443096795,1.9286151,8.422736,4.3788652,2.2796602,8.397536,4.5227118,0.04780017,-0.09315688,-0.18448116
IMU,248771445304920,1.8999012,8.398808,4.398008,2.2796602,8.397536,4.5227118,0.04657844,-0.08949169,-0.18203771
IMU,248771447513097,1.8568304,8.365308,4.421936,2.2796602,8.397536,4.5227118,0.04657844,-0.082161315,-0.17837252
IMU,248771449721222,1.8329022,8.346166,4.4554358,2.2735953,8.400786,4.519727,0.04780017,-0.076052666,-0.17470732
IMU,248771451929399,1.8041883,8.303095,4.4985065,2.2735953,8.400786,4.519727,0.0490219,-0.068722285,-0.17104214
IMU,248771454137577,1.7659031,8.283952,4.56072,2.2674632,8.403941,4.5169425,0.05146536,-0.06017018,-0.16615522
IMU,248771456345702,1.7324036,8.26481,4.5894337,2.2674632,8.403941,4.5169425,0.055130545,-0.049174614,-0.16126831
IMU,248771458553879,1.7228323,8.274381,4.6229334,2.2612324,8.407048,4.5142817,0.057574004,-0.03940078,-0.15515965
IMU,248771460762056,1.7180467,8.255239,4.627719,2.2612324,8.407048,4.5142817,0.062460925,-0.03084867,-0.15027274
IMU,248771462970181,1.6941184,8.255239,4.6755753,2.2550306,8.410193,4.511526,0.06856957,-0.021074835,-0.14294235
IMU,248771465178358,1.6893328,8.236095,4.694718,2.2550306,8.410193,4.511526,0.07589995,-0.011300999,-0.13683371
IMU,248771467386483,1.6654046,8.216953,4.709075,2.2550306,8.410193,4.511526,0.084452055,-0.0027488915,-0.12950334
IMU,248771469594660,1.6366907,8.19781,4.7425747,2.2489517,8.413498,4.5083995,0.09300416,0.008246674,-0.12095123
IMU,248771471802837,1.6223338,8.19781,4.752146,2.2489517,8.413498,4.5083995,0.102778,0.01802051,-0.11362085
IMU,248771474010962,1.6223338,8.169097,4.766503,2.2489517,8.413498,4.5083995,0.102778,0.01802051,-0.11362085
IMU,248771476219139,1.6079768,8.178668,4.7569313,2.2391415,8.4167795,4.507155,0.123547405,0.041233372,-0.091629714
IMU,248771478427316,1.5840486,8.149954,4.7569313,2.2296627,8.420237,4.5053973,0.13454297,0.054672398,-0.080634154
IMU,248771480635441,1.6079768,8.154739,4.733003,2.2296627,8.420237,4.5053973,0.14553854,0.065667965,-0.067195125
IMU,248771482843618,1.6175481,8.149954,4.7425747,2.2208781,8.423935,4.5028234,0.15775582,0.07666353,-0.0537561
IMU,248771485051795,1.6414764,8.140383,4.7569313,2.2208781,8.423935,4.5028234,0.16752967,0.08888082,-0.042760536
IMU,248771487259920,1.6462619,8.140383,4.776074,2.2208781,8.423935,4.5028234,0.16752967,0.08888082,-0.042760536
IMU,248771489468097,1.6701902,8.126026,4.7808595,2.212937,8.427667,4.4997473,0.19074252,0.118202336,-0.018325943
IMU,248771491676274,1.6845472,8.097312,4.7952166,2.212937,8.427667,4.4997473,0.20173809,0.1291979,-0.008552107
IMU,248771493884399,1.6845472,8.082955,4.7808595,2.205762,8.431482,4.4961224,0.21395539,0.14385866,0.0024434591
IMU,248771496092577,1.698904,8.054241,4.752146,2.205762,8.431482,4.4961224,0.22372922,0.15729769,0.013439025
IMU,248771498300754,1.7324036,8.035098,4.7138605,2.1992438,8.435532,4.4917192,0.23472479,0.17318016,0.021991132
IMU,248771500508879,1.7467605,8.01117,4.6707897,2.1992438,8.435532,4.4917192,0.24449863,0.18661919,0.03176497
IMU,248771502717056,1.7659031,7.9920278,4.642076,2.1992438,8.435532,4.4917192,0.251829,0.20005822,0.043982264
IMU,248771504925181,1.7898313,7.9680996,4.613362,2.193554,8.439864,4.4863577,0.2603811,0.2122755,0.0537561
IMU,248771507133358,1.8137596,7.9633136,4.5798626,2.193554,8.439864,4.4863577,0.27015495,0.2244928,0.062308207
IMU,248771509341535,1.8424734,7.958528,4.5224347,2.1887522,8.444399,4.4801655,0.27504188,0.23426664,0.07086031
IMU,248771511549660,1.847259,7.9537425,4.4889355,2.1887522,8.444399,4.4801655,0.27992877,0.24404047,0.07941242
IMU,248771513757837,1.8520447,7.944171,4.4410787,2.184798,8.449176,4.473082,0.28115052,0.2489274,0.09040799
IMU,248771515966014,1.8807586,7.9154572,4.398008,2.184798,8.449176,4.473082,0.28359398,0.25014913,0.100181825
IMU,248771518174139,1.8999012,7.9154572,4.3740797,2.1819932,8.453944,4.4654365,0.28359398,0.25503606,0.10873393
IMU,248771520382316,1.9621146,7.8963146,4.345366,2.1819932,8.453944,4.4654365,0.29092434,0.2611447,0.118507765
IMU,248771522590441,2.0003998,7.9106717,4.3262234,2.1819932,8.453944,4.4654365,0.2921461,0.26358816,0.12950334
IMU,248771524798618,2.0434706,7.9011,4.316652,2.1807196,8.45862,4.457197,0.28848088,0.26480988,0.13805544
IMU,248771527006795,2.0961127,7.9011,4.2831526,2.1807196,8.45862,4.457197,0.28725916,0.26847506,0.14660755
IMU,248771529214920,2.1631117,7.925029,4.273581,2.1810632,8.462909,4.4488797,0.2848157,0.2696968,0.15271619
IMU,248771531423097,2.2205393,7.9346,4.254439,2.1810632,8.462909,4.4488797,0.28115052,0.26847506,0.15882485
IMU,248771533631274,2.2731814,7.920243,4.254439,2.1830804,8.466837,4.4404087,0.28115052,0.26603162,0.16493349
IMU,248771535839452,2.3401806,7.9154572,4.254439,2.1830804,8.466837,4.4404087,0.27748534,0.26358816,0.16859868
IMU,248771538047577,2.4071796,7.905886,4.2592244,2.1868465,8.470216,4.432103,0.27137667,0.25503606,0.17348559
IMU,248771540255754,2.469393,7.9154572,4.2592244,2.1868465,8.470216,4.432103,0.27015495,0.25014913,0.17592905
IMU,248771542463879,2.5411777,7.905886,4.249653,2.1868465,8.470216,4.432103,0.27015495,0.24159703,0.17592905
IMU,248771544672056,2.5938199,7.9106717,4.220939,2.192356,8.473131,4.423802,0.26282457,0.2196059,0.17592905
IMU,248771546880233,2.6416762,7.925029,4.2161536,2.192356,8.473131,4.423802,0.26282457,0.2196059,0.17592905
IMU,248771549088358,2.7038896,7.920243,4.211368,2.1993916,8.475816,4.4151587,0.2640463,0.20616686,0.17348559
IMU,248771551296535,2.7613173,7.925029,4.197011,2.1993916,8.475816,4.4151587,0.26160285,0.19761476,0.17226386
IMU,248771553504712,2.7900312,7.9298143,4.168297,2.2077353,8.478353,4.4061146,0.26282457,0.18661919,0.16982041
IMU,248771555712837,2.8378878,7.9298143,4.1778684,2.2077353,8.478353,4.4061146,0.2603811,0.17195843,0.16493349
IMU,248771557921014,2.8713872,7.9154572,4.1204405,2.2170715,8.480833,4.396641,0.25671592,0.15851942,0.16126831
IMU,248771560129191,2.8905299,7.9106717,4.0965123,2.2170715,8.480833,4.396641,0.25671592,0.14630212,0.15638138
IMU,248771562337316,2.9192436,7.9154572,4.058227,2.2170715,8.480833,4.396641,0.25427246,0.13408482,0.15271619
IMU,248771564545493,2.9479575,7.925029,4.0295134,2.2271411,8.483414,4.3865614,0.251829,0.118202336,0.14782928
IMU,248771566753670,2.9479575,7.9298143,3.9816568,2.2271411,8.483414,4.3865614,0.24938555,0.10354158,0.14294235
IMU,248771568961795,2.9718857,7.9298143,3.9625144,2.2377949,8.486151,4.3758316,0.24694209,0.09498947,0.13683371
IMU,248771571169972,2.9910283,7.925029,3.8955152,2.2377949,8.486151,4.3758316,0.24205516,0.08277218,0.13072506
IMU,248771573378149,2.9718857,7.9346,3.8668015,2.2486787,8.489074,4.364568,0.23961172,0.06933315,0.124616414
IMU,248771575586274,3.0005996,7.925029,3.8141594,2.2486787,8.489074,4.364568,0.23350306,0.058337588,0.12217296
IMU,248771577794452,3.0005996,7.9346,3.790231,2.259836,8.492045,4.3530116,0.22250749,0.04612029,0.11606431
IMU,248771580002629,2.9958138,7.9393854,3.7615173,2.259836,8.492045,4.3530116,0.21517712,0.036346454,0.11117739
IMU,248771582210754,3.0149565,7.9393854,3.7615173,2.259836,8.492045,4.3530116,0.20784675,0.026572619,0.10384701
IMU,248771584418931,3.034099,7.9298143,3.7328033,2.2709756,8.494883,4.341659,0.20295982,0.02046397,0.098960094
IMU,248771586627056,3.0388846,7.905886,3.7471602,2.2709756,8.494883,4.341659,0.19196425,0.010690134,0.09651663
IMU,248771588835233,3.0436704,7.9154572,3.7328033,2.2823117,8.497381,4.3308144,0.18219042,0.0021380268,0.092851445
IMU,248771591043410,3.0723844,7.905886,3.7136607,2.2823117,8.497381,4.3308144,0.17730351,-0.0027488915,0.08918626
IMU,248771593251535,3.0819557,7.877172,3.6801612,2.2938235,8.499605,4.320357,0.17486005,-0.00763581,0.08429934
IMU,248771595459712,3.07717,7.8723865,3.641876,2.2938235,8.499605,4.320357,0.16630794,-0.018631376,0.080634154
IMU,248771597667889,3.0867412,7.881958,3.6370904,2.2938235,8.499605,4.320357,0.15286891,-0.028405212,0.07941242
IMU,248771599876066,3.0819557,7.8580294,3.6610186,2.3055396,8.501635,4.310115,0.14920372,-0.032070402,0.07574723
IMU,248771602084191,3.0963125,7.8436728,3.6323047,2.3055396,8.501635,4.310115,0.14309508,-0.038179047,0.07208204
IMU,248771604292368,3.1250265,7.838887,3.6179478,2.317262,8.503325,4.3004813,0.14187334,-0.041844238,0.068416856
IMU,248771606500493,3.1441689,7.8197446,3.6323047,2.317262,8.503325,4.3004813,0.12965605,-0.047952887,0.062308207
IMU,248771608708670,3.1633115,7.834101,3.6227336,2.3291059,8.504756,4.2912445,0.12599087,-0.049174614,0.056199558
IMU,248771610916847,3.158526,7.8197446,3.603591,2.3291059,8.504756,4.2912445,0.12110394,-0.049174614,0.050090913
IMU,248771613124972,3.2015967,7.8293157,3.574877,2.340617,8.5060625,4.282382,0.11499529,-0.049174614,0.043982264
IMU,248771615333149,3.2207394,7.8484583,3.546163,2.340617,8.5060625,4.282382,0.10644319,-0.050396346,0.035430156
IMU,248771617541327,3.2207394,7.8436728,3.546163,2.340617,8.5060625,4.282382,0.09911281,-0.052839804,0.028099779
IMU,248771619749452,3.225525,7.834101,3.5413775,2.351743,8.507302,4.273817,0.09544762,-0.052839804,0.020769402
IMU,248771621957629,3.2159536,7.8293157,3.5126636,2.351743,8.507302,4.273817,0.08811724,-0.055283263,0.012217295
IMU,248771624165806,3.2159536,7.82453,3.5174494,2.3621647,8.508498,4.26568,0.08567379,-0.055283263,0.0048869182
IMU,248771626373931,3.2063823,7.834101,3.4887354,2.3621647,8.508498,4.26568,0.077121675,-0.05650499,-0.0024434591
IMU,248771628582108,3.196811,7.8436728,3.4648073,2.371782,8.509721,4.2578983,0.07101303,-0.05894845,-0.008552107
IMU,248771630790285,3.2015967,7.867601,3.4217365,2.371782,8.509721,4.2578983,0.066126116,-0.05894845,-0.014660755
IMU,248771632998410,3.182454,7.877172,3.3834512,2.3807046,8.511103,4.25015,0.056352276,-0.062613636,-0.020769402
IMU,248771635206587,3.182454,7.867601,3.37388,2.3807046,8.511103,4.25015,0.05146536,-0.06383537,-0.02565632
IMU,248771637414764,3.1776686,7.881958,3.345166,2.3807046,8.511103,4.25015,0.041691523,-0.068722285,-0.03054324
IMU,248771639622889,3.1537402,7.905886,3.3355947,2.3821437,8.512417,4.2467074,0.030695954,-0.074830934,-0.034208428
IMU,248771641831066,3.1489546,7.9011,3.3164523,2.3821437,8.512417,4.2467074,0.023365578,-0.074830934,-0.037873615
IMU,248771644039243,3.1441689,7.9106717,3.306881,2.383333,8.513415,4.2440405,0.013591741,-0.0772744,-0.042760536
IMU,248771646247368,3.158526,7.920243,3.3020952,2.383333,8.513415,4.2440405,0.0013744457,-0.07849612,-0.04886918
IMU,248771648455545,3.1202407,7.9346,3.306881,2.3840966,8.514058,4.2423196,-0.00962112,-0.07849612,-0.05253437
IMU,248771650663670,3.1058838,7.9106717,3.3020952,2.3840966,8.514058,4.2423196,-0.021838415,-0.082161315,-0.05742129
IMU,248771652871847,3.101098,7.905886,3.2925239,2.3844585,8.514268,4.2416954,-0.03405571,-0.083383046,-0.062308207
IMU,248771655080024,3.07717,7.9011,3.278167,2.3844585,8.514268,4.2416954,-0.046273008,-0.0858265,-0.06475167
IMU,248771657288202,3.0867412,7.9011,3.249453,2.3844585,8.514268,4.2416954,-0.059712034,-0.09193515,-0.06963859
IMU,248771659496327,3.07717,7.8963146,3.2207394,2.3845935,8.513998,4.242163,-0.07192933,-0.09682207,-0.073303774
IMU,248771661704504,3.062813,7.877172,3.225525,2.3845935,8.513998,4.242163,-0.08659008,-0.10415245,-0.07696896
IMU,248771663912681,3.062813,7.877172,3.2063823,2.3845935,8.513998,4.242163,-0.09880738,-0.11026109,-0.08185588
IMU,248771666120806,3.0580273,7.8867435,3.2159536,2.3846207,8.513222,4.2437034,-0.11346813,-0.120034926,-0.08552107
IMU,248771668328983,3.0723844,7.877172,3.2207394,2.3846073,8.5119295,4.2463017,-0.1244637,-0.1273653,-0.09040799
IMU,248771670537160,3.0963125,7.867601,3.2446675,2.3846073,8.5119295,4.2463017,-0.13545926,-0.13591741,-0.092851445
IMU,248771672745285,3.1058838,7.881958,3.2590244,2.3846073,8.5119295,4.2463017,-0.14767656,-0.14202607,-0.09773836
IMU,248771674953462,3.129812,7.8963146,3.3020952,2.3846443,8.510158,4.249832,-0.15867212,-0.15057817,-0.10262528
IMU,248771677161639,3.1250265,7.8867435,3.3260236,2.3846443,8.510158,4.249832,-0.16722423,-0.16157374,-0.1075122
IMU,248771679369764,3.1489546,7.905886,3.345166,2.384649,8.507971,4.254208,-0.17699806,-0.1640172,-0.11117739
IMU,248771681577941,3.1489546,7.925029,3.3643086,2.384649,8.507971,4.254208,-0.18555018,-0.17012584,-0.11728604
IMU,248771683786118,3.1489546,7.9298143,3.3882368,2.3845224,8.50547,4.2592745,-0.1904371,-0.17867795,-0.1197295
IMU,248771685994243,3.1680973,7.944171,3.426522,2.3845224,8.50547,4.2592745,-0.19654575,-0.1847866,-0.12339468
IMU,248771688202420,3.1728828,7.948957,3.4360933,2.3844247,8.50274,4.264777,-0.20387612,-0.19456044,-0.12705988
IMU,248771690410597,3.2015967,7.948957,3.4695928,2.3844247,8.50274,4.264777,-0.20876303,-0.20311254,-0.13194679
IMU,248771692618722,3.211168,7.9298143,3.5126636,2.3844247,8.50274,4.264777,-0.2112065,-0.20677772,-0.13561198
IMU,248771694826899,3.2398818,7.9393854,3.493521,2.3843367,8.499838,4.270608,-0.2112065,-0.21410811,-0.13805544
IMU,248771697035077,3.2685957,7.9393854,3.507878,2.3843367,8.499838,4.270608,-0.21242823,-0.21655156,-0.14172062
IMU,248771699243202,3.278167,7.9298143,3.5605202,2.3842533,8.49695,4.276394,-0.21242823,-0.22266021,-0.14660755
IMU,248771701451379,3.2925239,7.9346,3.5844483,2.3842533,8.49695,4.276394,-0.2112065,-0.22632541,-0.14905101
IMU,248771703659504,3.345166,7.9298143,3.5988052,2.3840666,8.494135,4.2820888,-0.20998476,-0.23121232,-0.15393792
IMU,248771705867681,3.3882368,7.9346,3.5988052,2.3837514,8.4914665,4.287553,-0.20631959,-0.23732096,-0.16249003
IMU,248771708075858,3.4073794,7.958528,3.5844483,2.3837514,8.4914665,4.287553,-0.20631959,-0.23732096,-0.16249003
IMU,248771710284035,3.4504502,7.958528,3.603591,2.3837514,8.4914665,4.287553,-0.20265439,-0.23976442,-0.16982041
IMU,248771712492160,3.507878,7.9776707,3.5892339,2.3837514,8.4914665,4.287553,-0.20143266,-0.24465135,-0.17837252
IMU,248771714700337,3.5365918,7.982456,3.5844483,2.3830564,8.4890995,4.2926235,-0.19654575,-0.24465135,-0.18692462
IMU,248771716908514,3.5557344,7.982456,3.5605202,2.3830564,8.4890995,4.2926235,-0.19165882,-0.24220788,-0.19792019
IMU,248771719116639,3.574877,7.987242,3.5700915,2.3815513,8.487189,4.2972345,-0.18555018,-0.24220788,-0.21135922
IMU,248771721324816,3.6083765,8.001599,3.5270207,2.3815513,8.487189,4.2972345,-0.1867719,-0.24342962,-0.22235478
IMU,248771723532993,3.6275191,7.9968133,3.4839497,2.378913,8.48576,4.3015165,-0.18432845,-0.24098615,-0.23701553
IMU,248771725741118,3.6514473,8.001599,3.4648073,2.378913,8.48576,4.3015165,-0.18066326,-0.23854269,-0.2516763
IMU,248771727949295,3.656233,7.9920278,3.4217365,2.3748922,8.484815,4.3056,-0.18188499,-0.23487751,-0.26511532
IMU,248771730157472,3.6610186,7.982456,3.359523,2.3748922,8.484815,4.3056,-0.18432845,-0.23243405,-0.27855435
IMU,248771732365597,3.6514473,7.982456,3.3355947,2.3748922,8.484815,4.3056,-0.18432845,-0.23121232,-0.2932151
IMU,248771734573774,3.6370904,7.9776707,3.278167,2.3694646,8.484212,4.3097773,-0.1867719,-0.22999059,-0.30787584
IMU,248771736781952,3.6275191,7.972885,3.2159536,2.3694646,8.484212,4.3097773,-0.1904371,-0.22876886,-0.32009315
IMU,248771738990077,3.6083765,7.972885,3.1920254,2.3626726,8.483883,4.314149,-0.19776747,-0.22754712,-0.33108872
IMU,248771741198254,3.6131623,7.972885,3.158526,2.3626726,8.483883,4.314149,-0.20509785,-0.22510368,-0.343306
IMU,248771743406379,3.6083765,7.9680996,3.1489546,2.3546708,8.483559,4.319159,-0.21242823,-0.22143848,-0.35430157
IMU,248771745614556,3.574877,7.972885,3.1250265,2.3546708,8.483559,4.319159,-0.2197586,-0.21532984,-0.36651886
IMU,248771747822733,3.546163,7.9537425,3.1154552,2.3452823,8.48313,4.325106,-0.23319763,-0.20922118,-0.37751442
IMU,248771750030910,3.522235,7.9537425,3.0867412,2.3452823,8.48313,4.325106,-0.24297146,-0.20066908,-0.38851
IMU,248771752239035,3.507878,7.948957,3.062813,2.3452823,8.48313,4.325106,-0.2527453,-0.1933387,-0.39950556
IMU,248771754447212,3.493521,7.925029,3.048456,2.3344314,8.48248,4.3322444,-0.26496258,-0.18356487,-0.4092794
IMU,248771756655389,3.4695928,7.8963146,3.0436704,2.3344314,8.48248,4.3322444,-0.27473643,-0.17623448,-0.41905323
IMU,248771758863514,3.4408789,7.8867435,3.0388846,2.3344314,8.48248,4.3322444,-0.285732,-0.17012584,-0.42882708
IMU,248771761071691,3.4121652,7.867601,3.0388846,2.3222106,8.481543,4.3406386,-0.29672757,-0.16157374,-0.4386009
IMU,248771763279868,3.4073794,7.853244,3.0293136,2.3222106,8.481543,4.3406386,-0.29672757,-0.16157374,-0.4386009
IMU,248771765487993,3.4073794,7.8293157,3.0580273,2.3087106,8.480307,4.3502464,-0.31749696,-0.1517999,-0.45570514
IMU,248771767696170,3.4025939,7.834101,3.062813,2.3087106,8.480307,4.3502464,-0.32849252,-0.14691298,-0.46425724
IMU,248771769904347,3.397808,7.8293157,3.07717,2.2941368,8.478712,4.361051,-0.3358229,-0.1432478,-0.4715876
IMU,248771772112472,3.4025939,7.82453,3.0675986,2.2941368,8.478712,4.361051,-0.344375,-0.1395826,-0.48136145
IMU,248771774320649,3.3882368,7.838887,3.101098,2.2785847,8.476854,4.3727984,-0.3517054,-0.13469568,-0.48991355
IMU,248771776528827,3.3882368,7.834101,3.0963125,2.2785847,8.476854,4.3727984,-0.36147922,-0.13347395,-0.49846566
IMU,248771778737004,3.3547373,7.8149586,3.1202407,2.2620327,8.474742,4.38547,-0.37003133,-0.12980877,-0.5070178
IMU,248771780945129,3.3403804,7.795816,3.1345978,2.2620327,8.474742,4.38547,-0.37858346,-0.12614357,-0.5167916
IMU,248771783153306,3.3260236,7.810173,3.1633115,2.2444139,8.472371,4.3990808,-0.3846921,-0.120034926,-0.5253437
IMU,248771785361483,3.3116665,7.8149586,3.2063823,2.2444139,8.472371,4.3990808,-0.39202246,-0.11636974,-0.53511757
IMU,248771787569608,3.2925239,7.795816,3.2207394,2.2444139,8.472371,4.3990808,-0.40057456,-0.11148282,-0.54489136
IMU,248771789777785,3.2877383,7.7910304,3.2303107,2.225651,8.469783,4.413574,-0.40668324,-0.109039366,-0.5534435
IMU,248771791985962,3.3020952,7.7671022,3.2350962,2.225651,8.469783,4.413574,-0.41034842,-0.10537417,-0.56443906
IMU,248771794194087,3.2638102,7.757531,3.2638102,2.2058532,8.467056,4.4287195,-0.41157013,-0.10415245,-0.5717694
IMU,248771796402264,3.249453,7.7479596,3.2733815,2.2058532,8.467056,4.4287195,-0.4140136,-0.10415245,-0.58032155
IMU,248771798610441,3.2303107,7.7144604,3.2685957,2.185155,8.464344,4.444137,-0.41523534,-0.10293072,-0.5900954
IMU,248771800818566,3.2303107,7.7144604,3.2877383,2.185155,8.464344,4.444137,-0.41279188,-0.10415245,-0.5986475
IMU,248771803026743,3.2063823,7.7096744,3.2733815,2.1636684,8.46178,4.4595065,-0.41157013,-0.1065959,-0.60597783
IMU,248771805234920,3.196811,7.6953177,3.2733815,2.1636684,8.46178,4.4595065,-0.41034842,-0.113926284,-0.61330825
IMU,248771807443097,3.2015967,7.685746,3.2877383,2.1636684,8.46178,4.4595065,-0.40668324,-0.11759147,-0.6206386
IMU,248771809651222,3.1920254,7.690532,3.2733815,2.1417387,8.459399,4.4745846,-0.40423977,-0.12125666,-0.62796897
IMU,248771811859399,3.182454,7.6666036,3.2829528,2.1417387,8.459399,4.4745846,-0.4017963,-0.12492185,-0.6365211
IMU,248771814067524,3.1776686,7.6666036,3.2973096,2.119272,8.457241,4.4893355,-0.40057456,-0.12492185,-0.64385146
IMU,248771816275702,3.1393833,7.6426754,3.2973096,2.119272,8.457241,4.4893355,-0.3969094,-0.12614357,-0.6511819
IMU,248771818483879,3.129812,7.618747,3.2829528,2.0961673,8.455222,4.503961,-0.4017963,-0.1273653,-0.6572905
IMU,248771820692056,3.101098,7.5996046,3.2877383,2.0961673,8.455222,4.503961,-0.39813113,-0.12370012,-0.66339916
IMU,248771822900181,3.0819557,7.5900335,3.2638102,2.0723336,8.453331,4.51852,-0.3932442,-0.11636974,-0.6695078
IMU,248771825108358,3.0723844,7.5900335,3.2733815,2.0723336,8.453331,4.51852,-0.39568767,-0.11514801,-0.673173
IMU,248771827316535,3.0580273,7.5661054,3.2829528,2.0723336,8.453331,4.51852,-0.39568767,-0.113926284,-0.6780599
IMU,248771829524660,3.0532417,7.570891,3.3020952,2.0479102,8.451465,4.5331244,-0.39202246,-0.1065959,-0.6817251
IMU,248771831732837,3.0388846,7.5517483,3.306881,2.0479102,8.451465,4.5331244,-0.38957903,-0.09926552,-0.6853903
IMU,248771833941014,2.9910283,7.513463,3.3355947,2.0228105,8.449674,4.5477085,-0.38957903,-0.08949169,-0.6878337
IMU,248771836149139,2.9192436,7.4943204,3.345166,2.0228105,8.449674,4.5477085,-0.38713557,-0.0736092,-0.68905544
IMU,248771838357316,2.8426733,7.4512496,3.3690944,1.9968004,8.447903,4.5624685,-0.38224864,-0.057726722,-0.68905544
IMU,248771840565493,2.751746,7.4129643,3.3786657,1.9968004,8.447903,4.5624685,-0.38347036,-0.038179047,-0.68905544
IMU,248771842773618,2.6751757,7.4033933,3.3882368,1.9968004,8.447903,4.5624685,-0.3810269,-0.011300999,-0.6853903
IMU,248771844981795,2.5986054,7.4129643,3.4025939,1.9696637,8.446086,4.577602,-0.37980518,0.016798781,-0.68050337
IMU,248771847189972,2.5268207,7.389036,3.4360933,1.9696637,8.446086,4.577602,-0.37491825,0.04734202,-0.6743947
IMU,248771849398097,2.4311078,7.389036,3.4791641,1.9413365,8.444184,4.5931854,-0.37125307,0.083993904,-0.66706437
IMU,248771851606274,2.3162522,7.3603225,3.4839497,1.9413365,8.444184,4.5931854,-0.36636615,0.123089254,-0.6560688
IMU,248771853814452,2.2061825,7.3603225,3.5126636,1.9116744,8.442199,4.609249,-0.36270097,0.16707152,-0.64507324
IMU,248771856022629,2.091327,7.3363943,3.4983068,1.9116744,8.442199,4.609249,-0.35781404,0.2159407,-0.6316342
IMU,248771858230754,1.9860427,7.3172517,3.5270207,1.9116744,8.442199,4.609249,-0.35414886,0.26725334,-0.61330825
IMU,248771860438931,1.861616,7.298109,3.546163,1.8805727,8.440059,4.6259313,-0.3517054,0.3234529,-0.59498227
IMU,248771862647108,1.7419748,7.2789664,3.5318062,1.8805727,8.440059,4.6259313,-0.34681848,0.38331765,-0.5729912
IMU,248771864855233,1.6175481,7.240681,3.574877,1.8480793,8.437606,4.6434674,-0.344375,0.4468476,-0.5497783
IMU,248771867063410,1.5409778,7.1976104,3.6323047,1.8480793,8.437606,4.6434674,-0.3431533,0.51159924,-0.5229002
IMU,248771869271587,1.4500505,7.183254,3.67059,1.8142637,8.434675,4.662091,-0.33704466,0.58245957,-0.49480048
IMU,248771871479712,1.3830515,7.1784678,3.7567315,1.8142637,8.434675,4.662091,-0.33093598,0.6520982,-0.46547896
IMU,248771873687889,1.3304094,7.164111,3.8285162,1.7792917,8.431278,4.681673,-0.32360563,0.7241802,-0.433714
IMU,248771875896066,1.3160524,7.149754,3.9290147,1.7792917,8.431278,4.681673,-0.31261006,0.79626226,-0.40194902
IMU,248771878104191,1.3064811,7.164111,4.0103707,1.7433379,8.4275675,4.701835,-0.29917103,0.87200946,-0.37018406
IMU,248771880312368,1.282553,7.1449685,4.0965123,1.7433379,8.4275675,4.701835,-0.28084508,0.9489784,-0.33841908
IMU,248771882520545,1.3112668,7.1306114,4.1778684,1.7433379,8.4275675,4.701835,-0.2600757,1.0259475,-0.30787584
IMU,248771884728722,1.3351951,7.125826,4.249653,1.7062297,8.423971,4.721852,-0.23319763,1.1041381,-0.27977607
IMU,248771886936847,1.3639089,7.1162543,4.2975097,1.7062297,8.423971,4.721852,-0.20876303,1.1798853,-0.25045455
IMU,248771889145024,1.416551,7.1449685,4.321438,1.6677825,8.420975,4.7408934,-0.18066326,1.2519673,-0.22235478
IMU,248771891353202,1.4596218,7.1688967,4.3357944,1.6677825,8.420975,4.7408934,-0.15256348,1.3240494,-0.19792019
IMU,248771893561327,1.4883357,7.2023964,4.354937,1.6279968,8.418896,4.7583838,-0.12079851,1.3924663,-0.17592905
IMU,248771895769504,1.5409778,7.2215385,4.359723,1.6279968,8.418896,4.7583838,-0.091477,1.4596614,-0.15638138
IMU,248771897977681,1.6127625,7.240681,4.3118663,1.5865307,8.417971,4.7739997,-0.06582068,1.5244131,-0.1404989
IMU,248771900185806,1.6701902,7.2358956,4.287938,1.5865307,8.417971,4.7739997,-0.03894263,1.5867213,-0.12705988
IMU,248771902393983,1.713261,7.2550383,4.220939,1.5865307,8.417971,4.7739997,-0.018173227,1.6453643,-0.11728604
IMU,248771904602160,1.7659031,7.2215385,4.139583,1.5430838,8.418146,4.7879105,-0.0035124724,1.696677,-0.10995566
IMU,248771906810337,1.8233309,7.2119675,4.058227,1.5430838,8.418146,4.7879105,0.009926553,1.7418809,-0.10506874
IMU,248771909018462,1.8664017,7.2119675,3.9816568,1.4976405,8.419066,4.800707,0.01970039,1.782198,-0.10506874
IMU,248771911226639,1.9094725,7.1976104,3.885944,1.4976405,8.419066,4.800707,0.020922119,1.8359541,-0.1075122
IMU,248771913434816,1.9908284,7.1976104,3.8093736,1.4504519,8.420349,4.8129306,0.020922119,1.8359541,-0.1075122
IMU,248771915642941,2.053042,7.207182,3.7184465,1.4504519,8.420349,4.8129306,0.022143848,1.8506149,-0.11484258
IMU,248771917851118,2.1248264,7.240681,3.67059,1.4019648,8.421775,4.8247895,0.01847866,1.8530583,-0.124616414
IMU,248771920059295,2.201397,7.245467,3.6275191,1.4019648,8.421775,4.8247895,0.011148282,1.8493931,-0.13561198
IMU,248771922267420,2.2731814,7.2693954,3.6323047,1.4019648,8.421775,4.8247895,0.009926553,1.840841,-0.15271619
IMU,248771924475597,2.3449662,7.283752,3.6323047,1.3526225,8.423157,4.836449,0.006261364,1.827402,-0.17104214
IMU,248771926683774,2.4311078,7.3028946,3.641876,1.3526225,8.423157,4.836449,0.0013744457,1.8115195,-0.19303326
IMU,248771928891952,2.4837499,7.3172517,3.6323047,1.3023,8.424584,4.8477607,-0.004734202,1.7895284,-0.21868959
IMU,248771931100077,2.536392,7.30768,3.6179478,1.3023,8.424584,4.8477607,-0.013286309,1.7675372,-0.24556763
IMU,248771933308254,2.5507488,7.3028946,3.6323047,1.2507374,8.425935,4.858977,-0.023060145,1.7443243,-0.2761109
IMU,248771935516431,2.5698915,7.2789664,3.6227336,1.2507374,8.425935,4.858977,-0.03527744,1.7174463,-0.30665413
IMU,248771937724556,2.5842485,7.2502527,3.6083765,1.2507374,8.425935,4.858977,-0.047494736,1.69179,-0.34086254
IMU,248771939932733,2.5746772,7.23111,3.5988052,1.2507374,8.425935,4.858977,-0.062155493,1.660025,-0.375071
IMU,248771942140910,2.5459633,7.2119675,3.603591,1.197623,8.427023,4.8704596,-0.076816246,1.6294818,-0.41050112
IMU,248771944349087,2.5555346,7.1880393,3.5700915,1.1428366,8.427705,4.8824267,-0.091477,1.5940516,-0.4459313
IMU,248771946557212,2.5316064,7.216753,3.5270207,1.1428366,8.427705,4.8824267,-0.10980295,1.556178,-0.4801397
IMU,248771948765389,2.498107,7.1880393,3.4983068,1.0866301,8.427873,4.8949547,-0.12568542,1.5134175,-0.5167916
IMU,248771950973514,2.4933212,7.2023964,3.4360933,1.0866301,8.427873,4.8949547,-0.14278965,1.4682134,-0.55100006
IMU,248771953181691,2.4598217,7.2119675,3.4121652,1.02942,8.4274025,4.908113,-0.16478078,1.4193443,-0.5864302
IMU,248771955389868,2.4071796,7.183254,3.4073794,1.02942,8.4274025,4.908113,-0.18432845,1.3680316,-0.6218603
IMU,248771957598045,2.3832514,7.192825,3.37388,1.02942,8.4274025,4.908113,-0.20143266,1.3142756,-0.6560688
IMU,248771959806170,2.3401806,7.2023964,3.3690944,0.9715663,8.426117,4.9220915,-0.22220206,1.2605195,-0.68905544
IMU,248771962014347,2.2971098,7.2023964,3.37388,0.9715663,8.426117,4.9220915,-0.24174973,1.20432,-0.7208204
IMU,248771964222524,2.2492533,7.192825,3.359523,0.91347086,8.4239235,4.936949,-0.26374087,1.1493421,-0.7538071
IMU,248771966430649,2.1822543,7.1880393,3.3547373,0.91347086,8.4239235,4.936949,-0.28817546,1.0980295,-0.7855721
IMU,248771968638827,2.1343977,7.1784678,3.359523,0.91347086,8.4239235,4.936949,-0.28817546,1.0980295,-0.7855721
IMU,248771970847004,2.062613,7.1545396,3.3834512,0.85517806,8.420598,4.9530377,-0.33337945,1.0002911,-0.8454369
IMU,248771973055181,2.0051854,7.1162543,3.4169507,0.85517806,8.420598,4.9530377,-0.33337945,1.0002911,-0.8454369
IMU,248771975263306,1.9477576,7.0875406,3.4695928,0.7965493,8.415994,4.970608,-0.3846921,0.9098831,-0.90285814
IMU,248771977471483,1.8807586,7.0636125,3.507878,0.7965493,8.415994,4.970608,-0.41034842,0.8683443,-0.9309579
IMU,248771979679660,1.8329022,7.0779696,3.5940197,0.73750395,8.409856,4.9900703,-0.43600473,0.82924896,-0.957836
IMU,248771981887785,1.7946169,7.0540414,3.656233,0.73750395,8.409856,4.9900703,-0.4592176,0.79015356,-0.9834923
IMU,248771984095962,1.7850457,7.058827,3.723232,0.6780026,8.402163,5.011424,-0.48120874,0.7547234,-1.0091486
IMU,248771986304139,1.7659031,7.068398,3.7998023,0.6780026,8.402163,5.011424,-0.50197816,0.7180715,-1.0348049
IMU,248771988512264,1.7563318,7.1018977,3.8333018,0.6780026,8.402163,5.011424,-0.50197816,0.7180715,-1.0348049
IMU,248771990720441,1.7371893,7.1018977,3.900301,0.6181118,8.393039,5.0344048,-0.5398517,0.64476776,-1.0861176
IMU,248771992928618,1.713261,7.1018977,3.9768713,0.6181118,8.393039,5.0344048,-0.5398517,0.64476776,-1.0861176
IMU,248771995136795,1.6797615,7.082755,4.0869412,0.5578186,8.382577,5.058817,-0.57772535,0.57879436,-1.138652
IMU,248771997344920,1.6319051,7.04447,4.173083,0.5578186,8.382577,5.058817,-0.57772535,0.57879436,-1.138652
IMU,248771999553097,1.5840486,7.0061846,4.2687955,0.4968688,8.370707,5.0847597,-0.61071205,0.5189296,-1.1899645
IMU,248772001761274,1.5170496,6.977471,4.3836513,0.4968688,8.370707,5.0847597,-0.62659454,0.49082986,-1.2168427
IMU,248772003969399,1.4596218,6.9535427,4.5272202,0.43499205,8.357517,5.112051,-0.6388118,0.46761698,-1.2412772
IMU,248772006177577,1.3686945,6.9248285,4.618148,0.43499205,8.357517,5.112051,-0.6522509,0.44562587,-1.2644901
IMU,248772008385754,1.3016955,6.9152575,4.718646,0.37207696,8.3430805,5.140522,-0.66324645,0.42363474,-1.2864813
IMU,248772010593931,1.2203395,6.9248285,4.790431,0.37207696,8.3430805,5.140522,-0.6705768,0.4016436,-1.3060288
IMU,248772012802056,1.1246266,6.9248285,4.8382874,0.308417,8.327709,5.169576,-0.6717985,0.37598726,-1.3255765
IMU,248772015010233,1.0480564,6.948757,4.914858,0.308417,8.327709,5.169576,-0.67546374,0.3478875,-1.341459
IMU,248772017218410,0.9379865,6.9966135,5.0105705,0.308417,8.327709,5.169576,-0.67546374,0.3478875,-1.341459
IMU,248772019426535,0.8853444,7.0205417,5.1014977,0.2447057,8.311776,5.1985455,-0.6656899,0.286801,-1.3707806
IMU,248772021634712,0.79441714,7.0540414,5.163711,0.2447057,8.311776,5.1985455,-0.6583595,0.25625777,-1.3829979
IMU,248772023842889,0.7322037,7.097112,5.2498527,0.1813923,8.2957,5.2267437,-0.64492047,0.22571453,-1.3988804
IMU,248772026051066,0.6652047,7.1449685,5.316852,0.1813923,8.2957,5.2267437,-0.6339249,0.19761476,-1.4110976
IMU,248772028259191,0.6029913,7.149754,5.3312087,0.11843525,8.27977,5.253738,-0.6217076,0.17195843,-1.4257584
IMU,248772030467368,0.51206404,7.1449685,5.3503513,0.11843525,8.27977,5.253738,-0.60949033,0.14630212,-1.4416409
IMU,248772032675545,0.44506502,7.1306114,5.3407803,0.11843525,8.27977,5.253738,-0.60216,0.124310985,-1.4575233
IMU,248772034883670,0.35413775,7.1018977,5.2833524,0.055488512,8.263982,5.279575,-0.59605134,0.098654665,-1.4697406
IMU,248772037091847,0.2536392,7.097112,5.245067,0.055488512,8.263982,5.279575,-0.59482956,0.07055488,-1.4844015
IMU,248772039300024,0.15792629,7.0636125,5.211568,-0.007291009,8.247993,5.304805,-0.59727305,0.040011644,-1.4990622
IMU,248772041508202,0.06699903,7.0396843,5.144569,-0.007291009,8.247993,5.304805,-0.6009382,0.004581486,-1.5112795
IMU,248772043716327,-0.019142581,7.0540414,5.1158547,-0.0694364,8.231368,5.3301163,-0.6058251,-0.03329213,-1.5210533
IMU,248772045924504,-0.11485548,7.04447,5.0775695,-0.0694364,8.231368,5.3301163,-0.615599,-0.0772744,-1.5308272
IMU,248772048132733,-0.2105684,7.0492554,5.0105705,-0.13000828,8.213785,5.356044,-0.62781626,-0.12614357,-1.5381575
IMU,248772050340858,-0.30149564,7.0731835,4.9722853,-0.13000828,8.213785,5.356044,-0.6388118,-0.18112141,-1.5442661
IMU,248772052548983,-0.40677986,7.0731835,4.9722853,-0.13000828,8.213785,5.356044,-0.6498074,-0.23854269,-1.5503749
IMU,248772054757160,-0.5072784,7.068398,5.0009995,-0.18800364,8.195043,5.3829656,-0.66446817,-0.30207264,-1.55404
IMU,248772056965337,-0.5982057,7.0875406,5.029713,-0.18800364,8.195043,5.3829656,-0.67790717,-0.36560258,-1.5552617
IMU,248772059173462,-0.6891329,7.058827,5.0536413,-0.2425278,8.174936,5.4112835,-0.69256794,-0.4327977,-1.5552617
IMU,248772061381639,-0.79920274,7.058827,5.111069,-0.2425278,8.174936,5.4112835,-0.70845044,-0.49999282,-1.5552617
IMU,248772063589816,-0.8470592,7.04447,5.178068,-0.2425278,8.174936,5.4112835,-0.72555465,-0.56718796,-1.55404
IMU,248772065797993,-0.9284152,7.0396843,5.259424,-0.29295912,8.153345,5.44128,-0.73899364,-0.6368265,-1.5503749
IMU,248772068006118,-0.9954142,7.0205417,5.3216376,-0.33881858,8.130252,5.47308,-0.75487614,-0.7027999,-1.5442661
IMU,248772070214295,-1.0719845,7.0205417,5.474778,-0.33881858,8.130252,5.47308,-0.7670934,-0.7651081,-1.5369358
IMU,248772072422472,-1.1294123,6.991828,5.6039906,-0.33881858,8.130252,5.47308,-0.778089,-0.82741636,-1.527162
IMU,248772074630597,-1.1437693,6.987042,5.7667027,-0.37990624,8.105787,5.506566,-0.78786284,-0.8799507,-1.5137229
IMU,248772076838774,-1.1820544,6.977471,5.9581285,-0.37990624,8.105787,5.506566,-0.79274976,-0.92393297,-1.500284
IMU,248772079046952,-1.2251252,6.9822564,6.135197,-0.41633654,8.080257,5.5413437,-0.7939715,-0.9630283,-1.4831797
IMU,248772081255129,-1.2251252,6.9822564,6.2931237,-0.41633654,8.080257,5.5413437,-0.79274976,-0.9972367,-1.4648538
IMU,248772083463254,-1.2394822,6.9535427,6.398408,-0.44861755,8.054211,5.5766315,-0.78786284,-1.0192279,-1.4453061
IMU,248772085671431,-1.2346965,6.963114,6.5371914,-0.44861755,8.054211,5.5766315,-0.77931076,-1.0399973,-1.4257584
IMU,248772087879608,-1.2251252,6.9726853,6.6711893,-0.47739482,8.02826,5.6115513,-0.76465,-1.0522146,-1.404989
IMU,248772090087785,-1.1916257,6.9726853,6.8195443,-0.47739482,8.02826,5.6115513,-0.7499892,-1.0571015,-1.3829979
IMU,248772092295910,-1.1724831,6.9678993,6.9583282,-0.47739482,8.02826,5.6115513,-0.732885,-1.0534363,-1.3634502
IMU,248772094504087,-1.134198,6.9822564,7.0731835,-0.5035368,8.002915,5.6453686,-0.71089387,-1.0399973,-1.3439025
IMU,248772096712264,-1.0863415,6.9966135,7.173682,-0.5035368,8.002915,5.6453686,-0.6864593,-1.0204496,-1.3243549
IMU,248772098920441,-1.0145568,7.025327,7.259824,-0.5283966,7.978685,5.677304,-0.66080296,-0.9947933,-1.309694
IMU,248772101128566,-0.9523434,7.04447,7.298109,-0.5283966,7.978685,5.677304,-0.6363684,-0.9654718,-1.2950333
IMU,248772103336743,-0.8853444,7.0731835,7.288538,-0.5531686,7.955908,5.7068305,-0.6058251,-0.9288199,-1.282816
IMU,248772105544920,-0.81834537,7.1066833,7.245467,-0.5531686,7.955908,5.7068305,-0.58016884,-0.8946115,-1.2791508
IMU,248772107753045,-0.74177504,7.1449685,7.192825,-0.5531686,7.955908,5.7068305,-0.55695593,-0.8542944,-1.2754856
IMU,248772109961222,-0.6891329,7.1688967,7.1018977,-0.57912624,7.934721,5.7336903,-0.5398517,-0.8164208,-1.2754856
IMU,248772112169399,-0.6364908,7.192825,6.9966135,-0.57912624,7.934721,5.7336903,-0.5264127,-0.77366024,-1.2815943
IMU,248772114377524,-0.61734825,7.216753,6.8721867,-0.57912624,7.934721,5.7336903,-0.5264127,-0.77366024,-1.2815943
IMU,248772116585702,-0.5886344,7.2358956,6.719046,-0.6073418,7.914556,5.758586,-0.51908237,-0.69302607,-1.3072506
IMU,248772118793879,-0.5982057,7.2358956,6.532406,-0.63896203,7.894551,5.782576,-0.52763444,-0.6563742,-1.3267983
IMU,248772121002056,-0.6364908,7.2358956,6.326623,-0.63896203,7.894551,5.782576,-0.54473865,-0.6221658,-1.346346
IMU,248772123210181,-0.7178468,7.259824,6.1447687,-0.67438513,7.8735027,5.807197,-0.5716167,-0.59284425,-1.3671154
IMU,248772125418358,-0.8039884,7.259824,5.977271,-0.67438513,7.8735027,5.807197,-0.6033817,-0.5684097,-1.3903283
IMU,248772127626535,-0.93320084,7.283752,5.852844,-0.67438513,7.8735027,5.807197,-0.64247704,-0.548862,-1.4123194
IMU,248772129834712,-1.0576276,7.283752,5.723632,-0.71341443,7.8501544,5.834082,-0.68890274,-0.535423,-1.431867
IMU,248772132042837,-1.1964114,7.288538,5.6709895,-0.71341443,7.8501544,5.834082,-0.7377719,-0.52687085,-1.4489713
IMU,248772134251014,-1.3208381,7.298109,5.6039906,-0.7550649,7.823409,5.8646836,-0.79152805,-0.5232057,-1.463632
IMU,248772136459191,-1.4596218,7.3268228,5.5944195,-0.7550649,7.823409,5.8646836,-0.8440624,-0.521984,-1.4734058
IMU,248772138667368,-1.5840486,7.3459654,5.6470613,-0.7980084,7.792727,5.8997445,-0.8965968,-0.5244274,-1.477071
IMU,248772140875493,-1.713261,7.3603225,5.6949177,-0.7980084,7.792727,5.8997445,-0.9503529,-0.52931434,-1.4758493
IMU,248772143083670,-1.8041883,7.3603225,5.7954164,-0.84084636,7.758,5.939428,-1.0004438,-0.5317578,-1.4746276
IMU,248772145291847,-1.9094725,7.365108,5.977271,-0.84084636,7.758,5.939428,-1.0480913,-0.53297955,-1.4672972
IMU,248772147499972,-1.9812572,7.3842506,6.168697,-0.84084636,7.758,5.939428,-1.0480913,-0.53297955,-1.4672972
IMU,248772149708149,-2.0721843,7.3698936,6.393622,-0.84084636,7.758,5.939428,-1.08963,-0.53297955,-1.4563017
IMU,248772151916327,-2.1487548,7.365108,6.63769,-0.8828544,7.719483,5.983356,-1.1568252,-0.5207622,-1.4282019
IMU,248772154124504,-2.201397,7.350751,6.853044,-0.92375886,7.677905,6.030492,-1.1800381,-0.50976664,-1.4110976
IMU,248772156332629,-2.2636101,7.365108,7.0875406,-0.92375886,7.677905,6.030492,-1.1995857,-0.490219,-1.3939934
IMU,248772158540806,-2.306681,7.331609,7.34118,-0.9638479,7.6341877,6.0795193,-1.2105813,-0.46822786,-1.3744458
IMU,248772160748983,-2.3784657,7.331609,7.537391,-0.9638479,7.6341877,6.0795193,-1.2142465,-0.4413498,-1.3536763
IMU,248772162957160,-2.3976083,7.312466,7.7383885,-0.9638479,7.6341877,6.0795193,-1.2142465,-0.4413498,-1.3536763
IMU,248772165165337,-2.4311078,7.2933235,7.9106717,-1.0036083,7.589377,6.12899,-1.2069161,-0.3827068,-1.3182462
IMU,248772167373462,-2.455036,7.274181,8.068598,-1.0036083,7.589377,6.12899,-1.193477,-0.34727663,-1.3023638
IMU,248772169581639,-2.4741786,7.2550383,8.183454,-1.0036083,7.589377,6.12899,-1.193477,-0.34727663,-1.3023638
IMU,248772171789816,-2.455036,7.245467,8.322237,-1.0436562,7.544439,6.177589,-1.1556034,-0.2715294,-1.2767074
IMU,248772173997941,-2.498107,7.2215385,8.432307,-1.0847781,7.500244,6.224145,-1.1299471,-0.22876886,-1.2657118
IMU,248772176206118,-2.5124638,7.183254,8.5423765,-1.0847781,7.500244,6.224145,-1.1067343,-0.18723005,-1.2547163
IMU,248772178414295,-2.5507488,7.159325,8.571091,-1.1276237,7.457244,6.2680435,-1.1067343,-0.18723005,-1.2547163
IMU,248772180622472,-2.6081767,7.1210403,8.63809,-1.1276237,7.457244,6.2680435,-1.0505347,-0.094378605,-1.2388338
IMU,248772182830597,-2.6943183,7.082755,8.695518,-1.1728293,7.4157014,6.308902,-1.022435,-0.050396346,-1.2327251
IMU,248772185038774,-2.78046,7.0540414,8.724232,-1.1728293,7.4157014,6.308902,-0.9931134,-0.010079269,-1.2266165
IMU,248772187246952,-2.8666015,7.001399,8.752945,-1.1728293,7.4157014,6.308902,-0.9674571,0.027794348,-1.2192861
IMU,248772189455129,-2.9383862,6.987042,8.786445,-1.2202868,7.37569,6.3466916,-0.93691385,0.062002774,-1.2119557
IMU,248772191663254,-2.9958138,6.977471,8.819944,-1.2202868,7.37569,6.3466916,-0.9112575,0.092546016,-1.2046254
IMU,248772193871431,-3.048456,6.9822564,8.834301,-1.2694001,7.337269,6.3814964,-0.881936,0.11575887,-1.2009602
IMU,248772196079608,-3.0723844,6.987042,8.839087,-1.2694001,7.337269,6.3814964,-0.8513928,0.13775001,-1.1924081
IMU,248772198287785,-3.0963125,7.01097,8.834301,-1.3193566,7.300605,6.4133334,-0.82451475,0.15241076,-1.1814125
IMU,248772200495910,-3.0867412,7.0205417,8.819944,-1.3193566,7.300605,6.4133334,-0.7939715,0.16340633,-1.1753038
IMU,248772202704087,-3.1154552,7.0301127,8.786445,-1.3193566,7.300605,6.4133334,-0.76220655,0.16829325,-1.1667517
IMU,248772204912264,-3.1345978,7.04447,8.738588,-1.3692324,7.2658753,6.442254,-0.7341067,0.16462806,-1.1581997
IMU,248772207120441,-3.1680973,7.0731835,8.700303,-1.3692324,7.2658753,6.442254,-0.7047852,0.15241076,-1.1484258
IMU,248772209328566,-3.196811,7.0779696,8.623733,-1.4178654,7.233146,6.4685116,-0.674242,0.13652828,-1.1374302
IMU,248772211536743,-3.2159536,7.1210403,8.56152,-1.4178654,7.233146,6.4685116,-0.64736396,0.11209369,-1.1300999
IMU,248772213744920,-3.2303107,7.1449685,8.480164,-1.4641153,7.2024584,6.4924073,-0.6204859,0.08032872,-1.120326
IMU,248772215953097,-3.2398818,7.173682,8.389236,-1.4641153,7.2024584,6.4924073,-0.59849477,0.04367683,-1.1056652
IMU,248772218161222,-3.2638102,7.1976104,8.312666,-1.5066903,7.173614,6.5145636,-0.59849477,0.04367683,-1.1056652
IMU,248772220369399,-3.2829528,7.2023964,8.221739,-1.5066903,7.173614,6.5145636,-0.5557342,-0.046731155,-1.0787872
IMU,248772222577577,-3.278167,7.2023964,8.140383,-1.5066903,7.173614,6.5145636,-0.5398517,-0.09682207,-1.0665699
IMU,248772224785702,-3.2973096,7.2023964,8.039884,-1.5446134,7.146332,6.535632,-0.5264127,-0.14569125,-1.0531309
IMU,248772226993879,-3.2925239,7.1880393,8.001599,-1.5446134,7.146332,6.535632,-0.51541716,-0.19944735,-1.0409136
IMU,248772229202056,-3.2877383,7.2023964,7.9154572,-1.5775813,7.120133,6.5563207,-0.506865,-0.24953826,-1.0250311
IMU,248772231410233,-3.278167,7.192825,7.838887,-1.5775813,7.120133,6.5563207,-0.5007564,-0.3008509,-1.0103704
IMU,248772233618410,-3.2590244,7.192825,7.7623167,-1.6054121,7.094644,6.5771623,-0.49953467,-0.3497201,-0.99815303
IMU,248772235826535,-3.2350962,7.192825,7.6953177,-1.6054121,7.094644,6.5771623,-0.49953467,-0.39614582,-0.98471403
IMU,248772238034712,-3.2063823,7.207182,7.676175,-1.6284456,7.0693517,6.5986986,-0.49953467,-0.39614582,-0.98471403
IMU,248772240242889,-3.1489546,7.2215385,7.685746,-1.6284456,7.0693517,6.5986986,-0.51053023,-0.47800168,-0.9590577
IMU,248772242451066,-3.1202407,7.192825,7.728817,-1.6284456,7.0693517,6.5986986,-0.5178606,-0.5085449,-0.94928384
IMU,248772244659191,-3.101098,7.173682,7.7910304,-1.6473709,7.0437346,6.6213565,-0.5264127,-0.53420126,-0.94073176
IMU,248772246867368,-3.0675986,7.1306114,7.8867435,-1.6473709,7.0437346,6.6213565,-0.5361866,-0.548862,-0.9334014
IMU,248772249075545,-3.048456,7.1018977,7.958528,-1.6473709,7.0437346,6.6213565,-0.5361866,-0.548862,-0.9334014
IMU,248772251283722,-3.048456,7.04447,8.030313,-1.6636767,7.017407,6.645191,-0.54351693,-0.55863583,-0.926071
IMU,248772253491847,-3.0293136,7.025327,8.116454,-1.6636767,7.017407,6.645191,-0.5508473,-0.5708531,-0.9138537
IMU,248772255700024,-3.0293136,7.0061846,8.183454,-1.6784841,6.9904995,6.6697826,-0.54840386,-0.57574004,-0.9089668
IMU,248772257908462,-3.048456,6.9726853,8.236095,-1.6922971,6.9634995,6.6944895,-0.54351693,-0.57818353,-0.90407985
IMU,248772260116327,-3.0723844,6.9248285,8.312666,-1.6922971,6.9634995,6.6944895,-0.5361866,-0.58062696,-0.8991929
IMU,248772262324504,-3.0963125,6.9152575,8.389236,-1.6922971,6.9634995,6.6944895,-0.5215258,-0.5818487,-0.8955278
IMU,248772264532681,-3.0963125,6.9009004,8.422736,-1.7054232,6.937004,6.7186236,-0.5056433,-0.58062696,-0.89064085
IMU,248772266740858,-3.1202407,6.876972,8.441878,-1.7054232,6.937004,6.7186236,-0.48487392,-0.57696176,-0.88697565
IMU,248772268948983,-3.129812,6.862615,8.446664,-1.7054232,6.937004,6.7186236,-0.4628828,-0.5720749,-0.880867
IMU,248772271157160,-3.1489546,6.853044,8.46102,-1.7181662,6.9117727,6.741341,-0.44089165,-0.5659662,-0.8759801
IMU,248772273365337,-3.1537402,6.853044,8.451449,-1.730769,6.888239,6.762173,-0.41523534,-0.55985755,-0.87109315
IMU,248772275573514,-3.158526,6.843473,8.456235,-1.730769,6.888239,6.762173,-0.39202246,-0.54764026,-0.86131936
IMU,248772277781691,-3.1776686,6.843473,8.446664,-1.7433686,6.8666053,6.7809134,-0.3688096,-0.535423,-0.8515455
IMU,248772279989816,-3.182454,6.8339014,8.427522,-1.7433686,6.8666053,6.7809134,-0.34559676,-0.5195405,-0.84177166
IMU,248772282197993,-3.1680973,6.843473,8.374879,-1.7433686,6.8666053,6.7809134,-0.32360563,-0.503658,-0.8332196
IMU,248772284406170,-3.1776686,6.829116,8.3174515,-1.7433686,6.8666053,6.7809134,-0.30039275,-0.48777553,-0.8185588
IMU,248772286614347,-3.182454,6.814759,8.260024,-1.7562258,6.8468876,6.7975125,-0.27962336,-0.47067133,-0.8063415
IMU,248772288822472,-3.196811,6.814759,8.169097,-1.7692887,6.82908,6.8120236,-0.26251915,-0.45478883,-0.7965677
IMU,248772291030649,-3.1776686,6.795616,8.082955,-1.7692887,6.82908,6.8120236,-0.24174973,-0.43768463,-0.7843504
IMU,248772293238827,-3.1776686,6.786045,8.006385,-1.7826377,6.8129606,6.824672,-0.2283107,-0.42302385,-0.77213305
IMU,248772295447004,-3.1872396,6.7812595,7.925029,-1.7826377,6.8129606,6.824672,-0.21487169,-0.40958482,-0.76235926
IMU,248772297655129,-3.1920254,6.7334027,7.8484583,-1.7826377,6.8129606,6.824672,-0.20143266,-0.39614582,-0.750142
IMU,248772299863306,-3.1728828,6.7094746,7.752745,-1.7961485,6.798184,6.835857,-0.18921536,-0.38148504,-0.7391464
IMU,248772302071483,-3.1345978,6.6855464,7.652247,-1.7961485,6.798184,6.835857,-0.18066326,-0.37171122,-0.72937256
IMU,248772304279660,-3.1058838,6.6424756,7.556534,-1.8097245,6.7845316,6.8458314,-0.17455462,-0.3594939,-0.718377
IMU,248772306487785,-3.07717,6.623333,7.470392,-1.8232657,6.771593,6.8550434,-0.16355905,-0.33994624,-0.700051
IMU,248772308695962,-3.0436704,6.5850477,7.4177504,-1.8232657,6.771593,6.8550434,-0.16355905,-0.33994624,-0.700051
IMU,248772310904139,-2.981457,6.5659056,7.365108,-1.8232657,6.771593,6.8550434,-0.15989386,-0.33017242,-0.69272065
IMU,248772313112316,-2.952743,6.541977,7.312466,-1.8232657,6.771593,6.8550434,-0.1574504,-0.3179551,-0.6902772
IMU,248772315320493,-2.9336007,6.518049,7.259824,-1.8368589,6.759171,6.8636694,-0.15989386,-0.30695954,-0.6853903
IMU,248772317528618,-2.9096723,6.4606214,7.245467,-1.8368589,6.759171,6.8636694,-0.16111559,-0.29474226,-0.6817251
IMU,248772319736795,-2.8713872,6.4414787,7.23111,-1.850917,6.746775,6.872083,-0.16478078,-0.27885976,-0.6780599
IMU,248772321944972,-2.8570302,6.4175506,7.2023964,-1.850917,6.746775,6.872083,-0.17211115,-0.2593121,-0.68050337
IMU,248772324153149,-2.8187451,6.384051,7.1880393,-1.8660018,6.734009,6.8805203,-0.18066326,-0.23854269,-0.6817251
IMU,248772326361274,-2.804388,6.3601227,7.164111,-1.8660018,6.734009,6.8805203,-0.18921536,-0.21899502,-0.6841686
IMU,248772328569452,-2.7852457,6.3361945,7.111469,-1.8826717,6.720493,6.8891883,-0.1989892,-0.19822562,-0.6853903
IMU,248772330777629,-2.7565317,6.317052,7.0875406,-1.8826717,6.720493,6.8891883,-0.2112065,-0.18234314,-0.6878337
IMU,248772332985754,-2.7613173,6.2931237,7.058827,-1.9007748,6.7060494,6.898285,-0.22220206,-0.16768238,-0.69149894
IMU,248772335193931,-2.737389,6.2644095,7.0301127,-1.9007748,6.7060494,6.898285,-0.23441936,-0.15790854,-0.69516414
IMU,248772337402108,-2.7326035,6.2213387,7.001399,-1.9007748,6.7060494,6.898285,-0.24785839,-0.15424335,-0.700051
IMU,248772339610285,-2.7421749,6.1974106,7.0205417,-1.9198216,6.690514,6.908088,-0.25885394,-0.15302163,-0.7037162
IMU,248772341818462,-2.7326035,6.178268,7.025327,-1.9198216,6.690514,6.908088,-0.2698495,-0.15668681,-0.70982486
IMU,248772344026587,-2.737389,6.1639113,7.0348988,-1.9391552,6.673873,6.918778,-0.27962336,-0.160352,-0.7171553
IMU,248772346234816,-2.7756743,6.1591253,7.068398,-1.9391552,6.673873,6.918778,-0.28939718,-0.16890411,-0.7232639
IMU,248772348442941,-2.78046,6.15434,7.068398,-1.9584237,6.656222,6.9303446,-0.29672757,-0.18112141,-0.731816
IMU,248772350651118,-2.7948167,6.1639113,7.0875406,-1.9584237,6.656222,6.9303446,-0.30405796,-0.19456044,-0.7391464
IMU,248772352859243,-2.8187451,6.1447687,7.0731835,-1.9771308,6.6377463,6.942741,-0.3101666,-0.21166465,-0.74525505
IMU,248772355067420,-2.8283165,6.1399827,7.082755,-1.9771308,6.6377463,6.942741,-0.31383178,-0.23243405,-0.7538071
IMU,248772357275597,-2.8426733,6.15434,7.068398,-1.9771308,6.6377463,6.942741,-0.31627524,-0.2556469,-0.7611375
IMU,248772359483774,-2.8283165,6.1399827,7.0731835,-1.9947174,6.6187034,6.9558787,-0.32116216,-0.2837467,-0.7672462
IMU,248772361691899,-2.6703901,6.206982,6.9726853,-1.9947174,6.6187034,6.9558787,-0.32482734,-0.3167334,-0.7733548
IMU,248772363900077,-2.737389,6.15434,7.0540414,-2.010238,6.5992017,6.969925,-0.32849252,-0.35582873,-0.7819069
IMU,248772366108254,-2.8235307,6.096912,7.082755,-2.010238,6.5992017,6.969925,-0.33337945,-0.3912589,-0.7892373
IMU,248772368316431,-2.8905299,6.04427,7.164111,-2.023442,6.579052,6.9851375,-0.33704466,-0.42302385,-0.7941242
IMU,248772370524556,-2.9671001,5.9724855,7.2023964,-2.023442,6.579052,6.9851375,-0.34070984,-0.4486802,-0.7990111
IMU,248772372732733,-3.0245278,5.919843,7.125826,-2.023442,6.579052,6.9851375,-0.3480402,-0.47677997,-0.8026763
IMU,248772374940910,-3.1154552,5.838487,7.0348988,-2.0348086,6.558213,7.0014124,-0.35659233,-0.50976664,-0.8002329
IMU,248772377149087,-3.2159536,5.7140603,6.948757,-2.0348086,6.558213,7.0014124,-0.36514443,-0.54764026,-0.7977894
IMU,248772379357264,-3.5270207,5.1828537,6.876972,-2.0435991,6.536631,7.0190134,-0.37491825,-0.5879573,-0.7892373
IMU,248772381565441,-3.67059,4.9435716,6.800402,-2.0435991,6.536631,7.0190134,-0.3846921,-0.6380483,-0.7696896
IMU,248772383773566,-3.5413775,5.2402816,6.8195443,-2.0483687,6.514036,7.0386014,-0.4017963,-0.69424784,-0.7440333
IMU,248772385981743,-3.37388,5.5226345,6.786045,-2.0483687,6.514036,7.0386014,-0.41890052,-0.7467822,-0.72448564
IMU,248772388189920,-3.1920254,5.790631,6.7429743,-2.046836,6.4908905,7.060396,-0.44211337,-0.8042035,-0.71349007
IMU,248772390398097,-3.0580273,6.0729837,6.8243303,-2.046836,6.4908905,7.060396,-0.46899143,-0.8640682,-0.7110466
IMU,248772392606222,-2.9431717,6.2931237,6.8817577,-2.046836,6.4908905,7.060396,-0.46899143,-0.8640682,-0.7110466
IMU,248772394814399,-2.8713872,6.431907,6.8865438,-2.0396411,6.4662666,7.0850296,-0.5264127,-0.9776891,-0.7232639
IMU,248772397022577,-2.8474588,6.5084777,6.8913293,-2.0396411,6.4662666,7.0850296,-0.5581777,-1.0338887,-0.7354812
IMU,248772399230754,-2.8474588,6.546763,6.910472,-2.0280852,6.4392543,7.112894,-0.5923861,-1.0876447,-0.7476985
IMU,248772401438879,-2.8761728,6.532406,6.9009004,-2.0280852,6.4392543,7.112894,-0.63025975,-1.1389574,-0.75869405
IMU,248772403647056,-2.8905299,6.474978,6.876972,-2.0280852,6.4392543,7.112894,-0.6717985,-1.1853831,-0.7660244
IMU,248772405855233,-2.9192436,6.4031935,6.814759,-2.0128767,6.4091234,7.1443577,-0.7145591,-1.2342523,-0.7696896
IMU,248772408063410,-2.9192436,6.3218374,6.800402,-1.9938701,6.3754253,7.1797504,-0.75854135,-1.2831215,-0.7672462
IMU,248772410271587,-2.9096723,6.2309103,6.795616,-1.9938701,6.3754253,7.1797504,-0.8013019,-1.3332124,-0.75991577
IMU,248772412479764,-2.9192436,6.1304116,6.795616,-1.9938701,6.3754253,7.1797504,-0.84039724,-1.3784164,-0.74158984
IMU,248772414687889,-2.8713872,6.096912,6.8817577,-1.9700158,6.338351,7.219054,-0.8770491,-1.4236203,-0.7208204
IMU,248772416896066,-2.8283165,6.068198,6.977471,-1.9700158,6.338351,7.219054,-0.913701,-1.4639374,-0.6976076
IMU,248772419104243,-2.8187451,6.0490556,7.0779696,-1.9406137,6.2985935,7.261688,-0.9418008,-1.4981458,-0.66706437
IMU,248772421312368,-2.7900312,6.068198,7.216753,-1.9406137,6.2985935,7.261688,-0.9674571,-1.5299108,-0.62919074
IMU,248772423520545,-2.7708886,6.135197,7.331609,-1.9056433,6.2571564,7.3066344,-0.9833396,-1.5543455,-0.59253883
IMU,248772425728722,-2.7852457,6.2261243,7.4847493,-1.9056433,6.2571564,7.3066344,-0.99922204,-1.5775583,-0.5534435
IMU,248772427936899,-2.8091738,6.2787666,7.6666036,-1.8655509,6.2151265,7.3527083,-1.0077741,-1.5946625,-0.51556987
IMU,248772430145077,-2.8378878,6.3218374,7.838887,-1.8655509,6.2151265,7.3527083,-1.0138829,-1.6044364,-0.47769627
IMU,248772432353202,-2.8235307,6.3744793,7.9680996,-1.8655509,6.2151265,7.3527083,-1.0138829,-1.6117667,-0.44104436
IMU,248772434561379,-2.833102,6.4175506,8.039884,-1.8214113,6.173231,7.398924,-1.0138829,-1.6117667,-0.44104436
IMU,248772436769556,-2.833102,6.45105,8.111669,-1.8214113,6.173231,7.398924,-1.0065525,-1.6252058,-0.36651886
IMU,248772438977733,-2.8474588,6.4462643,8.16431,-1.7736717,6.132215,7.444489,-0.99922204,-1.6325362,-0.32986698
IMU,248772441185910,-2.8570302,6.422336,8.255239,-1.7736717,6.132215,7.444489,-0.98944825,-1.637423,-0.2944368
IMU,248772443394035,-2.8139594,6.398408,8.288737,-1.7225574,6.0924444,7.489013,-0.9808961,-1.6410882,-0.25900668
IMU,248772445602212,-2.7613173,6.3744793,8.331808,-1.7225574,6.0924444,7.489013,-0.96990055,-1.637423,-0.22357652
IMU,248772447810389,-2.7086751,6.326623,8.360522,-1.668719,6.053983,7.532267,-0.9613485,-1.6300926,-0.19058982
IMU,248772450018566,-2.6464617,6.2644095,8.389236,-1.668719,6.053983,7.532267,-0.9503529,-1.6203188,-0.15760311
IMU,248772452226743,-2.5555346,6.2213387,8.432307,-1.668719,6.053983,7.532267,-0.94057906,-1.6032146,-0.124616414
IMU,248772454434868,-2.5028925,6.1639113,8.49452,-1.6131029,6.016783,7.574075,-0.9320269,-1.5836669,-0.09040799
IMU,248772456643045,-2.388037,6.1208405,8.532805,-1.6131029,6.016783,7.574075,-0.92347485,-1.5580106,-0.05864302
IMU,248772458851222,-2.3018954,6.096912,8.580662,-1.5566187,5.9807186,7.614351,-0.9124793,-1.5311326,-0.02687805
IMU,248772461059399,-2.210968,6.068198,8.63809,-1.5566187,5.9807186,7.614351,-0.90637064,-1.5005894,0.0073303776
IMU,248772463267524,-2.1104696,6.0394845,8.685946,-1.5566187,5.9807186,7.614351,-0.8978185,-1.470046,0.039095346
IMU,248772465475702,-2.0051854,6.0011992,8.7577305,-1.4998953,5.94574,7.6530304,-0.88926643,-1.4358376,0.06963859
IMU,248772467683879,-1.8807586,5.9964137,8.796016,-1.4998953,5.94574,7.6530304,-0.881936,-1.4004076,0.098960094
IMU,248772469892056,-1.7754744,6.029913,8.839087,-1.4434731,5.911752,7.6901207,-0.87338394,-1.3686426,0.12705988
IMU,248772472100233,-1.6654046,6.0490556,8.882157,-1.4434731,5.911752,7.6901207,-0.8648318,-1.3319906,0.15027274
IMU,248772474308358,-1.5744773,6.0634127,8.925228,-1.3877528,5.8787823,7.7255707,-0.85505795,-1.2953387,0.17348559
IMU,248772476516535,-1.4644074,6.068198,8.949157,-1.3877528,5.8787823,7.7255707,-0.8428407,-1.2611303,0.194255
IMU,248772478724712,-1.3782659,6.068198,8.992228,-1.3332906,5.8468776,7.7593007,-0.8355103,-1.2244785,0.21380267
IMU,248772480932889,-1.2921243,6.0777693,9.020942,-1.3332906,5.8468776,7.7593007,-0.8269582,-1.1914917,0.23090689
IMU,248772483141066,-1.2203395,6.0921264,9.040084,-1.3332906,5.8468776,7.7593007,-0.8269582,-1.1914917,0.23090689
IMU,248772485349191,-1.1389836,6.0634127,9.059227,-1.2802457,5.815815,7.791512,-0.8147409,-1.131627,0.2602284
IMU,248772487557368,-1.0576276,6.0825553,9.064013,-1.2802457,5.815815,7.791512,-0.80863225,-1.1010838,0.27488914
IMU,248772489765545,-0.9906286,6.0729837,9.097511,-1.2802457,5.815815,7.791512,-0.80863225,-1.0766492,0.28954992
IMU,248772491973722,-0.90448695,6.053841,9.107083,-1.2285956,5.7853246,7.822466,-0.80741054,-1.0485494,0.30543238
IMU,248772494181899,-0.83748794,6.04427,9.107083,-1.1780727,5.7549834,7.8525596,-0.81229746,-1.0228931,0.32131487
IMU,248772496390024,-0.7513463,6.0251274,9.092726,-1.1780727,5.7549834,7.8525596,-0.8147409,-0.996015,0.33353218
IMU,248772498598202,-0.6652047,6.0107703,9.116654,-1.1286902,5.724316,7.8821726,-0.82573646,-0.97158045,0.34819293
IMU,248772500806379,-0.5599205,6.0011992,9.083155,-1.1286902,5.724316,7.8821726,-0.83673203,-0.9447024,0.36285368
IMU,248772503014556,-0.47856453,5.986842,9.0544405,-1.1286902,5.724316,7.8821726,-0.83673203,-0.9447024,0.36285368
IMU,248772505222733,-0.3924229,5.977271,9.035298,-1.0804534,5.6926665,7.9117985,-0.8770491,-0.892168,0.3921752
IMU,248772507430858,-0.29671,5.9820566,9.044869,-1.0804534,5.6926665,7.9117985,-0.9112575,-0.87017685,0.40683594
IMU,248772509639035,-0.18664017,6.029913,9.078369,-1.0332526,5.658871,7.942289,-0.95279634,-0.8457423,0.42027497
IMU,248772511847212,-0.124426775,6.0825553,9.140582,-1.0332526,5.658871,7.942289,-1.0065525,-0.82375115,0.43249226
IMU,248772514055389,-0.047856454,6.192625,9.241081,-0.9869867,5.620974,7.9750166,-1.0713041,-0.80298173,0.44470957
IMU,248772516263566,0.033499517,6.326623,9.379865,-0.9869867,5.620974,7.9750166,-1.1494948,-0.79076445,0.45326167
IMU,248772518471691,0.05742774,6.498906,9.561719,-0.9869867,5.620974,7.9750166,-1.1494948,-0.79076445,0.45326167
IMU,248772520679868,0.07178468,6.680761,9.82493,-0.9412705,5.5766153,8.011602,-1.3364195,-0.81031215,0.4422661
IMU,248772522888045,0.0,6.8195443,10.188639,-0.8946375,5.5234046,8.053697,-1.4353795,-0.84329885,0.42760533
IMU,248772525096222,-0.11006984,6.9344,10.700703,-0.8946375,5.5234046,8.053697,-1.5306745,-0.8872811,0.40683594
IMU,248772527304347,-0.25842485,6.963114,11.284552,-0.8946375,5.5234046,8.053697,-1.6125304,-0.93981546,0.3836231
IMU,248772529512524,-0.41156548,6.9296145,11.949757,-0.8946375,5.5234046,8.053697,-1.6125304,-0.93981546,0.3836231
IMU,248772531720702,-0.55513483,6.843473,12.638889,-0.84544706,5.4608684,8.101513,-1.7200425,-1.0448842,0.3518581
IMU,248772533928879,-0.65084773,6.6855464,13.313665,-0.792783,5.3916283,8.15305,-1.735925,-1.0876447,0.34452772
IMU,248772536137056,-0.75613195,6.4845495,13.974084,-0.792783,5.3916283,8.15305,-1.7237077,-1.1206315,0.34452772
IMU,248772538345181,-0.80877405,6.2787666,14.601004,-0.792783,5.3916283,8.15305,-1.6797254,-1.145066,0.34941465
IMU,248772540553358,-0.7896315,6.058627,15.184853,-0.73705643,5.3207936,8.204651,-1.613752,-1.1597267,0.3591885
IMU,248772542761535,-0.7513463,5.8097734,15.706488,-0.73705643,5.3207936,8.204651,-1.5184572,-1.1572833,0.37262753
IMU,248772544969712,-0.66041905,5.5800624,16.141981,-0.67934436,5.2541733,8.252426,-1.4023929,-1.1401792,0.38851
IMU,248772547177889,-0.55034924,5.369494,16.443478,-0.67934436,5.2541733,8.252426,-1.2692243,-1.104749,0.40561423
IMU,248772549386014,-0.41635114,5.1924253,16.587046,-0.62222934,5.1971893,8.292914,-1.1238384,-1.0595449,0.42394015
IMU,248772551594191,-0.26799613,5.0392847,16.64926,-0.62222934,5.1971893,8.292914,-0.9637919,-0.9972367,0.43615746
IMU,248772553802368,-0.11964113,4.9196434,16.596619,-0.5687036,5.153686,8.323851,-0.9637919,-0.9972367,0.43615746
IMU,248772556010545,0.023928227,4.8191447,16.453049,-0.5687036,5.153686,8.323851,-0.6241511,-0.8506292,0.45692685
IMU,248772558218722,0.14356937,4.7138605,16.261623,-0.5211743,5.1259084,8.3440895,-0.44944376,-0.76999503,0.46425724
IMU,248772560426899,0.2632105,4.6564326,15.993627,-0.5211743,5.1259084,8.3440895,-0.27229297,-0.6832523,0.4667007
IMU,248772562635024,0.3589234,4.584648,15.663417,-0.5211743,5.1259084,8.3440895,-0.09880738,-0.5989529,0.46914417
IMU,248772564843202,0.4977071,4.5320063,15.347565,-0.48108152,5.114711,8.353363,0.06734784,-0.5195405,0.46914417
IMU,248772567051379,0.6652047,4.4889355,14.969499,-0.48108152,5.114711,8.353363,0.23228133,-0.44257152,0.4667007
IMU,248772569259556,0.8709874,4.4554358,14.49572,-0.4482003,5.1195316,8.35224,0.3911062,-0.37659815,0.46181378
IMU,248772571467733,1.0001999,4.469793,13.897514,-0.4482003,5.1195316,8.35224,0.54382235,-0.32284203,0.4508182
IMU,248772573675858,1.038485,4.4745784,13.2514515,-0.4482003,5.1195316,8.35224,0.54382235,-0.32284203,0.4508182
IMU,248772575884035,1.0480564,4.4458647,12.619746,-0.42113504,5.1395245,8.341362,0.80405074,-0.25198174,0.42394015
IMU,248772578092212,1.0241281,4.3836513,11.97847,-0.3982224,5.172148,8.3223,0.9127847,-0.22266021,0.4092794
IMU,248772580300389,0.9906286,4.3501515,11.380264,-0.3982224,5.172148,8.3223,1.001971,-0.20433427,0.3933969
IMU,248772582508566,0.95712906,4.2975097,10.839486,-0.3982224,5.172148,8.3223,1.0789399,-0.18600832,0.37751442
IMU,248772584716743,0.93320084,4.2448673,10.351351,-0.3982224,5.172148,8.3223,1.1449133,-0.16890411,0.36163196
IMU,248772586924868,0.95712906,4.2257247,9.839287,-0.37837657,5.2138877,8.297143,1.1950042,-0.15913028,0.34697118
IMU,248772589133045,0.9762716,4.1922255,9.360723,-0.36084062,5.2616763,8.267706,1.2340996,-0.15424335,0.33231044
IMU,248772591341222,0.98584294,4.173083,8.915657,-0.36084062,5.2616763,8.267706,1.2646428,-0.15057817,0.31642795
IMU,248772593549399,0.98584294,4.182654,8.484949,-0.34464657,5.313015,8.2355,1.286634,-0.14813471,0.29932374
IMU,248772595757577,0.94755775,4.1635113,8.04467,-0.34464657,5.313015,8.2355,1.2988513,-0.15057817,0.28344125
IMU,248772597965702,0.8279166,4.1347976,7.628319,-0.34464657,5.313015,8.2355,1.3037381,-0.15057817,0.26755878
IMU,248772600173879,0.8039884,4.130012,7.2646093,-0.329534,5.3659873,8.201706,1.3000729,-0.15546508,0.25534147
IMU,248772602382056,0.8566305,4.1635113,6.920043,-0.329534,5.3659873,8.201706,1.2902992,-0.15913028,0.24434592
IMU,248772604590233,0.89013004,4.206582,6.5898337,-0.329534,5.3659873,8.201706,1.2744167,-0.16523892,0.23212862
IMU,248772606798306,0.90448695,4.249653,6.326623,-0.31500083,5.418844,8.167452,1.2536472,-0.17745622,0.21991132
IMU,248772609006535,0.9379865,4.2927237,6.058627,-0.3004017,5.4702935,8.133636,1.2279909,-0.18723005,0.20769402
IMU,248772611214712,0.95712906,4.3501515,5.814559,-0.3004017,5.4702935,8.133636,1.1950042,-0.19944735,0.19547673
IMU,248772613422889,0.9379865,4.402794,5.6279187,-0.28553545,5.519223,8.101051,1.1620176,-0.20922118,0.17959425
IMU,248772615631066,0.9523434,4.436293,5.407779,-0.28553545,5.519223,8.101051,1.127809,-0.21655156,0.16249003
IMU,248772617839243,0.9762716,4.4602213,5.2307105,-0.27085298,5.564997,8.070182,1.127809,-0.21655156,0.16249003
IMU,248772620047368,0.9619147,4.4889355,5.072784,-0.27085298,5.564997,8.070182,1.0422881,-0.22999059,0.13072506
IMU,248772622255545,0.9667004,4.4985065,4.9340005,-0.27085298,5.564997,8.070182,0.9958623,-0.23243405,0.11117739
IMU,248772624463722,0.98584294,4.5224347,4.8287163,-0.2568286,5.606741,8.041697,0.9482148,-0.23121232,0.091629714
IMU,248772626671899,0.9906286,4.5415773,4.723432,-0.2568286,5.606741,8.041697,0.8981239,-0.22999059,0.07086031
IMU,248772628880077,0.9906286,4.575077,4.6325045,-0.24420002,5.644035,8.015961,0.848033,-0.22266021,0.047647454
IMU,248772631088254,1.0097711,4.618148,4.570291,-0.24420002,5.644035,8.015961,0.79061174,-0.21410811,0.020769402
IMU,248772633296379,1.0145568,4.6612186,4.517649,-0.23387389,5.6764016,7.993382,0.7331905,-0.20066908,-0.0048869182
IMU,248772635504556,1.0097711,4.6803613,4.517649,-0.23387389,5.6764016,7.993382,0.6733257,-0.18723005,-0.03054324
IMU,248772637712733,1.0145568,4.7042894,4.5415773,-0.23387389,5.6764016,7.993382,0.6159044,-0.16890411,-0.06352994
IMU,248772639920910,0.9906286,4.7808595,4.56072,-0.22661217,5.703387,7.9743595,0.5535962,-0.14813471,-0.09773836
IMU,248772642129087,0.9810573,4.8095737,4.6325045,-0.22661217,5.703387,7.9743595,0.491288,-0.1273653,-0.12950334
IMU,248772644337212,0.98584294,4.867001,4.7425747,-0.2233712,5.7247496,7.9591303,0.43020153,-0.10293072,-0.16249003
IMU,248772646545389,0.9619147,4.910072,4.8765726,-0.2233712,5.7247496,7.9591303,0.36544985,-0.07849612,-0.19792019
IMU,248772648753566,0.9092726,4.9674997,5.0249276,-0.22454794,5.7402787,7.9479036,0.36544985,-0.07849612,-0.19792019
IMU,248772650961743,0.8470592,5.0105705,5.15414,-0.22454794,5.7402787,7.9479036,0.24449863,-0.023518294,-0.2687805
IMU,248772653169920,0.72741807,5.063213,5.3359947,-0.23068537,5.7500744,7.9406433,0.18219042,0.0070249448,-0.30421066
IMU,248772655378097,0.60777694,5.087141,5.517849,-0.23068537,5.7500744,7.9406433,0.12599087,0.032681264,-0.3347539
IMU,248772657586222,0.43070808,5.1493545,5.7140603,-0.23068537,5.7500744,7.9406433,0.07345649,0.059559315,-0.36163196
IMU,248772659794399,0.30149564,5.1924253,5.9246287,-0.24165171,5.7544627,7.9371376,0.01847866,0.08643737,-0.38606653
IMU,248772662002577,0.17228323,5.2498527,6.1639113,-0.24165171,5.7544627,7.9371376,-0.03161225,0.10720677,-0.40805766
IMU,248772664210754,0.043070808,5.316852,6.407979,-0.256805,5.753848,7.9371076,-0.07803798,0.13286309,-0.4263836
IMU,248772666418931,-0.062213387,5.393422,6.6329045,-0.256805,5.753848,7.9371076,-0.12202024,0.15729769,-0.4422661
IMU,248772668627056,-0.16749759,5.460421,6.9009004,-0.256805,5.753848,7.9371076,-0.12202024,0.15729769,-0.4422661
IMU,248772670835233,-0.28235307,5.508278,7.140183,-0.27549824,5.748898,7.9400663,-0.19654575,0.19639303,-0.4630355
IMU,248772673043410,-0.36370903,5.575277,7.3986077,-0.27549824,5.748898,7.9400663,-0.22708899,0.21716243,-0.4715876
IMU,248772675251587,-0.4642076,5.6183476,7.63789,-0.29695088,5.740353,7.9454746,-0.25152358,0.2367101,-0.47647452
IMU,248772677459764,-0.55513483,5.666204,7.867601,-0.29695088,5.740353,7.9454746,-0.2698495,0.2538143,-0.478918
IMU,248772679667941,-0.66999036,5.6949177,8.1020975,-0.32066983,5.729253,7.952561,-0.28817546,0.26725334,-0.47769627
IMU,248772681876066,-0.7896315,5.7140603,8.322237,-0.32066983,5.729253,7.952561,-0.30039275,0.27580544,-0.4752528
IMU,248772684084243,-0.89013004,5.723632,8.49452,-0.3456907,5.7164426,7.960727,-0.30772313,0.28435755,-0.47280934
IMU,248772686292420,-1.0001999,5.7427745,8.676374,-0.3456907,5.7164426,7.960727,-0.30894485,0.2904662,-0.46547896
IMU,248772688500597,-1.1102697,5.7523456,8.839087,-0.3712439,5.702942,7.9692545,-0.30772313,0.2941314,-0.45570514
IMU,248772690708774,-1.2011969,5.757131,8.987442,-0.3712439,5.702942,7.9692545,-0.3065014,0.29290965,-0.4459313
IMU,248772692916952,-1.2873386,5.761917,9.107083,-0.39644384,5.6893883,7.977724,-0.3016145,0.2904662,-0.43493572
IMU,248772695125077,-1.3878372,5.7523456,9.183653,-0.39644384,5.6893883,7.977724,-0.29061893,0.2855793,-0.42271844
IMU,248772697333254,-1.4691931,5.761917,9.255438,-0.39644384,5.6893883,7.977724,-0.27962336,0.2770272,-0.41050112
IMU,248772699541431,-1.5314065,5.733203,9.336794,-0.42058694,5.6765127,7.985656,-0.27351472,0.26358816,-0.39584038
IMU,248772701749608,-1.5984055,5.7379885,9.370294,-0.42058694,5.6765127,7.985656,-0.25641048,0.25014913,-0.37995788
IMU,248772703957785,-1.6654046,5.733203,9.399008,-0.44275135,5.6645484,7.9929504,-0.2441932,0.23060146,-0.36407542
IMU,248772706165962,-1.7228323,5.7284174,9.4229355,-0.44275135,5.6645484,7.9929504,-0.22708899,0.20861033,-0.34819293
IMU,248772708374087,-1.7754744,5.733203,9.41815,-0.46214545,5.653954,7.999351,-0.21242823,0.18173227,-0.33108872
IMU,248772710582264,-1.8041883,5.7523456,9.370294,-0.46214545,5.653954,7.999351,-0.19532402,0.15118903,-0.31520623
IMU,248772712790441,-1.861616,5.7379885,9.312865,-0.4779276,5.6449494,8.004781,-0.1782198,0.118202336,-0.29810202
IMU,248772714998618,-1.8807586,5.761917,9.2793665,-0.4779276,5.6449494,8.004781,-0.15989386,0.08155045,-0.27977607
IMU,248772717206795,-1.9190438,5.7379885,9.217153,-0.4779276,5.6449494,8.004781,-0.14401138,0.040011644,-0.2614501
IMU,248772719414972,-1.9477576,5.723632,9.159725,-0.48928127,5.637664,8.00923,-0.12690715,-3.054324E-4,-0.24434592
IMU,248772721623097,-1.9573289,5.7188463,9.092726,-0.48928127,5.637664,8.00923,-0.12690715,-3.054324E-4,-0.24434592
IMU,248772723831274,-1.9812572,5.6853466,9.044869,-0.49569848,5.6320834,8.012759,-0.091477,-0.09193515,-0.20525056
IMU,248772726039452,-1.995614,5.6757755,8.997013,-0.49569848,5.6320834,8.012759,-0.07192933,-0.13713914,-0.18814635
IMU,248772728247629,-2.0051854,5.6470613,8.9108715,-0.49569848,5.6320834,8.012759,-0.07192933,-0.13713914,-0.18814635
IMU,248772730455806,-2.009971,5.6470613,8.805588,-0.49667504,5.628275,8.015374,-0.03649917,-0.23854269,-0.14660755
IMU,248772732663983,-1.9764715,5.642276,8.676374,-0.49667504,5.628275,8.015374,-0.018173227,-0.28741187,-0.12583815
IMU,248772734872108,-1.9573289,5.623133,8.56152,-0.49184301,5.626352,8.017022,1.527162E-4,-0.33872452,-0.106290475
IMU,248772737080285,-1.9094725,5.6279187,8.451449,-0.49184301,5.626352,8.017022,0.01725693,-0.38637197,-0.086742796
IMU,248772739288462,-1.8711873,5.6279187,8.312666,-0.48123357,5.6263075,8.017697,0.033139415,-0.42913252,-0.068416856
IMU,248772741496639,-1.8329022,5.6279187,8.183454,-0.48123357,5.6263075,8.017697,0.033139415,-0.42913252,-0.068416856
IMU,248772743704816,-1.7706888,5.6614184,8.04467,-0.48123357,5.6263075,8.017697,0.04657844,-0.46700612,-0.04886918
IMU,248772745912993,-1.7036897,5.680561,7.9106717,-0.46563655,5.627887,8.017509,0.06856957,-0.5280926,-0.015882485
IMU,248772748121118,-1.6175481,5.723632,7.733603,-0.46563655,5.627887,8.017509,0.06856957,-0.5280926,-0.015882485
IMU,248772750329295,-1.5122639,5.7810597,7.5613194,-0.4460792,5.630757,8.016606,0.07589995,-0.57940525,0.013439025
IMU,248772752537472,-1.3591232,5.8337016,7.393822,-0.4460792,5.630757,8.016606,0.07467822,-0.5989529,0.021991132
IMU,248772754745649,-1.1772687,5.8863435,7.2023964,-0.42323577,5.634208,8.01542,0.06856957,-0.6185006,0.028099779
IMU,248772756953827,-1.0815558,5.9246287,7.015756,-0.42323577,5.634208,8.01542,0.060017463,-0.6356048,0.02932151
IMU,248772759162004,-1.0241281,5.938986,6.8339014,-0.3980313,5.6374164,8.014455,0.041691523,-0.652709,0.02687805
IMU,248772761370181,-0.9762716,5.9294147,6.666404,-0.3980313,5.6374164,8.014455,0.020922119,-0.66614807,0.02565632
IMU,248772763578358,-0.8805587,5.9342003,6.570691,-0.37140822,5.639169,8.014501,-0.0059559317,-0.67836535,0.021991132
IMU,248772765786483,-0.8422736,5.9342003,6.4462643,-0.37140822,5.639169,8.014501,-0.03405571,-0.684474,0.018325943
IMU,248772767994660,-0.8039884,5.9581285,6.3314085,-0.34404674,5.638502,8.0161915,-0.069485866,-0.69058263,0.017104214
IMU,248772770202837,-0.8135597,5.977271,6.250053,-0.34404674,5.638502,8.0161915,-0.10491603,-0.69546956,0.017104214
IMU,248772772411014,-0.7609176,5.977271,6.178268,-0.34404674,5.638502,8.0161915,-0.14278965,-0.7015782,0.019547673
IMU,248772774619139,-0.7513463,5.9724855,6.096912,-0.31614137,5.634763,8.019968,-0.17699806,-0.70402163,0.02443459
IMU,248772776827316,-0.74177504,5.953343,6.04427,-0.31614137,5.634763,8.019968,-0.21853687,-0.70890856,0.02932151
IMU,248772779035493,-0.71306115,5.9437714,5.9964137,-0.28754285,5.627704,8.025999,-0.25885394,-0.71135205,0.037873615
IMU,248772781243670,-0.6652047,5.938986,5.9916277,-0.28754285,5.627704,8.025999,-0.30039275,-0.71257377,0.047647454
IMU,248772783451847,-0.63170516,5.9437714,5.986842,-0.2581565,5.616946,8.03453,-0.3431533,-0.71013033,0.05864302
IMU,248772785660024,-0.57427746,5.9342003,5.9964137,-0.2581565,5.616946,8.03453,-0.3431533,-0.71013033,0.05864302
IMU,248772787868202,-0.5072784,5.910272,6.0011992,-0.22825806,5.602436,8.045558,-0.42378744,-0.69913477,0.08185588
IMU,248772790076327,-0.4354937,5.910272,6.005985,-0.22825806,5.602436,8.045558,-0.4714349,-0.69546956,0.09651663
IMU,248772792284504,-0.36370903,5.919843,6.0251274,-0.22825806,5.602436,8.045558,-0.5178606,-0.69058263,0.1075122
IMU,248772794492681,-0.30149564,5.919843,6.0251274,-0.19777443,5.5838356,8.059283,-0.5593994,-0.6856957,0.1197295
IMU,248772796700858,-0.23449662,5.9150577,6.0729837,-0.19777443,5.5838356,8.059283,-0.60949033,-0.6832523,0.12828161
IMU,248772798909035,-0.17228323,5.919843,6.1064835,-0.16682889,5.5610805,8.075701,-0.6522509,-0.67592186,0.13805544
IMU,248772801117212,-0.09092726,5.9246287,6.1495543,-0.16682889,5.5610805,8.075701,-0.69378966,-0.67103493,0.14660755
IMU,248772803325389,-0.0526421,5.9150577,6.202196,-0.13557984,5.5342407,8.094701,-0.73899364,-0.6698132,0.15271619
IMU,248772805533514,-0.023928227,5.919843,6.2404814,-0.13557984,5.5342407,8.094701,-0.7805325,-0.6685915,0.15882485
IMU,248772807741691,0.014356935,5.910272,6.3361945,-0.13557984,5.5342407,8.094701,-0.82573646,-0.6734784,0.16126831
IMU,248772809949868,0.02871387,5.905486,6.393622,-0.10387552,5.5032997,8.116236,-0.8623884,-0.6734784,0.16371176
IMU,248772812158045,0.023928227,5.8911295,6.431907,-0.10387552,5.5032997,8.116236,-0.9014837,-0.67836535,0.16493349
IMU,248772814366222,0.033499517,5.8480587,6.498906,-0.07177853,5.4685607,8.14003,-0.94057906,-0.67714363,0.16371176
IMU,248772816574347,0.043070808,5.828916,6.5611196,-0.07177853,5.4685607,8.14003,-0.9784527,-0.6820305,0.16249003
IMU,248772818782524,0.06699903,5.8241305,6.5946193,-0.039491903,5.430029,8.166003,-1.017548,-0.6832523,0.16126831
IMU,248772820990702,0.06699903,5.814559,6.647261,-0.039491903,5.430029,8.166003,-1.0566434,-0.6856957,0.15882485
IMU,248772823198879,0.09092726,5.800202,6.690332,-0.007134389,5.387684,8.194096,-1.0969604,-0.6832523,0.15515965
IMU,248772825407056,0.09092726,5.790631,6.719046,-0.007134389,5.387684,8.194096,-1.1372775,-0.6832523,0.15149446
IMU,248772827615233,0.12921242,5.771488,6.795616,-0.007134389,5.387684,8.194096,-1.1788163,-0.67958707,0.14905101
IMU,248772829823410,0.13878371,5.757131,6.853044,0.024968926,5.3413544,8.224336,-1.2264638,-0.67470014,0.14782928
IMU,248772832031535,0.14356937,5.733203,6.943971,0.024968926,5.3413544,8.224336,-1.2631156,-0.6637046,0.14660755
IMU,248772834239712,0.16271193,5.7284174,6.9822564,0.024968926,5.3413544,8.224336,-1.3083197,-0.652709,0.14538582
IMU,248772836447889,0.20578274,5.709275,7.0396843,0.0564385,5.29074,8.256832,-1.347415,-0.6368265,0.14538582
IMU,248772838656066,0.22971097,5.690132,7.082755,0.08677484,5.236041,8.291365,-1.3852886,-0.6197223,0.15271619
IMU,248772840864243,0.2440679,5.6757755,7.140183,0.08677484,5.236041,8.291365,-1.4219404,-0.6026181,0.15515965
IMU,248772843072420,0.2632105,5.656633,7.1976104,0.11591279,5.1776905,8.327573,-1.4500402,-0.5891791,0.15882485
IMU,248772845280597,0.26799613,5.6374903,7.2789664,0.11591279,5.1776905,8.327573,-1.4744749,-0.57574004,0.16615522
IMU,248772847488774,0.26799613,5.599205,7.3459654,0.11591279,5.1776905,8.327573,-1.4976877,-0.55985755,0.17226386
IMU,248772849696899,0.29192436,5.5513487,7.460821,0.1440918,5.116557,8.364835,-1.5196788,-0.5415316,0.17959425
IMU,248772851905077,0.29192436,5.517849,7.5469627,0.1440918,5.116557,8.364835,-1.5404483,-0.51709706,0.18936808
IMU,248772854113254,0.30149564,5.4556355,7.6331043,0.17083605,5.0529313,8.402921,-1.5587742,-0.48899725,0.19669846
IMU,248772856321431,0.32063824,5.426922,7.704889,0.17083605,5.0529313,8.402921,-1.5771002,-0.45478883,0.20647229
IMU,248772858529608,0.3684947,5.3742795,7.7623167,0.19525065,4.98707,8.441648,-1.5954261,-0.4205804,0.21868959
IMU,248772860737785,0.39720857,5.2977095,7.8053875,0.19525065,4.98707,8.441648,-1.6076434,-0.38515025,0.23335035
IMU,248772862945910,0.45942193,5.2402816,7.891529,0.21715301,4.919231,8.480825,-1.6247476,-0.34727663,0.25045455
IMU,248772865154087,0.5455636,5.005785,7.867601,0.21715301,4.919231,8.480825,-1.6369649,-0.309403,0.26755878
IMU,248772867362264,0.67477596,4.575077,7.3986077,0.21715301,4.919231,8.480825,-1.650404,-0.2800815,0.28954992
IMU,248772869570441,0.6269195,4.1922255,6.920043,0.2370302,4.84939,8.520424,-1.6687299,-0.28252497,0.32131487
IMU,248772871778618,0.67477596,4.426722,7.2119675,0.2370302,4.84939,8.520424,-1.6894993,-0.29840744,0.35674503
IMU,248772873986795,0.72741807,4.6325045,7.6809607,0.2370302,4.84939,8.520424,-1.7127122,-0.2886336,0.38240135
IMU,248772876194972,0.7896315,4.6755753,8.025527,0.25843793,4.7772274,8.5604725,-1.7371467,-0.24953826,0.4007273
IMU,248772878403149,0.90448695,4.6707897,8.092526,0.2788814,4.7022967,8.601222,-1.7615813,-0.19578215,0.4166098
IMU,248772880611327,1.0289137,4.685147,8.1020975,0.2788814,4.7022967,8.601222,-1.7884593,-0.1517999,0.42760533
IMU,248772882819452,1.119841,4.699504,8.149954,0.29576936,4.6245465,8.642714,-1.8092288,-0.113926284,0.43615746
IMU,248772885027629,1.2011969,4.6803613,8.236095,0.29576936,4.6245465,8.642714,-1.8287765,-0.07849612,0.44348782
IMU,248772887235806,1.2107682,4.666004,8.384451,0.29576936,4.6245465,8.642714,-1.8458806,-0.047952887,0.44715303
IMU,248772889443983,1.2251252,4.642076,8.585447,0.30959925,4.544471,8.684603,-1.8593197,-0.013744458,0.44837475
IMU,248772891652160,1.2011969,4.6229334,8.839087,0.30959925,4.544471,8.684603,-1.8666501,0.024129158,0.44959646
IMU,248772893860337,1.1676974,4.546363,9.049655,0.30959925,4.544471,8.684603,-1.871537,0.07177661,0.4459313
IMU,248772896068462,1.0911272,4.4171505,9.2075815,0.31973436,4.462677,8.72655,-1.8739804,0.12186752,0.4422661
IMU,248772898276639,1.0336994,4.273581,9.3511505,0.32465753,4.379924,8.768195,-1.8678718,0.17195843,0.4386009
IMU,248772900484816,0.9667004,4.1108694,9.461221,0.32465753,4.379924,8.768195,-1.8556545,0.21716243,0.43615746
IMU,248772902692993,0.8997013,3.9433718,9.595219,0.32465753,4.379924,8.768195,-1.8409938,0.25870124,0.43615746
IMU,248772904901170,0.80877405,3.804588,9.74836,0.32448286,4.297394,8.808944,-1.8238895,0.3026835,0.4386009
IMU,248772907109347,0.7465607,3.6849468,9.858429,0.32448286,4.297394,8.808944,-1.8031201,0.34910923,0.4422661
IMU,248772909317524,0.6939186,3.5988052,9.958928,0.32448286,4.297394,8.808944,-1.8031201,0.34910923,0.4422661
IMU,248772911525649,0.6987042,3.5413775,9.982856,0.31954753,4.215903,8.848414,-1.7530292,0.4395172,0.4544834
IMU,248772913733827,0.6125626,3.4360933,10.188639,0.31011343,4.1364007,8.886192,-1.7188208,0.47128218,0.45937032
IMU,248772915942004,0.3684947,3.2542388,10.748559,0.31011343,4.1364007,8.886192,-1.6736168,0.5018254,0.46425724
IMU,248772918150181,0.3589234,3.1680973,11.01177,0.29718545,4.060307,8.921658,-1.6149738,0.52748173,0.47280934
IMU,248772920358358,0.4642076,3.1393833,11.016556,0.29718545,4.060307,8.921658,-1.5428917,0.54092073,0.478918
IMU,248772922566535,0.5694918,3.1393833,10.911271,0.29718545,4.060307,8.921658,-1.4720314,0.54580766,0.48258317
IMU,248772924774712,0.6891329,3.1728828,10.71506,0.28284094,3.9905105,8.953559,-1.4011711,0.52992517,0.48136145
IMU,248772926982889,0.8566305,3.225525,10.504492,0.28284094,3.9905105,8.953559,-1.3339759,0.49938196,0.47403106
IMU,248772929191014,0.98584294,3.3212378,10.298709,0.2702409,3.92789,8.981593,-1.2704461,0.46028662,0.46059203
IMU,248772931399191,1.0863415,3.4025939,10.226924,0.2702409,3.92789,8.981593,-1.2154682,0.41263917,0.44470957
IMU,248772933607368,1.134198,3.4504502,10.116854,0.26130742,3.8715053,9.006307,-1.1751511,0.36987862,0.4178315
IMU,248772935815545,1.1485549,3.493521,10.040284,0.26130742,3.8715053,9.006307,-1.1482731,0.33689192,0.38728827
IMU,248772938023722,1.119841,3.4743786,10.150353,0.25482258,3.8184679,9.029107,-1.1372775,0.30757043,0.3518581
IMU,248772940231899,1.0815558,3.4073794,10.073783,0.25482258,3.8184679,9.029107,-1.1446079,0.30024004,0.31276277
IMU,248772942440077,0.9762716,3.2973096,10.269995,0.25482258,3.8184679,9.029107,-1.1702642,0.30390522,0.27488914
IMU,248772944648254,0.8327023,3.1633115,10.1599245,0.24752972,3.7646656,9.051873,-1.21669,0.33811367,0.24434592
IMU,248772946856379,0.67477596,3.0388846,9.939785,0.24752972,3.7646656,9.051873,-1.2716677,0.36987862,0.21380267
IMU,248772949064556,0.5455636,2.9431717,9.801002,0.23583111,3.706021,9.076353,-1.329089,0.38453937,0.18448116
IMU,248772951272733,0.42592242,2.8761728,9.590433,0.23583111,3.706021,9.076353,-1.3779582,0.38453937,0.15638138
IMU,248772953480910,0.34456646,2.8187451,9.537791,0.22182436,3.6420732,9.102553,-1.4158318,0.3601048,0.12828161
IMU,248772955689087,0.2536392,2.804388,9.533006,0.22182436,3.6420732,9.102553,-1.4451534,0.33078328,0.10262528
IMU,248772957897264,0.19621146,2.7565317,9.533006,0.2091691,3.5746965,9.129523,-1.4683663,0.29290965,0.07696896
IMU,248772960105441,0.13399807,2.7421749,9.590433,0.2091691,3.5746965,9.129523,-1.483027,0.2525926,0.050090913
IMU,248772962313566,0.038285162,2.737389,9.68136,0.2091691,3.5746965,9.129523,-1.4903574,0.20494513,0.02443459
IMU,248772964521795,-0.047856454,2.7565317,9.801002,0.19949247,3.5056484,9.156475,-1.4903574,0.15485422,-0.0024434591
IMU,248772966729920,-0.2009971,2.7708886,9.887143,0.19949247,3.5056484,9.156475,-1.4842488,0.10476331,-0.03176497
IMU,248772968938097,-0.3493521,2.7900312,10.054641,0.19352284,3.4366891,9.182707,-1.4683663,0.05589413,-0.05986475
IMU,248772971146274,-0.5024927,2.8091738,10.265209,0.19352284,3.4366891,9.182707,-1.4427099,0.004581486,-0.086742796
IMU,248772973354452,-0.6364908,2.8426733,10.461421,0.19120014,3.3698049,9.20751,-1.406058,-0.041844238,-0.11484258
IMU,248772975562629,-0.7465607,2.861816,10.71506,0.19120014,3.3698049,9.20751,-1.3632975,-0.0858265,-0.13927718
IMU,248772977770806,-0.81834537,2.8666015,10.939985,0.19120014,3.3698049,9.20751,-1.3058761,-0.12370012,-0.16371176
IMU,248772979978931,-0.8709874,2.8666015,11.102697,0.1921775,3.3072133,9.230157,-1.2423463,-0.15790854,-0.18692462
IMU,248772982187108,-0.89491564,2.8426733,11.227124,0.1921775,3.3072133,9.230157,-1.1702642,-0.18967351,-0.20891576
IMU,248772984395285,-0.9379865,2.833102,11.313266,0.1957943,3.251222,9.249951,-1.08963,-0.22143848,-0.22968516
IMU,248772986603462,-0.95712906,2.804388,11.370693,0.1957943,3.251222,9.249951,-1.004109,-0.25198174,-0.24678937
IMU,248772988811639,-0.94755775,2.7852457,11.432906,0.2019649,3.2036777,9.266394,-0.913701,-0.28252497,-0.2602284
IMU,248772991019816,-0.93320084,2.7613173,11.4903345,0.2019649,3.2036777,9.266394,-0.913701,-0.28252497,-0.2602284
IMU,248772993227993,-0.90448695,2.713461,11.547762,0.2019649,3.2036777,9.266394,-0.8171843,-0.31428993,-0.27366742
IMU,248772995436170,-0.89013004,2.6608188,11.643475,0.21104208,3.1658766,9.279175,-0.615599,-0.37171122,-0.28954992
IMU,248772997644347,-0.83748794,2.6225336,11.710474,0.21104208,3.1658766,9.279175,-0.51541716,-0.38515025,-0.29077163
IMU,248772999852472,-0.8039884,2.603391,11.772687,0.22257404,3.1384766,9.288209,-0.51541716,-0.38515025,-0.29077163
IMU,248773002060649,-0.7369894,2.565106,11.796616,0.22257404,3.1384766,9.288209,-0.4176788,-0.38637197,-0.28710645
IMU,248773004268827,-0.6412765,2.5411777,11.787045,0.23432957,3.1210718,9.293782,-0.23686282,-0.3509418,-0.26755878
IMU,248773006477004,-0.5455636,2.5507488,11.743974,0.23432957,3.1210718,9.293782,-0.1574504,-0.32039857,-0.25045455
IMU,248773008685181,-0.44506502,2.5603201,11.672189,0.24405566,3.1125243,9.296398,-0.082924895,-0.27763805,-0.23090689
IMU,248773010893358,-0.31585258,2.603391,11.600404,0.24405566,3.1125243,9.296398,-0.014508039,-0.22999059,-0.20891576
IMU,248773013101535,-0.18664017,2.6464617,11.475977,0.24405566,3.1125243,9.296398,-0.014508039,-0.22999059,-0.20891576
IMU,248773015309712,-0.08135597,2.6991038,11.294123,0.25005865,3.111377,9.296622,0.09300416,-0.11636974,-0.16126831
IMU,248773017517837,0.0047856453,2.7613173,11.12184,0.25005865,3.111377,9.296622,0.13820815,-0.05650499,-0.13683371
IMU,248773019726014,0.11006984,2.8187451,10.930414,0.2511923,3.115846,9.2950945,0.17363831,0.0033597562,-0.112399116
IMU,248773021934191,0.20578274,2.8666015,10.738988,0.2511923,3.115846,9.2950945,0.20662501,0.065667965,-0.08796453
IMU,248773024142368,0.29671,2.9192436,10.537991,0.24714217,3.124334,9.292354,0.20662501,0.065667965,-0.08796453
IMU,248773026350545,0.38285163,2.9766715,10.34178,0.24714217,3.124334,9.292354,0.23228133,0.12186752,-0.06352994
IMU,248773028558722,0.46899325,3.010171,10.164711,0.24714217,3.124334,9.292354,0.25305074,0.18051054,-0.041538805
IMU,248773030766899,0.5455636,3.0388846,9.973285,0.2381264,3.135558,9.288809,0.28115052,0.286801,0.0012217296
IMU,248773032975077,0.6364908,3.07717,9.762716,0.22446081,3.1483653,9.284815,0.28115052,0.286801,0.0012217296
IMU,248773035183254,0.6987042,3.101098,9.523434,0.22446081,3.1483653,9.284815,0.28725916,0.3808742,0.028099779
IMU,248773037391379,0.7752745,3.1154552,9.30808,0.22446081,3.1483653,9.284815,0.28603745,0.42729992,0.041538805
IMU,248773039599608,0.8422736,3.1154552,9.111869,0.20672907,3.161475,9.280772,0.27870706,0.4639518,0.050090913
IMU,248773041807733,0.89491564,3.101098,8.886943,0.20672907,3.161475,9.280772,0.26282457,0.49449503,0.050090913
IMU,248773044015910,0.95712906,3.1154552,8.676374,0.18569008,3.1737688,9.2770195,0.24816382,0.5189296,0.047647454
IMU,248773046224087,1.0336994,3.1154552,8.523234,0.18569008,3.1737688,9.2770195,0.22861615,0.5421425,0.043982264
IMU,248773048432264,1.0815558,3.101098,8.398808,0.18569008,3.1737688,9.2770195,0.20295982,0.56169015,0.032986697
IMU,248773050640441,1.1485549,3.0819557,8.26481,0.16220114,3.184306,9.273849,0.17608178,0.58001614,0.019547673
IMU,248773052848618,1.2203395,3.101098,8.178668,0.136554,3.1921492,9.2715645,0.14553854,0.59589857,0.0061086477
IMU,248773055056795,1.3016955,3.0915267,8.073383,0.136554,3.1921492,9.2715645,0.117438756,0.6191115,-0.017104214
IMU,248773057264920,1.3830515,3.101098,7.9968133,0.136554,3.1921492,9.2715645,0.084452055,0.6386591,-0.040317077
IMU,248773059473097,1.4739788,3.1058838,7.925029,0.1082655,3.1969507,9.270285,0.05146536,0.66187197,-0.067195125
IMU,248773061681222,1.564906,3.1202407,7.8628154,0.1082655,3.1969507,9.270285,0.022143848,0.6875283,-0.098960094
IMU,248773063889452,1.6366907,3.129812,7.795816,0.07683895,3.1984277,9.270089,-0.018173227,0.70707595,-0.13316852
IMU,248773066097629,1.7084754,3.1393833,7.7671022,0.07683895,3.1984277,9.270089,-0.048716467,0.73028886,-0.16982041
IMU,248773068305806,1.7706888,3.1728828,7.795816,0.07683895,3.1984277,9.270089,-0.082924895,0.7449496,-0.21013749
IMU,248773070513931,1.8855443,3.2159536,7.838887,0.0421717,3.1963944,9.271012,-0.11102467,0.76327556,-0.25656322
IMU,248773072722160,2.053042,3.2829528,7.8484583,0.0421717,3.1963944,9.271012,-0.14156792,0.77304935,-0.30298892
IMU,248773074930337,2.201397,3.3643086,7.8963146,0.004587096,3.1912305,9.272885,-0.16355905,0.7828232,-0.35430157
IMU,248773077138462,2.201397,3.359523,7.9537425,0.004587096,3.1912305,9.272885,-0.18799363,0.7828232,-0.40805766
IMU,248773079346639,2.1535404,3.3403804,8.006385,-0.035153393,3.1835365,9.275465,-0.20876303,0.7779363,-0.4630355
IMU,248773081554816,2.0961127,3.330809,8.111669,-0.035153393,3.1835365,9.275465,-0.22586726,0.7693842,-0.51556987
IMU,248773083762993,2.009971,3.3212378,8.183454,-0.07614552,3.1735814,9.278629,-0.24174973,0.7510582,-0.56077385
IMU,248773085971170,1.9238294,3.2973096,8.312666,-0.07614552,3.1735814,9.278629,-0.25763223,0.72662365,-0.60597783
IMU,248773088179347,1.8711873,3.278167,8.394022,-0.1166724,3.1617439,9.2822485,-0.2698495,0.6960804,-0.6499601
IMU,248773090387524,1.7850457,3.2733815,8.513663,-0.1166724,3.1617439,9.2822485,-0.27962336,0.66187197,-0.6902772
IMU,248773092595702,1.6941184,3.2733815,8.60459,-0.1166724,3.1617439,9.2822485,-0.29061893,0.6203332,-0.72448564
IMU,248773094803879,1.564906,3.2446675,8.690732,-0.15515354,3.1484447,9.286206,-0.30405796,0.571464,-0.7562506
IMU,248773097012056,1.4739788,3.2159536,8.772088,-0.15515354,3.1484447,9.286206,-0.31627524,0.51526445,-0.7867938
IMU,248773099220233,1.3591232,3.2398818,8.85823,-0.15515354,3.1484447,9.286206,-0.31627524,0.51526445,-0.7867938
IMU,248773101428358,1.2155539,3.211168,8.949157,-0.189727,3.1335557,9.290599,-0.3358229,0.38820457,-0.835663
IMU,248773103636535,1.038485,3.1872396,9.020942,-0.21886802,3.1173162,9.29542,-0.34681848,0.32223117,-0.85521066
IMU,248773105844660,0.9284152,3.1633115,9.140582,-0.21886802,3.1173162,9.29542,-0.3602575,0.25625777,-0.86987144
IMU,248773108052889,0.8709874,3.182454,9.317652,-0.24199344,3.0995817,9.300775,-0.37003133,0.19394957,-0.880867
IMU,248773110261066,0.80877405,3.196811,9.432507,-0.24199344,3.0995817,9.300775,-0.37858346,0.13530655,-0.8930843
IMU,248773112469243,0.6364908,3.1537402,9.556933,-0.24199344,3.0995817,9.300775,-0.38713557,0.08155045,-0.90285814
IMU,248773114677420,0.55034924,3.1633115,9.671789,-0.25950742,3.0806706,9.306584,-0.3932442,0.035124727,-0.9150754
IMU,248773116885597,0.4211368,3.1489546,9.781859,-0.25950742,3.0806706,9.306584,-0.3969094,-0.00641408,-0.92240584
IMU,248773119093774,0.32063824,3.1106694,9.906285,-0.27279142,3.060932,9.312715,-0.4017963,-0.03940078,-0.9285145
IMU,248773121301899,0.2536392,3.1106694,9.997213,-0.27279142,3.060932,9.312715,-0.4017963,-0.06750056,-0.93951005
IMU,248773123510077,0.08135597,3.0915267,10.12164,-0.28329957,3.0407755,9.319002,-0.39935285,-0.08704823,-0.9468404
IMU,248773125718254,0.033499517,3.0723844,10.1599245,-0.28329957,3.0407755,9.319002,-0.39202246,-0.09682207,-0.95172733
IMU,248773127926431,-0.033499517,3.062813,10.217353,-0.2926998,3.0210028,9.325141,-0.3846921,-0.10537417,-0.9602794
IMU,248773130134608,-0.09092726,3.0293136,10.269995,-0.2926998,3.0210028,9.325141,-0.37003133,-0.1065959,-0.96883154
IMU,248773132342785,-0.20578274,2.9862428,10.269995,-0.2926998,3.0210028,9.325141,-0.36147922,-0.10293072,-0.9761619
IMU,248773134550962,-0.24885355,2.9718857,10.250853,-0.2926998,3.0210028,9.325141,-0.36147922,-0.10293072,-0.9761619
IMU,248773136759139,-0.43070808,2.928815,10.3848505,-0.30229017,3.0022628,9.330885,-0.3260491,-0.082161315,-0.98471403
IMU,248773138967316,-0.44027936,2.9479575,10.49492,-0.3132536,2.985098,9.336029,-0.30405796,-0.06139191,-0.98471403
IMU,248773141175441,-0.52163535,2.9623144,10.609776,-0.3132536,2.985098,9.336029,-0.2784016,-0.041844238,-0.98471403
IMU,248773143383618,-0.6556334,2.9431717,10.633704,-0.32642156,2.9703743,9.340273,-0.24541493,-0.014966187,-0.9810488
IMU,248773145591795,-0.66999036,2.928815,10.628919,-0.32642156,2.9703743,9.340273,-0.21364996,0.010690134,-0.9749402
IMU,248773147799972,-0.90448695,2.8426733,10.652846,-0.32642156,2.9703743,9.340273,-0.1782198,0.036346454,-0.97005326
IMU,248773150008149,-0.8470592,2.861816,10.633704,-0.34232354,2.9589431,9.343331,-0.13912445,0.0632245,-0.95539254
IMU,248773152216327,-1.0241281,2.8235307,10.57149,-0.34232354,2.9589431,9.343331,-0.1036943,0.08888082,-0.9431752
IMU,248773154424452,-1.2155539,2.7948167,10.533205,-0.36074317,2.951375,9.345033,-0.1036943,0.08888082,-0.9431752
IMU,248773156632681,-1.3734802,2.7469604,10.509277,-0.36074317,2.951375,9.345033,-0.019394957,0.1291979,-0.90652335
IMU,248773158840858,-1.4356936,2.7469604,10.447063,-0.38121453,2.9480605,9.345266,0.023365578,0.14630212,-0.880867
IMU,248773161049035,-1.4787644,2.766103,10.514063,-0.38121453,2.9480605,9.345266,0.066126116,0.16096286,-0.85398895
IMU,248773163257212,-1.5553347,2.7900312,10.466207,-0.40265962,2.9493203,9.343969,0.110108376,0.1744019,-0.82466745
IMU,248773165465389,-1.6845472,2.7613173,10.3848505,-0.40265962,2.9493203,9.343969,0.110108376,0.1744019,-0.82466745
IMU,248773167673514,-1.6797615,2.78046,10.356136,-0.40265962,2.9493203,9.343969,0.19074252,0.19761476,-0.75869405
IMU,248773169881743,-1.6462619,2.8139594,10.389636,-0.42459345,2.9550705,9.341182,0.22617269,0.20616686,-0.7195987
IMU,248773172089868,-1.5888343,2.861816,10.394422,-0.42459345,2.9550705,9.341182,0.2640463,0.21838416,-0.6841686
IMU,248773174298045,-1.6031911,2.914458,10.380065,-0.42459345,2.9550705,9.341182,0.29825473,0.22571453,-0.6499601
IMU,248773176506222,-1.7036897,2.900101,10.289138,-0.4462828,2.9648778,9.337061,0.33246315,0.23548837,-0.61330825
IMU,248773178714399,-1.6893328,2.9479575,10.246066,-0.4462828,2.9648778,9.337061,0.36422813,0.24404047,-0.5742129
IMU,248773180922577,-1.5457634,3.048456,10.255638,-0.46779758,2.9785337,9.331661,0.3911062,0.24770567,-0.537561
IMU,248773183130754,-1.5266209,3.0915267,10.2317095,-0.48861527,2.9955971,9.3251295,0.42042768,0.25137085,-0.5070178
IMU,248773185338931,-1.5553347,3.1345978,10.169497,-0.48861527,2.9955971,9.3251295,0.446084,0.25014913,-0.478918
IMU,248773187547108,-1.6031911,3.158526,10.116854,-0.48861527,2.9955971,9.3251295,0.47174034,0.24648394,-0.4544834
IMU,248773189755285,-1.6414764,3.196811,10.150353,-0.48861527,2.9955971,9.3251295,0.47174034,0.24648394,-0.4544834
IMU,248773191963410,-1.7324036,3.2063823,10.327422,-0.50844634,3.0156837,9.317592,0.5206095,0.23548837,-0.40317076
IMU,248773194171587,-1.7324036,3.2063823,10.399207,-0.50844634,3.0156837,9.317592,0.5206095,0.23548837,-0.40317076
IMU,248773196379764,-1.698904,3.2015967,10.370493,-0.52713376,3.0385058,9.3091345,0.58413947,0.25747952,-0.34697118
IMU,248773198587941,-1.550549,3.2350962,10.332209,-0.54569566,3.0646045,9.299505,0.6159044,0.26603162,-0.31398448
IMU,248773200796118,-1.5888343,3.2877383,10.289138,-0.54569566,3.0646045,9.299505,0.64522594,0.26725334,-0.284663
IMU,248773203004295,-1.5840486,3.3020952,10.145568,-0.56342727,3.0941381,9.288663,0.67576915,0.2623664,-0.25411975
IMU,248773205212472,-1.550549,3.278167,9.939785,-0.56342727,3.0941381,9.288663,0.7026472,0.24770567,-0.22113305
IMU,248773207420649,-1.4787644,3.2685957,9.801002,-0.56342727,3.0941381,9.288663,0.7221949,0.21471897,-0.18448116
IMU,248773209628827,-1.3686945,3.2590244,9.671789,-0.5781926,3.1266162,9.276873,0.7221949,0.21471897,-0.18448116
IMU,248773211837004,-1.268196,3.2590244,9.5665045,-0.5781926,3.1266162,9.276873,0.74174255,0.11575887,-0.11484258
IMU,248773214045181,-1.18684,3.2638102,9.466006,-0.58657914,3.1604803,9.264863,0.73807734,0.05222894,-0.08429934
IMU,248773216253358,-1.0863415,3.2925239,9.38465,-0.58657914,3.1604803,9.264863,0.7356339,-0.014966187,-0.0537561
IMU,248773218461483,-1.0480564,3.306881,9.336794,-0.5868668,3.194251,9.253256,0.7234166,-0.08704823,-0.02687805
IMU,248773220669660,-1.0097711,3.3260236,9.293723,-0.5789427,3.2268114,9.242451,0.6904299,-0.22266021,0.021991132
IMU,248773222877837,-1.0049855,3.3547373,9.274581,-0.5789427,3.2268114,9.242451,0.6904299,-0.22266021,0.021991132
IMU,248773225086014,-1.0145568,3.345166,9.236296,-0.5789427,3.2268114,9.242451,0.67699087,-0.28130323,0.045203995
IMU,248773227294191,-1.0289137,3.345166,9.174082,-0.5789427,3.2268114,9.242451,0.66233015,-0.33872452,0.06963859
IMU,248773229502368,-1.0336994,3.3547373,9.111869,-0.563773,3.2578592,9.2324915,0.6378955,-0.399811,0.09407318
IMU,248773231710545,-1.0145568,3.359523,9.006584,-0.563773,3.2578592,9.2324915,0.61346096,-0.46089748,0.12095123
IMU,248773233918722,-1.0049855,3.3355947,8.920443,-0.5414194,3.2866929,9.223605,0.5865829,-0.5207622,0.14660755
IMU,248773236126899,-1.0049855,3.3212378,8.810373,-0.5414194,3.2866929,9.223605,0.5572614,-0.58307046,0.17592905
IMU,248773238335077,-0.971486,3.2973096,8.738588,-0.5116429,3.3127866,9.215967,0.52916163,-0.64537865,0.20647229
IMU,248773240543254,-0.971486,3.2733815,8.685946,-0.5116429,3.3127866,9.215967,0.5022836,-0.70890856,0.2357938
IMU,248773242751431,-0.9619147,3.249453,8.63809,-0.5116429,3.3127866,9.215967,0.46440995,-0.7761037,0.26633704
IMU,248773244959556,-0.94755775,3.2159536,8.595019,-0.47409382,3.3358593,9.20965,0.4375319,-0.83719015,0.29810202
IMU,248773247167733,-0.9619147,3.1776686,8.580662,-0.47409382,3.3358593,9.20965,0.40698865,-0.8982767,0.32986698
IMU,248773249375910,-0.94755775,3.1345978,8.547162,-0.42888457,3.3557703,9.204633,0.37400195,-0.9581414,0.36163196
IMU,248773251584087,-0.9523434,3.0867412,8.480164,-0.42888457,3.3557703,9.204633,0.342237,-1.0131192,0.3933969
IMU,248773253792264,-0.9523434,3.0245278,8.441878,-0.37650087,3.3723257,9.200872,0.31169376,-1.0656536,0.4263836
IMU,248773256000441,-0.90448695,2.9048867,8.149954,-0.37650087,3.3723257,9.200872,0.28237224,-1.1157445,0.45937032
IMU,248773258208618,-0.6029913,2.268396,5.905486,-0.31648624,3.3859632,9.198123,0.2640463,-1.2134829,0.50213087
IMU,248773260416795,-0.46899325,2.1822543,6.0921264,-0.31648624,3.3859632,9.198123,0.2689332,-1.4529419,0.5656608
IMU,248773262624972,-0.4642076,2.105684,6.74776,-0.31648624,3.3859632,9.198123,0.27992877,-1.6655228,0.6316342
IMU,248773264833149,-0.5024927,2.0817556,7.5230346,-0.23509899,3.3992107,9.195678,0.2921461,-1.8267912,0.7024945
IMU,248773267041327,-0.6029913,2.120041,8.279166,-0.23509899,3.3992107,9.195678,0.31291547,-1.9318599,0.77091134
IMU,248773269249504,-0.66041905,2.0817556,8.819944,-0.13549612,3.4131052,9.192537,0.33001968,-1.9868377,0.835663
IMU,248773271457681,-0.59342,2.115255,9.212367,-0.13549612,3.4131052,9.192537,0.35567603,-2.003942,0.9016364
IMU,248773273665806,-0.46899325,2.2588246,9.671789,-0.13549612,3.4131052,9.192537,0.38133234,-1.9843942,0.9602794
IMU,248773275874035,-0.3924229,2.3306093,10.155139,-0.029175742,3.4284363,9.187783,0.4094321,-1.9281946,1.0128138
IMU,248773278082160,-0.3684947,2.3306093,10.451849,0.07458195,3.4458587,9.181006,0.4375319,-1.8194607,1.0580178
IMU,248773280290337,-0.16271193,2.37368,10.748559,0.07458195,3.4458587,9.181006,0.46440995,-1.669188,1.0971131
IMU,248773282498514,-0.02871387,2.3162522,11.145768,0.07458195,3.4458587,9.181006,0.48884454,-1.4883721,1.1300999
IMU,248773284706691,0.29192436,2.3688943,11.289337,0.16529484,3.4651484,9.172558,0.5059488,-1.2733476,1.1581997
IMU,248773286914868,0.41156548,2.2588246,11.260623,0.16529484,3.4651484,9.172558,0.523053,-1.046106,1.1753038
IMU,248773289123045,0.6364908,2.239682,10.959127,0.23553385,3.4855776,9.163278,0.5328268,-0.8151991,1.1924081
IMU,248773291331222,0.91884387,2.268396,10.786844,0.23553385,3.4855776,9.163278,0.5328268,-0.6038398,1.205847
IMU,248773293539399,0.9954142,2.2444677,10.408778,0.23553385,3.4855776,9.163278,0.5328268,-0.6038398,1.205847
IMU,248773295747577,1.1150553,2.1918256,10.064212,0.28421265,3.5064254,9.153938,0.5389354,-0.22143848,1.2217295
IMU,248773297955754,1.1724831,2.239682,9.805787,0.31429335,3.5273678,9.144904,0.536492,-0.057726722,1.2290599
IMU,248773300163931,1.2921243,2.3018954,9.523434,0.31429335,3.5273678,9.144904,0.5352703,0.091324285,1.2315034
IMU,248773302372108,1.3543376,2.3306093,9.116654,0.31429335,3.5273678,9.144904,0.5413789,0.22082762,1.2290599
IMU,248773304580233,1.3686945,2.37368,8.729017,0.32956988,3.5485604,9.136164,0.5450441,0.32467464,1.2253947
IMU,248773306788410,1.3208381,2.4311078,8.456235,0.32956988,3.5485604,9.136164,0.5523745,0.39920014,1.2168427
IMU,248773308996587,1.2729816,2.4789643,8.135597,0.3348723,3.570782,9.127309,0.568257,0.45784315,1.2070688
IMU,248773311204764,1.2490535,2.5268207,7.7001033,0.3348723,3.570782,9.127309,0.5865829,0.4896081,1.1960733
IMU,248773313412941,1.2729816,2.6608188,7.4656067,0.33551067,3.595125,9.117724,0.6073523,0.48594293,1.1814125
IMU,248773315621118,1.1724831,2.684747,7.4033933,0.33551067,3.595125,9.117724,0.6073523,0.48594293,1.1814125
IMU,248773317829295,1.1485549,2.7038896,7.1976104,0.33551067,3.595125,9.117724,0.6378955,0.46883872,1.16553
IMU,248773320037472,1.1389836,2.804388,7.288538,0.33687562,3.6226401,9.106776,0.7026472,0.38209593,1.1239913
IMU,248773322245649,1.1006985,2.8953154,7.322037,0.33687562,3.6226401,9.106776,0.7368556,0.32467464,1.0995566
IMU,248773324453827,0.9667004,2.9766715,7.4273214,0.34249264,3.6536632,9.094165,0.7673989,0.25992295,1.0726786
IMU,248773326662004,0.75613195,3.07717,7.877172,0.34249264,3.6536632,9.094165,0.8016073,0.20005822,1.0445788
IMU,248773328870233,0.6891329,3.2733815,8.322237,0.34249264,3.6536632,9.094165,0.8321505,0.16951497,1.0152572
IMU,248773331078358,0.6939186,3.4169507,8.508878,0.35276634,3.6880352,9.079886,0.8614721,0.15851942,0.9810488
IMU,248773333286535,0.7369894,3.4743786,8.504091,0.36402154,3.725549,9.064114,0.89079356,0.15607595,0.944397
IMU,248773335494660,0.75613195,3.5365918,8.599805,0.36402154,3.725549,9.064114,0.9127847,0.14874557,0.90652335
IMU,248773337702785,0.82313097,3.6323047,8.82473,0.36402154,3.725549,9.064114,0.92255855,0.1414152,0.87353665
IMU,248773339911014,0.80877405,3.6993039,9.016156,0.37465006,3.765355,9.047216,0.9262237,0.14630212,0.8344413
IMU,248773342119191,0.8422736,3.7998023,9.2793665,0.37465006,3.765355,9.047216,0.9262237,0.1744019,0.79534596
IMU,248773344327368,0.91884387,3.9433718,9.571291,0.38280058,3.8055036,9.030061,0.9164499,0.21838416,0.75502884
IMU,248773346535545,0.9906286,4.0534415,9.7196455,0.38280058,3.8055036,9.030061,0.90301085,0.28313583,0.7110466
IMU,248773348743722,1.0241281,4.139583,9.772287,0.38280058,3.8055036,9.030061,0.90301085,0.28313583,0.7110466
IMU,248773350951899,0.9810573,4.1491547,9.79143,0.38427538,3.8446667,9.013393,0.8822415,0.3515527,0.6646209
IMU,248773353160077,0.9523434,4.125226,9.662218,0.38427538,3.8446667,9.013393,0.82359844,0.5018254,0.569326
IMU,248773355368254,1.0193424,4.1204405,9.485149,0.37653697,3.881566,8.997891,0.7808379,0.5702423,0.524122
IMU,248773357576431,1.0241281,4.139583,9.365508,0.37653697,3.881566,8.997891,0.7331905,0.6227766,0.48136145
IMU,248773359784608,1.0289137,4.1204405,9.159725,0.3602719,3.9146066,8.984234,0.68309957,0.66309375,0.43982264
IMU,248773361992785,1.0624132,4.1443686,9.040084,0.3602719,3.9146066,8.984234,0.63056517,0.6850849,0.4007273
IMU,248773364200962,1.0815558,4.1635113,8.877372,0.33873093,3.9428003,8.972735,0.5743656,0.6948587,0.3604102
IMU,248773366409139,1.0815558,4.1587257,8.724232,0.33873093,3.9428003,8.972735,0.5193878,0.68875,0.32498005
IMU,248773368617316,1.0001999,4.15394,8.60459,0.31540686,3.9657147,8.963483,0.46440995,0.6667589,0.28832817
IMU,248773370825441,0.8997013,4.1347976,8.52802,0.31540686,3.9657147,8.963483,0.41065386,0.6374374,0.252898
IMU,248773373033618,0.80877405,4.1635113,8.456235,0.29288155,3.983366,8.956416,0.3581195,0.6056724,0.21746786
IMU,248773375241795,0.74177504,4.168297,8.422736,0.29288155,3.983366,8.956416,0.30436337,0.5726857,0.18081598
IMU,248773377449972,0.6843473,4.182654,8.394022,0.29288155,3.983366,8.956416,0.2603811,0.5384773,0.14172062
IMU,248773379658149,0.59342,4.197011,8.370093,0.27186686,3.9960558,8.951425,0.21762058,0.50304717,0.100181825
IMU,248773381866327,0.5455636,4.2017965,8.394022,0.27186686,3.9960558,8.951425,0.17730351,0.46517354,0.06108648
IMU,248773384074504,0.4881358,4.206582,8.398808,0.25252604,4.0047083,8.948124,0.1443168,0.42729992,0.019547673
IMU,248773386282681,0.42592242,4.2017965,8.408379,0.25252604,4.0047083,8.948124,0.110108376,0.38698283,-0.02565632
IMU,248773388490858,0.36370903,4.1922255,8.413164,0.23512231,4.010077,8.946194,0.084452055,0.3442223,-0.067195125
IMU,248773390699035,0.28713873,4.211368,8.446664,0.23512231,4.010077,8.946194,0.061239194,0.30024004,-0.1075122
IMU,248773392907212,0.19621146,4.182654,8.484949,0.2199792,4.0130625,8.945241,0.041691523,0.25992295,-0.14660755
IMU,248773395115389,0.15792629,4.1587257,8.456235,0.2199792,4.0130625,8.945241,0.041691523,0.25992295,-0.14660755
IMU,248773397323566,0.09571291,4.1204405,8.379665,0.2199792,4.0130625,8.945241,0.0074830935,0.182954,-0.22235478
IMU,248773399531743,0.043070808,4.058227,8.322237,0.20690113,4.0142536,8.945019,-0.008399391,0.14263692,-0.25411975
IMU,248773401739920,-0.0047856453,4.005585,8.298309,0.20690113,4.0142536,8.945019,-0.024281874,0.097432934,-0.28344125
IMU,248773403948097,-0.047856454,3.9673,8.260024,0.19650272,4.013841,8.945437,-0.024281874,0.097432934,-0.28344125
IMU,248773406156274,-0.05742774,3.9290147,8.26481,0.19650272,4.013841,8.945437,-0.057268575,0.013133593,-0.3262018
IMU,248773408364399,-0.09092726,3.8763726,8.293523,0.19650272,4.013841,8.945437,-0.07315106,-0.023518294,-0.34452772
IMU,248773410572577,-0.14356937,3.8333018,8.379665,0.18924657,4.0117273,8.946542,-0.09392046,-0.05650499,-0.35674503
IMU,248773412780754,-0.18664017,3.7854455,8.49452,0.18924657,4.0117273,8.946542,-0.1122464,-0.08460477,-0.36529714
IMU,248773414988931,-0.22013968,3.7567315,8.647661,0.18467572,4.007573,8.948499,-0.12568542,-0.101708986,-0.37018406
IMU,248773417197108,-0.21535404,3.7328033,8.752945,0.18467572,4.007573,8.948499,-0.1452331,-0.11026109,-0.36651886
IMU,248773419405285,-0.22492532,3.7567315,8.915657,0.18165302,4.001537,8.951262,-0.1452331,-0.11026109,-0.36651886
IMU,248773421613462,-0.20578274,3.737589,9.025727,0.18165302,4.001537,8.951262,-0.17699806,-0.113926284,-0.35796675
IMU,248773423821639,-0.16271193,3.7615173,9.078369,0.17919146,3.9936893,8.954817,-0.1904371,-0.109039366,-0.34452772
IMU,248773426029816,-0.09571291,3.7710886,9.169296,0.17919146,3.9936893,8.954817,-0.20143266,-0.10293072,-0.33108872
IMU,248773428237993,-0.047856454,3.7998023,9.2075815,0.17678033,3.9845412,8.958939,-0.21242823,-0.09193515,-0.31520623
IMU,248773430446170,0.02871387,3.8237305,9.245867,0.17678033,3.9845412,8.958939,-0.2197586,-0.083383046,-0.29688028
IMU,248773432654347,0.1052842,3.8380876,9.298509,0.17678033,3.9845412,8.958939,-0.22586726,-0.07238748,-0.28221953
IMU,248773434862524,0.148355,3.8524444,9.327223,0.1743447,3.97453,8.963431,-0.22708899,-0.06017018,-0.26511532
IMU,248773437070702,0.2009971,3.9098723,9.303294,0.1743447,3.97453,8.963431,-0.2234238,-0.046731155,-0.24923283
IMU,248773439278879,0.20578274,3.9242291,9.284152,0.17158413,3.964429,8.967957,-0.22220206,-0.03695732,-0.23457208
IMU,248773441487056,0.20578274,3.938586,9.217153,0.17158413,3.964429,8.967957,-0.21242823,-0.028405212,-0.22113305
IMU,248773443695233,0.2009971,3.9290147,9.145369,0.16856737,3.954923,8.97221,-0.20509785,-0.023518294,-0.20769402
IMU,248773445903410,0.16749759,3.9290147,9.107083,0.16856737,3.954923,8.97221,-0.19410229,-0.021074835,-0.19792019
IMU,248773448111535,0.124426775,3.9481573,9.025727,0.16856737,3.954923,8.97221,-0.19410229,-0.021074835,-0.19792019
IMU,248773450319764,0.076570325,3.9338005,8.992228,0.165631,3.9464529,8.975994,-0.17211115,-0.018631376,-0.17715079
IMU,248773452527889,0.0526421,3.9290147,8.977871,0.165631,3.9464529,8.975994,-0.1660025,-0.022296565,-0.16859868
IMU,248773454736066,0.0047856453,3.938586,8.9826565,0.1630252,3.939017,8.979306,-0.15622866,-0.018631376,-0.16004658
IMU,248773456944243,-0.02871387,3.9290147,8.987442,0.1630252,3.939017,8.979306,-0.14401138,-0.011300999,-0.15027274
IMU,248773459152420,-0.05742774,3.952943,9.020942,0.1630252,3.939017,8.979306,-0.13179408,-0.0027488915,-0.14416409
IMU,248773461360597,-0.11485548,3.9577286,9.049655,0.16035724,3.9325745,8.982179,-0.12079851,0.010690134,-0.13439025
IMU,248773463568774,-0.13399807,3.9577286,9.078369,0.15686482,3.9272623,8.984564,-0.1122464,0.02535089,-0.124616414
IMU,248773465776952,-0.19621146,3.9673,9.08794,0.15686482,3.9272623,8.984564,-0.101250835,0.041233372,-0.11728604
IMU,248773467985129,-0.23928227,3.9577286,9.097511,0.15202188,3.9230416,8.986491,-0.08659008,0.060781047,-0.1075122
IMU,248773470193306,-0.31106696,3.9481573,9.135797,0.15202188,3.9230416,8.986491,-0.08659008,0.060781047,-0.1075122
IMU,248773472401483,-0.3684947,3.952943,9.193225,0.15202188,3.9230416,8.986491,-0.06704241,0.0962112,-0.08796453
IMU,248773474609660,-0.44027936,3.952943,9.23151,0.14558296,3.9198956,8.98797,-0.053603385,0.118202336,-0.07574723
IMU,248773476817837,-0.5168497,3.9577286,9.265009,0.14558296,3.9198956,8.98797,-0.04016436,0.13652828,-0.06352994
IMU,248773479026014,-0.5886344,3.9433718,9.2793665,0.14558296,3.9198956,8.98797,-0.04016436,0.13652828,-0.06352994
IMU,248773481234191,-0.66041905,3.952943,9.303294,0.13751456,3.9179566,8.988942,-0.013286309,0.17195843,-0.035430156
IMU,248773483442368,-0.7082755,3.9720855,9.317652,0.12809795,3.9173994,8.989325,0.003817905,0.18784092,-0.019547673
IMU,248773485650545,-0.74177504,3.9673,9.274581,0.12809795,3.9173994,8.989325,0.01725693,0.19394957,-0.0012217296
IMU,248773487858722,-0.7896315,3.9673,9.265009,0.118327044,3.9183633,8.989038,0.031917684,0.20005822,0.020769402
IMU,248773490066899,-0.81834537,3.9577286,9.241081,0.118327044,3.9183633,8.989038,0.04535671,0.19883649,0.043982264
IMU,248773492275077,-0.85184485,3.9768713,9.226724,0.118327044,3.9183633,8.989038,0.060017463,0.19272783,0.067195125
IMU,248773494483254,-0.8662018,3.991228,9.212367,0.109584466,3.9207287,8.988118,0.07101303,0.18051054,0.091629714
IMU,248773496691379,-0.85184485,4.0103707,9.178867,0.109584466,3.9207287,8.988118,0.084452055,0.16707152,0.11728604
IMU,248773498899556,-0.86141616,4.034299,9.178867,0.10316106,3.9243603,8.9866085,0.084452055,0.16707152,0.11728604
IMU,248773501107733,-0.83748794,4.063013,9.19801,0.10316106,3.9243603,8.9866085,0.102778,0.13164136,0.16493349
IMU,248773503315910,-0.7752745,4.101298,9.245867,0.099556215,3.9290655,8.984594,0.11499529,0.11453715,0.18570289
IMU,248773505524087,-0.7322037,4.1204405,9.250652,0.099556215,3.9290655,8.984594,0.12232567,0.0962112,0.20769402
IMU,248773507732264,-0.66999036,4.1347976,9.322437,0.099556215,3.9290655,8.984594,0.12843432,0.07910699,0.22601996
IMU,248773509940441,-0.5886344,4.1778684,9.399008,0.098802514,3.9346423,8.9821615,0.13698642,0.062002774,0.239459
IMU,248773512148618,-0.5312066,4.1874394,9.499506,0.098802514,3.9346423,8.9821615,0.14309508,0.044898562,0.2516763
IMU,248773514356795,-0.4642076,4.206582,9.643075,0.10061107,3.94093,8.979383,0.15286891,0.030237807,0.26389357
IMU,248773516564972,-0.4211368,4.197011,9.786645,0.10061107,3.94093,8.979383,0.16264275,0.02046397,0.26755878
IMU,248773518773149,-0.39720857,4.1491547,9.911072,0.10061107,3.94093,8.979383,0.16264275,0.02046397,0.26755878
IMU,248773520981327,-0.34456646,4.1204405,10.01157,0.10420338,3.9480333,8.976222,0.18829907,0.011911863,0.27366742
IMU,248773523189504,-0.31106696,4.058227,10.068997,0.10838602,3.9562492,8.972555,0.20540328,0.014355322,0.27122396
IMU,248773525397681,-0.2727818,4.0007997,10.097712,0.10838602,3.9562492,8.972555,0.22128576,0.01924224,0.2687805
IMU,248773527605858,-0.2440679,3.9338005,10.112068,0.10838602,3.9562492,8.972555,0.23838998,0.022907428,0.26511532
IMU,248773529814035,-0.2105684,3.8668015,10.150353,0.11223211,3.9659128,8.968241,0.23838998,0.022907428,0.26511532
IMU,248773532022212,-0.14356937,3.7998023,10.188639,0.11223211,3.9659128,8.968241,0.27504188,0.032681264,0.25411975
IMU,248773534230389,-0.086141616,3.7615173,10.284351,0.11545611,3.977194,8.9632015,0.29581127,0.041233372,0.24923283
IMU,248773536438566,-0.038285162,3.6993039,10.389636,0.11545611,3.977194,8.9632015,0.31902415,0.04856375,0.24556763
IMU,248773538646743,0.014356935,3.6610186,10.514063,0.11922684,4.00705,8.949844,0.42409286,0.08277218,0.23823726
IMU,248773540854920,0.0526421,3.6514473,10.614561,0.11922684,4.00705,8.949844,0.42409286,0.08277218,0.23823726
IMU,248773543063097,0.06699903,3.6370904,10.738988,0.11922684,4.00705,8.949844,0.42409286,0.08277218,0.23823726
IMU,248773545271274,0.086141616,3.6323047,10.8251295,0.11922684,4.00705,8.949844,0.46929687,0.092546016,0.23823726
IMU,248773547479452,0.11485548,3.6275191,10.887343,0.11922684,4.00705,8.949844,0.51450086,0.09987639,0.24068072
IMU,248773549687629,0.11485548,3.6466618,10.987842,0.1196566,4.027768,8.940535,0.568257,0.109650224,0.24312419
IMU,248773551895806,0.10049855,3.6610186,11.030912,0.1196566,4.027768,8.940535,0.62201303,0.110871956,0.24923283
IMU,248773554103983,0.062213387,3.7088752,11.054841,0.11974168,4.053694,8.928808,0.6843213,0.10598504,0.25656322
IMU,248773556312160,0.038285162,3.751946,11.059627,0.11974168,4.053694,8.928808,0.7502947,0.10109812,0.26511532
IMU,248773558520337,-0.009571291,3.790231,11.078769,0.120703325,4.0858693,8.914118,0.8126029,0.085215636,0.27488914
IMU,248773560728462,-0.07178468,3.8380876,11.078769,0.120703325,4.0858693,8.914118,0.879798,0.066889696,0.28344125
IMU,248773562936639,-0.15314065,3.8763726,11.045269,0.123659655,4.124754,8.896151,0.95310175,0.04612029,0.29199335
IMU,248773565144868,-0.2632105,3.8955152,11.006984,0.123659655,4.124754,8.896151,1.01541,0.02046397,0.30298892
IMU,248773567352993,-0.35413775,3.885944,10.954342,0.123659655,4.124754,8.896151,1.0850486,-0.00641408,0.31398448
IMU,248773569561170,-0.45942193,3.8811584,10.849058,0.12937541,4.1702795,8.87482,1.1473567,-0.038179047,0.32253662
IMU,248773571769347,-0.53599226,3.8380876,10.782059,0.12937541,4.1702795,8.87482,1.2121085,-0.07116575,0.33719736
IMU,248773573977524,-0.5982057,3.790231,10.695917,0.13853048,4.2221084,8.850142,1.2744167,-0.101708986,0.34819293
IMU,248773576185702,-0.63170516,3.7806597,10.566705,0.13853048,4.2221084,8.850142,1.3306162,-0.13347395,0.36163196
IMU,248773578393879,-0.64606214,3.7328033,10.451849,0.15133138,4.2796288,8.82226,1.385594,-0.160352,0.37873617
IMU,248773580602056,-0.6412765,3.6993039,10.293923,0.15133138,4.2796288,8.82226,1.4356849,-0.18600832,0.3933969
IMU,248773582810233,-0.6029913,3.6993039,10.145568,0.1675691,4.3419595,8.791456,1.4796672,-0.21166465,0.40561423
IMU,248773585018410,-0.55034924,3.6993039,9.968499,0.1675691,4.3419595,8.791456,1.5175408,-0.23732096,0.42027497
IMU,248773587226587,-0.47856453,3.7423747,9.762716,0.1675691,4.3419595,8.791456,1.552971,-0.26053384,0.43249226
IMU,248773589434764,-0.3924229,3.7758741,9.552148,0.1871637,4.407962,8.758151,1.5835142,-0.2849684,0.4422661
IMU,248773591642941,-0.30149564,3.8333018,9.312865,0.1871637,4.407962,8.758151,1.6079488,-0.309403,0.4508182
IMU,248773593851118,-0.19621146,3.8811584,9.073584,0.20999138,4.476658,8.722718,1.6238313,-0.33750278,0.45692685
IMU,248773596059295,-0.12921242,3.9481573,8.815159,0.20999138,4.476658,8.722718,1.6336051,-0.36438084,0.45937032
IMU,248773598267472,-0.019142581,4.0007997,8.547162,0.23606043,4.5466223,8.685786,1.6397138,-0.39370236,0.45937032
IMU,248773600475649,0.076570325,4.0534415,8.346166,0.23606043,4.5466223,8.685786,1.6323835,-0.42302385,0.4544834
IMU,248773602683827,0.19142582,4.125226,8.12124,0.23606043,4.5466223,8.685786,1.6226096,-0.4486802,0.4459313
IMU,248773604892004,0.31585258,4.173083,7.925029,0.2650576,4.616251,8.648142,1.6055053,-0.4743365,0.43615746
IMU,248773607100181,0.42592242,4.206582,7.728817,0.2650576,4.616251,8.648142,1.579849,-0.49754936,0.4214967
IMU,248773609308358,0.526421,4.249653,7.556534,0.2962271,4.6840215,8.610608,1.5505276,-0.51343185,0.40317076
IMU,248773611516535,0.66041905,4.287938,7.460821,0.2962271,4.6840215,8.610608,1.512654,-0.52564913,0.3836231
IMU,248773613724712,0.76570326,4.3357944,7.4177504,0.3281689,4.748493,8.5740595,1.4723369,-0.52931434,0.36285368
IMU,248773615932889,0.8327023,4.345366,7.2789664,0.3281689,4.748493,8.5740595,1.4259111,-0.52687085,0.33964083
IMU,248773618141066,0.8853444,4.3405805,7.1976104,0.35915333,4.8085628,8.539269,1.3770419,-0.5183188,0.31276277
IMU,248773620349243,0.8805587,4.278367,7.1018977,0.35915333,4.8085628,8.539269,1.322064,-0.5061015,0.28710645
IMU,248773622557420,0.79441714,4.082155,6.896115,0.35915333,4.8085628,8.539269,1.263421,-0.48899725,0.26511532
IMU,248773624765597,0.57906306,3.818945,6.719046,0.38763687,4.8631926,8.507025,1.196226,-0.47067133,0.24678937
IMU,248773626973774,0.63170516,3.9146578,6.843473,0.38763687,4.8631926,8.507025,1.1217004,-0.44623673,0.23212862
IMU,248773629181952,0.82313097,4.106084,6.977471,0.41280523,4.9109597,8.478353,1.0508401,-0.4083631,0.21868959
IMU,248773631390077,1.0624132,4.369294,7.0396843,0.41280523,4.9109597,8.478353,0.983645,-0.36926776,0.20036365
IMU,248773633598306,1.2729816,4.575077,6.9344,0.43406695,4.952206,8.453261,0.9176716,-0.33505934,0.17348559
IMU,248773635806483,1.402194,4.7138605,6.719046,0.43406695,4.952206,8.453261,0.85414165,-0.31062475,0.14172062
IMU,248773638014660,1.4787644,4.776074,6.5276203,0.43406695,4.952206,8.453261,0.85414165,-0.31062475,0.14172062
IMU,248773640222785,1.4691931,4.7808595,6.34098,0.4515283,4.987755,8.431418,0.72952527,-0.2886336,0.07086031
IMU,248773642431014,1.4213367,4.7425747,6.2548385,0.4515283,4.987755,8.431418,0.6647736,-0.29352054,0.039095346
IMU,248773644639139,1.3543376,4.6899323,6.2931237,0.46644852,5.0176334,8.412858,0.6012437,-0.29718572,0.0097738365
IMU,248773646847316,1.3064811,4.651647,6.3074803,0.46644852,5.0176334,8.412858,0.5401572,-0.30207264,-0.015882485
IMU,248773649055493,1.2729816,4.6085763,6.326623,0.48003724,5.041533,8.397792,0.48151416,-0.31062475,-0.037873615
IMU,248773651263670,1.2442678,4.6229334,6.317052,0.48003724,5.041533,8.397792,0.42409286,-0.31917685,-0.05742129
IMU,248773653471899,1.2203395,4.618148,6.302695,0.49310738,5.05991,8.385972,0.3678933,-0.33139414,-0.074525505
IMU,248773655680024,1.2011969,4.627719,6.250053,0.49310738,5.05991,8.385972,0.31291547,-0.34849834,-0.08918626
IMU,248773657888202,1.2251252,4.666004,6.216553,0.5066864,5.0731583,8.377154,0.2591594,-0.37048948,-0.10506874
IMU,248773660096379,1.2203395,4.651647,6.1208405,0.5066864,5.0731583,8.377154,0.20662501,-0.39736754,-0.12339468
IMU,248773662304556,1.1676974,4.613362,6.029913,0.5066864,5.0731583,8.377154,0.15042545,-0.42668906,-0.14172062
IMU,248773664512733,1.038485,4.584648,6.0729837,0.52169186,5.081458,8.371201,0.09300416,-0.458454,-0.15760311
IMU,248773666720910,1.0145568,4.6085763,6.192625,0.52169186,5.081458,8.371201,0.035582874,-0.4828886,-0.16982041
IMU,248773668929087,0.971486,4.6372905,6.2787666,0.5382527,5.0844083,8.368361,-0.018173227,-0.5061015,-0.18325943
IMU,248773671137264,0.9284152,4.666004,6.3744793,0.555872,5.0821586,8.368575,-0.12812889,-0.5378664,-0.20525056
IMU,248773673345441,0.9236295,4.723432,6.5515485,0.555872,5.0821586,8.368575,-0.12812889,-0.5378664,-0.20525056
IMU,248773675553618,0.8662018,4.814359,6.7525454,0.555872,5.0821586,8.368575,-0.1782198,-0.54641855,-0.21624613
IMU,248773677761795,0.89491564,4.867001,6.8817577,0.555872,5.0821586,8.368575,-0.22220206,-0.5525272,-0.2272417
IMU,248773679969972,0.83748794,4.914858,7.015756,0.5737348,5.0751677,8.371612,-0.26374087,-0.55863583,-0.23823726
IMU,248773682178149,0.7752745,4.948357,7.0875406,0.5737348,5.0751677,8.371612,-0.30527967,-0.56352276,-0.24923283
IMU,248773684386327,0.6891329,4.9722853,7.140183,0.5737348,5.0751677,8.371612,-0.34193155,-0.5720749,-0.25778493
IMU,248773686594504,0.6556334,5.0009995,7.183254,0.5914228,5.0642424,8.376996,-0.3773617,-0.57940525,-0.26389357
IMU,248773688802681,0.57427746,4.981857,7.097112,0.6091902,5.04991,8.384371,-0.41034842,-0.5879573,-0.2687805
IMU,248773691010858,0.5694918,5.0249276,7.1880393,0.6091902,5.04991,8.384371,-0.44089165,-0.594066,-0.27244568
IMU,248773693219035,0.5694918,4.991428,7.1306114,0.62739146,5.0325813,8.393443,-0.47387835,-0.6050616,-0.27488914
IMU,248773695427212,0.6125626,5.0440702,7.1449685,0.62739146,5.0325813,8.393443,-0.5056433,-0.6148354,-0.2773326
IMU,248773697635389,0.5982057,5.063213,7.097112,0.62739146,5.0325813,8.393443,-0.53863,-0.62827444,-0.27977607
IMU,248773699843566,0.4977071,5.072784,7.149754,0.6465409,5.012281,8.40413,-0.5691733,-0.64537865,-0.28344125
IMU,248773702051743,0.5168497,5.1206403,7.2646093,0.6465409,5.012281,8.40413,-0.5997165,-0.6698132,-0.28710645
IMU,248773704259920,0.64606214,5.1206403,7.245467,0.6672543,4.9890857,8.416306,-0.62903804,-0.7027999,-0.2932151
IMU,248773706468097,0.75613195,5.096712,7.298109,0.6672543,4.9890857,8.416306,-0.6546943,-0.74556047,-0.30787584
IMU,248773708676274,0.83748794,5.0536413,7.4033933,0.6911806,4.9632106,8.429662,-0.6852376,-0.79076445,-0.32498005
IMU,248773710884452,0.8135597,4.9866424,7.5900335,0.6911806,4.9632106,8.429662,-0.70967215,-0.833525,-0.34697118
IMU,248773713092629,0.93320084,4.914858,7.7910304,0.71835876,4.934613,8.444166,-0.73899364,-0.8750638,-0.3677406
IMU,248773715300806,1.0576276,4.8382874,7.905886,0.71835876,4.934613,8.444166,-0.75854135,-0.9129374,-0.3921752
IMU,248773717508983,1.2490535,4.723432,7.944171,0.71835876,4.934613,8.444166,-0.7829759,-0.95203274,-0.42027497
IMU,248773719717160,1.3878372,4.666004,8.087741,0.74836206,4.9036636,8.459575,-0.8025236,-0.99234986,-0.4508182
IMU,248773721925337,1.4739788,4.6229334,8.255239,0.74836206,4.9036636,8.459575,-0.82451475,-1.0363321,-0.48624837
IMU,248773724133514,1.6175481,4.5655055,8.331808,0.7810552,4.8707194,8.475637,-0.82451475,-1.0363321,-0.48624837
IMU,248773726341691,1.7036897,4.5320063,8.422736,0.7810552,4.8707194,8.475637,-0.8526145,-1.1279619,-0.5558869
IMU,248773728549868,1.8137596,4.4985065,8.475378,0.81666344,4.836435,8.491899,-0.8672753,-1.1780528,-0.59253883
IMU,248773730758045,1.9669002,4.5128636,8.523234,0.81666344,4.836435,8.491899,-0.87827086,-1.2281437,-0.63041246
IMU,248773732966222,2.1487548,4.4985065,8.537591,0.8555382,4.8013363,8.507973,-0.88682294,-1.2794563,-0.6707295
IMU,248773735174399,2.292324,4.5128636,8.537591,0.8555382,4.8013363,8.507973,-0.8978185,-1.3319906,-0.71226835
IMU,248773737382577,2.4215364,4.508078,8.575876,0.8555382,4.8013363,8.507973,-0.90392715,-1.3808599,-0.75502884
IMU,248773739590754,2.498107,4.5224347,8.575876,0.89768255,4.765835,8.523578,-0.9112575,-1.429729,-0.7990111
IMU,248773741798931,2.5794628,4.5559344,8.585447,0.89768255,4.765835,8.523578,-0.92103136,-1.4785982,-0.84177166
IMU,248773744007108,2.684747,4.599005,8.580662,0.94261223,4.730209,8.538559,-0.92469656,-1.5225805,-0.8845322
IMU,248773746215285,2.7708886,4.6372905,8.580662,0.94261223,4.730209,8.538559,-0.9308052,-1.5677844,-0.9248493
IMU,248773748423462,2.8139594,4.6755753,8.5423765,0.99005884,4.6946983,8.552776,-0.93813556,-1.6068798,-0.96516633
IMU,248773750631639,2.8666015,4.718646,8.52802,0.99005884,4.6946983,8.552776,-0.93813556,-1.6068798,-0.96516633
IMU,248773752839816,2.8522446,4.709075,8.5423765,1.0391941,4.659367,8.5662565,-0.94913113,-1.6740749,-1.048244
IMU,248773755047993,2.7996025,4.642076,8.5423765,1.0391941,4.659367,8.5662565,-0.95646155,-1.696066,-1.088561
IMU,248773757256170,2.6943183,4.517649,8.575876,1.0391941,4.659367,8.5662565,-0.9601267,-1.7107269,-1.1252129
IMU,248773759464347,2.5316064,4.3118663,8.575876,1.0885233,4.6240354,8.579266,-0.9637919,-1.7180572,-1.1569779
IMU,248773761672524,2.3401806,4.019942,8.480164,1.0885233,4.6240354,8.579266,-0.96623534,-1.7229441,-1.1814125
IMU,248773763880702,2.0147567,3.5844483,8.188239,1.1369872,4.5885296,8.592033,-0.97356576,-1.732718,-1.1960733
IMU,248773766088879,1.7850457,3.4600215,8.283952,1.1369872,4.5885296,8.592033,-0.9784527,-1.7461569,-1.1960733
IMU,248773768297056,1.6701902,3.5509489,8.46102,1.185613,4.552485,8.604626,-0.9808961,-1.7498221,-1.1911863
IMU,248773770505233,1.5744773,3.7471602,8.71466,1.185613,4.552485,8.604626,-0.9833396,-1.7363831,-1.1826342
IMU,248773772713410,1.5026926,3.9864426,8.896515,1.185613,4.552485,8.604626,-0.98211783,-1.7070616,-1.1765256
IMU,248773774921587,1.4739788,4.2448673,8.968299,1.233422,4.5165343,8.616843,-0.98211783,-1.7070616,-1.1765256
IMU,248773777129764,1.3495519,4.421936,9.064013,1.233422,4.5165343,8.616843,-0.96990055,-1.6190971,-1.1594213
IMU,248773779337941,1.3543376,4.5272202,8.9348,1.2777034,4.4815845,8.628631,-0.9613485,-1.5628976,-1.1484258
IMU,248773781546118,1.4644074,4.627719,8.657232,1.2777034,4.4815845,8.628631,-0.9503529,-1.5091414,-1.1313215
IMU,248773783754295,1.4261223,4.6612186,8.513663,1.3177962,4.447932,8.640006,-0.9442442,-1.4639374,-1.1166608
IMU,248773785962472,1.3495519,4.709075,8.49452,1.3177962,4.447932,8.640006,-0.93569213,-1.4114031,-1.0958914
IMU,248773788170649,1.3160524,4.7282176,8.255239,1.354134,4.415271,8.651132,-0.9259183,-1.3588687,-1.0690134
IMU,248773790378827,1.2969099,4.7712884,8.216953,1.354134,4.415271,8.651132,-0.91980964,-1.3148865,-1.0445788
IMU,248773792587004,1.3256238,4.790431,8.389236,1.354134,4.415271,8.651132,-0.9124793,-1.2599086,-1.0238093
IMU,248773794795181,1.3351951,4.733003,8.327023,1.3869567,4.3833094,8.662179,-0.8978185,-1.1951569,-1.0177007
IMU,248773797003358,1.2011969,4.6564326,8.288737,1.3869567,4.3833094,8.662179,-0.8978185,-1.1951569,-1.0177007
IMU,248773799211535,1.1916257,4.5798626,8.216953,1.4146118,4.3525147,8.673227,-0.868497,-1.0888665,-0.9944879
IMU,248773801419712,1.0576276,4.4458647,8.183454,1.4146118,4.3525147,8.673227,-0.85383624,-1.046106,-0.9663881
IMU,248773803627889,1.0049855,4.3262234,8.106883,1.4387467,4.322783,8.68412,-0.83917546,-1.0070106,-0.9285145
IMU,248773805836066,0.93320084,4.206582,8.001599,1.4614911,4.2935057,8.6948395,-0.809854,-0.9007201,-0.75991577
IMU,248773808044243,0.7369894,4.082155,8.130812,1.4614911,4.2935057,8.6948395,-0.809854,-0.9007201,-0.75991577
IMU,248773810252420,0.6125626,4.0007997,8.23131,1.4614911,4.2935057,8.6948395,-0.809854,-0.9007201,-0.75991577
IMU,248773812460597,0.41635114,3.9098723,8.398808,1.4614911,4.2935057,8.6948395,-0.8000801,-0.8506292,-0.6902772
IMU,248773814668774,0.33020952,3.8524444,8.513663,1.4614911,4.2935057,8.6948395,-0.7939715,-0.78954273,-0.61330825
IMU,248773816876952,0.3589234,3.8285162,8.585447,1.4829161,4.2637753,8.705835,-0.7854194,-0.72479105,-0.5363393
IMU,248773819085129,0.33499518,3.8093736,8.729017,1.5018786,4.2333274,8.717436,-0.7805325,-0.6551525,-0.45692685
IMU,248773821293306,0.36370903,3.8237305,8.891729,1.5018786,4.2333274,8.717436,-0.77442384,-0.5745183,-0.37751442
IMU,248773823501483,0.3684947,3.842873,9.044869,1.5173018,4.2020206,8.729903,-0.77442384,-0.5745183,-0.37751442
IMU,248773825709660,0.4354937,3.8620157,9.150154,1.5173018,4.2020206,8.729903,-0.75854135,-0.399811,-0.21991132
IMU,248773827917837,0.526421,3.9146578,9.269794,1.5278971,4.1700907,8.743355,-0.7487675,-0.3081813,-0.14294235
IMU,248773830126014,0.6556334,3.938586,9.38465,1.5278971,4.1700907,8.743355,-0.7353285,-0.21777329,-0.07208204
IMU,248773832334191,0.8422736,4.005585,9.456435,1.5278971,4.1700907,8.743355,-0.7231112,-0.13225223,-0.0036651888
IMU,248773834542368,1.0671989,4.101298,9.518648,1.5333958,4.1380725,8.757593,-0.70967215,-0.055283263,0.056199558
IMU,248773836750545,1.2729816,4.168297,9.580862,1.5333958,4.1380725,8.757593,-0.6913462,0.013133593,0.10873393
IMU,248773838958722,1.4644074,4.2448673,9.647861,1.5347737,4.1066146,8.772147,-0.67302024,0.07177661,0.15393792
IMU,248773841166899,1.5936198,4.2927237,9.710074,1.5347737,4.1066146,8.772147,-0.6534726,0.12186752,0.19058982
IMU,248773843375077,1.6941184,4.331009,9.724431,1.5347737,4.1066146,8.772147,-0.6534726,0.12186752,0.19058982
IMU,248773845583254,1.7371893,4.345366,9.74836,1.533087,4.0764337,8.786507,-0.6070469,0.18784092,0.24190246
IMU,248773847791431,1.7515461,4.359723,9.734002,1.5295614,4.0482216,8.800156,-0.58016884,0.20861033,0.25778493
IMU,248773849999608,1.7563318,4.3262234,9.71486,1.5295614,4.0482216,8.800156,-0.5545125,0.2196059,0.2687805
IMU,248773852207785,1.698904,4.2831526,9.647861,1.5295614,4.0482216,8.800156,-0.52885616,0.21838416,0.27488914
IMU,248773854415962,1.6414764,4.211368,9.595219,1.5255368,4.0223966,8.812687,-0.5007564,0.21105379,0.27855435
IMU,248773856624139,1.564906,4.1347976,9.537791,1.5255368,4.0223966,8.812687,-0.47754353,0.19883649,0.2809978
IMU,248773858832316,1.4739788,4.048656,9.485149,1.5222921,3.9989946,8.823892,-0.45310894,0.18784092,0.28221953
IMU,248773861040493,1.3926228,3.9673,9.45165,1.5222921,3.9989946,8.823892,-0.434783,0.17318016,0.28344125
IMU,248773863248670,1.3160524,3.9050865,9.4229355,1.5201516,3.977539,8.833952,-0.41645706,0.16096286,0.2858847
IMU,248773865456847,1.2873386,3.8811584,9.365508,1.5201516,3.977539,8.833952,-0.4017963,0.15241076,0.28954992
IMU,248773867665024,1.2969099,3.9194436,9.327223,1.5201516,3.977539,8.833952,-0.38835728,0.1499673,0.2932151
IMU,248773869873202,1.3447664,3.9673,9.250652,1.5188774,3.9575746,8.843133,-0.37980518,0.14752385,0.2944368
IMU,248773872081379,1.430908,4.0295134,9.19801,1.5188774,3.9575746,8.843133,-0.3724748,0.15363249,0.29077163
IMU,248773874289556,1.4979069,4.101298,9.159725,1.5176505,3.9386916,8.85177,-0.3688096,0.1621846,0.28221953
IMU,248773876497733,1.579263,4.1491547,9.078369,1.5176505,3.9386916,8.85177,-0.3639227,0.17318016,0.27122396
IMU,248773878705910,1.6797615,4.249653,8.973084,1.5152558,3.9206367,8.860191,-0.36147922,0.18661919,0.25656322
IMU,248773880914087,1.7419748,4.3501515,8.906086,1.5152558,3.9206367,8.860191,-0.3602575,0.19883649,0.23701553
IMU,248773883122264,1.8329022,4.426722,8.79123,1.5109231,3.9034069,8.868535,-0.35903576,0.2159407,0.20891576
IMU,248773885330441,1.8711873,4.4745784,8.724232,1.5109231,3.9034069,8.868535,-0.35537058,0.23426664,0.18081598
IMU,248773887538618,1.8711873,4.4985065,8.647661,1.5109231,3.9034069,8.868535,-0.35292712,0.25137085,0.15027274
IMU,248773889746795,1.8424734,4.479364,8.547162,1.503748,3.887141,8.876895,-0.3517054,0.26847506,0.1197295
IMU,248773891954972,1.7946169,4.4410787,8.41795,1.503748,3.887141,8.876895,-0.35048366,0.2819141,0.08796453
IMU,248773894163149,1.7228323,4.388437,8.303095,1.4936274,3.8716533,8.885368,-0.3480402,0.2904662,0.056199558
IMU,248773896371327,1.6319051,4.302295,8.188239,1.4936274,3.8716533,8.885368,-0.34926194,0.29290965,0.02565632
IMU,248773898579504,1.5409778,4.23051,8.082955,1.481444,3.8567376,8.89389,-0.34926194,0.2904662,0.0012217296
IMU,248773900787681,1.4548361,4.15394,8.001599,1.481444,3.8567376,8.89389,-0.35048366,0.2819141,-0.019547673
IMU,248773902995858,1.3782659,4.082155,7.9393854,1.4686737,3.8419516,8.902404,-0.35659233,0.27091852,-0.040317077
IMU,248773905204035,1.2921243,4.005585,7.881958,1.4686737,3.8419516,8.902404,-0.36270097,0.25870124,-0.056199558
IMU,248773907412212,1.2059826,3.9433718,7.867601,1.4686737,3.8419516,8.902404,-0.37125307,0.2489274,-0.06963859
IMU,248773909620389,1.1389836,3.8907297,7.8628154,1.4560939,3.8266704,8.911048,-0.38224864,0.24159703,-0.08307761
IMU,248773911828566,1.0624132,3.8380876,7.9011,1.4560939,3.8266704,8.911048,-0.39568767,0.2367101,-0.09407318
IMU,248773914036743,1.0049855,3.804588,7.972885,1.4434154,3.8103254,8.92011,-0.40790495,0.23915356,-0.10384701
IMU,248773916244920,0.9236295,3.7471602,8.039884,1.4434154,3.8103254,8.92011,-0.42378744,0.24281874,-0.11362085
IMU,248773918453097,0.8566305,3.737589,8.111669,1.4434154,3.8103254,8.92011,-0.42378744,0.24281874,-0.11362085
IMU,248773920661274,0.79441714,3.7423747,8.188239,1.4298478,3.7925246,8.929875,-0.4592176,0.25747952,-0.12828161
IMU,248773922869452,0.7178468,3.737589,8.26481,1.4298478,3.7925246,8.929875,-0.47876528,0.26847506,-0.13316852
IMU,248773925077629,0.64606214,3.7423747,8.322237,1.4150115,3.7729197,8.940537,-0.4970912,0.27458373,-0.13805544
IMU,248773927285806,0.5982057,3.7615173,8.355737,1.4150115,3.7729197,8.940537,-0.5166389,0.2770272,-0.13927718
IMU,248773929493983,0.526421,3.7806597,8.379665,1.3992195,3.751401,8.95207,-0.5166389,0.2770272,-0.13927718
IMU,248773931702160,0.47856453,3.7854455,8.413164,1.3992195,3.751401,8.95207,-0.5581777,0.26480988,-0.13316852
IMU,248773933910337,0.4546363,3.7998023,8.441878,1.3838911,3.7277527,8.964323,-0.58016884,0.24770567,-0.12828161
IMU,248773936118514,0.4354937,3.7950168,8.475378,1.3838911,3.7277527,8.964323,-0.60216,0.22204934,-0.1197295
IMU,248773938326691,0.40677986,3.7710886,8.513663,1.3709722,3.7017627,8.977069,-0.62292933,0.1915061,-0.10873393
IMU,248773940534868,0.38763726,3.7758741,8.575876,1.3709722,3.7017627,8.977069,-0.64614224,0.15607595,-0.09773836
IMU,248773942743045,0.37806597,3.7423747,8.662018,1.3709722,3.7017627,8.977069,-0.6681334,0.12186752,-0.08307761
IMU,248773944951222,0.36370903,3.7328033,8.729017,1.3618311,3.6732466,8.990165,-0.6852376,0.0876591,-0.068416856
IMU,248773947159399,0.37806597,3.723232,8.7577305,1.3618311,3.6732466,8.990165,-0.70600694,0.053450666,-0.05497783
IMU,248773949367577,0.3684947,3.67059,8.738588,1.3567278,3.6424747,9.003447,-0.7182243,0.02046397,-0.041538805
IMU,248773951575754,0.41156548,3.6514473,8.743374,1.3567278,3.6424747,9.003447,-0.7243329,-0.023518294,-0.02932151
IMU,248773953783931,0.46899325,3.6514473,8.748159,1.3561344,3.6103723,9.016457,-0.7231112,-0.07238748,-0.018325943
IMU,248773955992108,0.53599226,3.656233,8.7577305,1.3561344,3.6103723,9.016457,-0.71211565,-0.11759147,-0.008552107
IMU,248773958200285,0.6364908,3.694518,8.810373,1.3608407,3.578756,9.028344,-0.69623315,-0.16157374,0.0012217296
IMU,248773960408462,0.7322037,3.723232,9.150154,1.3608407,3.578756,9.028344,-0.67546374,-0.20677772,0.0097738365
IMU,248773962616639,0.76570326,3.7758741,10.284351,1.3608407,3.578756,9.028344,-0.6192642,-0.22876886,0.020769402
IMU,248773964824816,0.7178468,3.7854455,12.174682,1.3699591,3.5496325,9.038458,-0.47876528,-0.19578215,0.042760536
IMU,248773967032993,0.7752745,3.6227336,13.141382,1.3699591,3.5496325,9.038458,-0.20876303,-0.094378605,0.08918626
IMU,248773969241170,0.98584294,3.6275191,12.131611,1.3754472,3.5358915,9.043008,0.10033454,9.162972E-4,0.16371176
IMU,248773971449347,1.2299109,3.7806597,11.112268,1.3754472,3.5358915,9.043008,0.10033454,9.162972E-4,0.16371176
IMU,248773973657524,1.3782659,3.8285162,11.030912,1.3789347,3.5469265,9.038154,0.4411971,-0.014966187,0.29932374
IMU,248773975865702,1.4069797,3.737589,11.499906,1.3789347,3.5469265,9.038154,0.5071705,-0.014966187,0.34452772
IMU,248773978073879,1.3974084,3.5653057,11.997613,1.3789347,3.5469265,9.038154,0.5071705,-0.014966187,0.34452772
IMU,248773980282056,1.4787644,3.4504502,12.150753,1.3845754,3.5668683,9.02944,0.5829177,0.118202336,0.4263836
IMU,248773982490233,1.5361922,3.2303107,12.045469,1.3845754,3.5668683,9.02944,0.60979575,0.1951713,0.46059203
IMU,248773984698410,1.5457634,2.952743,11.882757,1.3849727,3.5891778,9.0205345,0.6232348,0.2489274,0.49113527
IMU,248773986906587,1.5361922,2.6895328,11.720045,1.3849727,3.5891778,9.0205345,0.62934345,0.27580544,0.5167916
IMU,248773989114764,1.5888343,2.4741786,11.576476,1.3819764,3.6118095,9.011956,0.62689996,0.2782489,0.5363393
IMU,248773991322941,1.7036897,2.3306093,11.46162,1.3819764,3.6118095,9.011956,0.6244565,0.26603162,0.54489136
IMU,248773993531118,1.8903298,2.3258235,11.318051,1.3819764,3.6118095,9.011956,0.6244565,0.26603162,0.54489136
IMU,248773995739295,2.1296122,2.4023938,11.241481,1.3800819,3.633687,9.0034485,0.6024654,0.2196059,0.5326741
IMU,248773997947524,2.37368,2.5459633,11.160125,1.3809116,3.6545036,8.994891,0.581696,0.19028437,0.5094612
IMU,248774000155702,2.617748,2.7326035,11.097912,1.3809116,3.6545036,8.994891,0.56092656,0.16462806,0.47403106
IMU,248774002363879,2.8187451,2.9431717,11.026127,1.3809116,3.6545036,8.994891,0.5389354,0.13652828,0.43127054
IMU,248774004572056,2.9479575,3.1489546,10.887343,1.3838416,3.6741493,8.986434,0.5242747,0.10354158,0.37995788
IMU,248774006780233,3.0053852,3.3547373,10.700703,1.3838416,3.6741493,8.986434,0.5071705,0.066889696,0.32375833
IMU,248774008988410,2.9958138,3.455236,10.451849,1.3884819,3.6934767,8.977792,0.4827359,-0.032070402,0.20158538
IMU,248774011196587,2.8905299,3.5126636,10.169497,1.3884819,3.6934767,8.977792,0.4827359,-0.032070402,0.20158538
IMU,248774013404764,2.7708886,3.5365918,9.853643,1.3956144,3.7128465,8.968691,0.46929687,-0.09193515,0.14416409
IMU,248774015612941,2.6273193,3.5030923,9.5665045,1.3956144,3.7128465,8.968691,0.44852746,-0.15546508,0.08796453
IMU,248774017821118,2.4358935,3.4791641,9.298509,1.4062797,3.7314675,8.959292,0.4253146,-0.21410811,0.037873615
IMU,248774020029295,2.2779672,3.4600215,9.044869,1.4062797,3.7314675,8.959292,0.39843655,-0.2678642,-0.0073303776
IMU,248774022237472,2.115255,3.4360933,8.810373,1.4062797,3.7314675,8.959292,0.36544985,-0.3167334,-0.046425723
IMU,248774024445649,1.9716859,3.4695928,8.585447,1.420047,3.7481513,8.950151,0.32879797,-0.35216355,-0.07941242
IMU,248774026653827,1.8376877,3.4887354,8.408379,1.420047,3.7481513,8.950151,0.28603745,-0.38515025,-0.10873393
IMU,248774028862004,1.6941184,3.5509489,8.23131,1.4356779,3.761645,8.941994,0.23838998,-0.40347618,-0.13194679
IMU,248774031070181,1.5840486,3.5940197,8.039884,1.4356779,3.761645,8.941994,0.18219042,-0.41202828,-0.14782928
IMU,248774033278358,1.4739788,3.641876,7.891529,1.4515857,3.7704818,8.9357,0.123547405,-0.41325003,-0.15515965
IMU,248774035486535,1.3782659,3.694518,7.728817,1.4515857,3.7704818,8.9357,0.060017463,-0.40591964,-0.15882485
IMU,248774037694712,1.3016955,3.737589,7.5756764,1.4515857,3.7704818,8.9357,-0.007177661,-0.39370236,-0.15760311
IMU,248774039902889,1.2251252,3.7710886,7.4273214,1.4665488,3.7733707,8.932037,-0.07315106,-0.37171122,-0.15393792
IMU,248774042111066,1.1629118,3.7710886,7.3268228,1.4665488,3.7733707,8.932037,-0.13790272,-0.34483317,-0.14538582
IMU,248774044319243,1.1102697,3.7615173,7.240681,1.479381,3.7697487,8.931451,-0.20387612,-0.3130682,-0.13072506
IMU,248774046527420,1.052842,3.7136607,7.216753,1.479381,3.7697487,8.931451,-0.26496258,-0.27030766,-0.11117739
IMU,248774048735597,0.9906286,3.641876,7.2119675,1.479381,3.7697487,8.931451,-0.31749696,-0.21899502,-0.08429934
IMU,248774050943774,0.98584294,3.574877,7.240681,1.4890672,3.7595634,8.9341345,-0.36636615,-0.16768238,-0.05131264
IMU,248774053151952,0.9810573,3.6131623,7.331609,1.4947456,3.7437866,8.939809,-0.4017963,-0.11026109,-0.014660755
IMU,248774055360129,1.038485,3.7854455,7.379465,1.4947456,3.7437866,8.939809,-0.42745262,-0.049174614,0.021991132
IMU,248774057568306,1.1102697,3.9864426,7.422536,1.4947456,3.7437866,8.939809,-0.43600473,0.009468404,0.05131264
IMU,248774059776483,1.18684,4.1587257,7.475178,1.4959918,3.7250695,8.947415,-0.43722647,0.062002774,0.07208204
IMU,248774061984660,1.253839,4.273581,7.4943204,1.4959918,3.7250695,8.947415,-0.43233955,0.1084285,0.091629714
IMU,248774064192837,1.3926228,4.2831526,7.436893,1.4931607,3.7063026,8.955678,-0.41890052,0.14508039,0.1075122
